--------- beginning of system
06-14 15:54:08.444 D/UsageStatsService( 2066): User[0] type=0 b=1781420018437 e=1781420058437 cb=1781348849473 ce=1781420044844 disk=0 all=0
06-14 15:54:08.450 D/UsageStatsService( 2066): User[0] type=0 b=1781420018446 e=1781420058446 cb=1781348849473 ce=1781420044844 disk=0 all=0
06-14 15:54:08.455 D/UsageStatsService( 2066): User[0] type=0 b=1781420018451 e=1781420058451 cb=1781348849473 ce=1781420044844 disk=0 all=0
06-14 15:54:08.460 D/UsageStatsService( 2066): User[0] type=0 b=1781420018457 e=1781420058457 cb=1781348849473 ce=1781420044844 disk=0 all=0
06-14 15:54:08.467 D/UsageStatsService( 2066): User[0] type=0 b=1781420018465 e=1781420058465 cb=1781348849473 ce=1781420044844 disk=0 all=0
06-14 15:54:08.472 D/UsageStatsService( 2066): User[0] type=0 b=1781420018470 e=1781420058470 cb=1781348849473 ce=1781420044844 disk=0 all=0
06-14 15:54:08.476 D/UsageStatsService( 2066): User[0] type=0 b=1781420018474 e=1781420058474 cb=1781348849473 ce=1781420044844 disk=0 all=0
06-14 15:54:08.481 D/UsageStatsService( 2066): User[0] type=0 b=1781420018479 e=1781420058479 cb=1781348849473 ce=1781420044844 disk=0 all=0
06-14 15:54:08.484 D/UsageStatsService( 2066): User[0] type=0 b=1781420018482 e=1781420058482 cb=1781348849473 ce=1781420044844 disk=0 all=0
06-14 15:54:08.487 D/UsageStatsService( 2066): User[0] type=0 b=1781420018485 e=1781420058485 cb=1781348849473 ce=1781420044844 disk=0 all=0
--------- beginning of main
06-14 15:54:08.489 I/vendor.qti.bluetooth@1.0-ibs_handler( 1200): ProcessIbsCmd: Received IBS_WAKE_IND: 0xFD
06-14 15:54:08.489 D/vendor.qti.bluetooth@1.0-ibs_handler( 1200): SerialClockVote: vote for UART CLK ON
06-14 15:54:08.490 D/UsageStatsService( 2066): User[0] type=0 b=1781420018488 e=1781420058488 cb=1781348849473 ce=1781420044844 disk=0 all=0
06-14 15:54:08.492 D/vendor.qti.bluetooth@1.0-wake_lock( 1200): Acquire wakelock is acquired 
06-14 15:54:08.492 I/vendor.qti.bluetooth@1.0-ibs_handler( 1200): ProcessIbsCmd: Writing IBS_WAKE_ACK
06-14 15:54:08.494 D/UsageStatsService( 2066): User[0] type=0 b=1781420018492 e=1781420058492 cb=1781348849473 ce=1781420044844 disk=0 all=0
06-14 15:54:08.495 E/adv_data_processor(17806): adv data modified, but len check fail or data invalid, stay intact
06-14 15:54:08.497 D/UsageStatsService( 2066): User[0] type=0 b=1781420018495 e=1781420058495 cb=1781348849473 ce=1781420044844 disk=0 all=0
06-14 15:54:08.500 D/UsageStatsService( 2066): User[0] type=0 b=1781420018498 e=1781420058498 cb=1781348849473 ce=1781420044844 disk=0 all=0
06-14 15:54:08.502 E/adv_data_processor(17806): adv data modified, but len check fail or data invalid, stay intact
06-14 15:54:08.503 D/UsageStatsService( 2066): User[0] type=0 b=1781420018501 e=1781420058501 cb=1781348849473 ce=1781420044844 disk=0 all=0
06-14 15:54:08.507 D/UsageStatsService( 2066): User[0] type=0 b=1781420018505 e=1781420058505 cb=1781348849473 ce=1781420044844 disk=0 all=0
06-14 15:54:08.510 D/UsageStatsService( 2066): User[0] type=0 b=1781420018508 e=1781420058508 cb=1781348849473 ce=1781420044844 disk=0 all=0
06-14 15:54:08.512 D/UsageStatsService( 2066): User[0] type=0 b=1781420018511 e=1781420058511 cb=1781348849473 ce=1781420044844 disk=0 all=0
06-14 15:54:08.515 D/UsageStatsService( 2066): User[0] type=0 b=1781420018513 e=1781420058513 cb=1781348849473 ce=1781420044844 disk=0 all=0
06-14 15:54:08.518 D/UsageStatsService( 2066): User[0] type=0 b=1781420018516 e=1781420058516 cb=1781348849473 ce=1781420044844 disk=0 all=0
06-14 15:54:08.523 D/UsageStatsService( 2066): User[0] type=0 b=1781420018521 e=1781420058521 cb=1781348849473 ce=1781420044844 disk=0 all=0
06-14 15:54:08.536 E/adv_data_processor(17806): adv data modified, but len check fail or data invalid, stay intact
06-14 15:54:08.566 E/adv_data_processor(17806): adv data modified, but len check fail or data invalid, stay intact
06-14 15:54:08.603 I/vendor.qti.bluetooth@1.0-ibs_handler( 1200): ProcessIbsCmd: Received IBS_SLEEP_IND: 0xFE
06-14 15:54:08.603 D/vendor.qti.bluetooth@1.0-ibs_handler( 1200): SerialClockVote: vote for UART CLK OFF
06-14 15:54:08.755 D/vendor.qti.bluetooth@1.0-wake_lock( 1200): Release wakelock is released 
06-14 15:54:08.785 D/OplusSmartBrightnessController( 2066): handleMessage MSG_LUX_CHANGED, mLux:486.63318 luxQueue=[486.63318, 486.63318, 486.63318, 486.63318, 486.63318, 486.63318]
06-14 15:54:08.789 D/UsageStatsService( 2066): User[0] type=0 b=1781420018786 e=1781420058786 cb=1781348849473 ce=1781420044844 disk=0 all=0
06-14 15:54:08.792 D/UsageStatsService( 2066): User[0] type=0 b=1781420018790 e=1781420058790 cb=1781348849473 ce=1781420044844 disk=0 all=0
06-14 15:54:08.796 D/UsageStatsService( 2066): User[0] type=0 b=1781420018794 e=1781420058794 cb=1781348849473 ce=1781420044844 disk=0 all=0
06-14 15:54:08.800 D/UsageStatsService( 2066): User[0] type=0 b=1781420018798 e=1781420058798 cb=1781348849473 ce=1781420044844 disk=0 all=0
06-14 15:54:08.804 D/UsageStatsService( 2066): User[0] type=0 b=1781420018802 e=1781420058802 cb=1781348849473 ce=1781420044844 disk=0 all=0
06-14 15:54:08.811 D/UsageStatsService( 2066): User[0] type=0 b=1781420018808 e=1781420058808 cb=1781348849473 ce=1781420044844 disk=0 all=0
06-14 15:54:08.819 D/UsageStatsService( 2066): User[0] type=0 b=1781420018816 e=1781420058816 cb=1781348849473 ce=1781420044844 disk=0 all=0
06-14 15:54:08.823 D/UsageStatsService( 2066): User[0] type=0 b=1781420018821 e=1781420058821 cb=1781348849473 ce=1781420044844 disk=0 all=0
06-14 15:54:08.827 D/UsageStatsService( 2066): User[0] type=0 b=1781420018824 e=1781420058824 cb=1781348849473 ce=1781420044844 disk=0 all=0
06-14 15:54:08.831 D/UsageStatsService( 2066): User[0] type=0 b=1781420018828 e=1781420058828 cb=1781348849473 ce=1781420044844 disk=0 all=0
06-14 15:54:08.835 D/UsageStatsService( 2066): User[0] type=0 b=1781420018832 e=1781420058832 cb=1781348849473 ce=1781420044844 disk=0 all=0
06-14 15:54:08.840 D/UsageStatsService( 2066): User[0] type=0 b=1781420018838 e=1781420058838 cb=1781348849473 ce=1781420044844 disk=0 all=0
06-14 15:54:08.843 D/UsageStatsService( 2066): User[0] type=0 b=1781420018841 e=1781420058841 cb=1781348849473 ce=1781420044844 disk=0 all=0
06-14 15:54:08.846 D/UsageStatsService( 2066): User[0] type=0 b=1781420018843 e=1781420058843 cb=1781348849473 ce=1781420044844 disk=0 all=0
06-14 15:54:08.848 D/UsageStatsService( 2066): User[0] type=0 b=1781420018847 e=1781420058847 cb=1781348849473 ce=1781420044844 disk=0 all=0
06-14 15:54:08.852 D/UsageStatsService( 2066): User[0] type=0 b=1781420018850 e=1781420058850 cb=1781348849473 ce=1781420044844 disk=0 all=0
06-14 15:54:08.854 D/UsageStatsService( 2066): User[0] type=0 b=1781420018852 e=1781420058852 cb=1781348849473 ce=1781420044844 disk=0 all=0
06-14 15:54:08.855 D/vendor.oplus.hardware.charger-V3-service( 1283): read content:,300,339,4275,4275,-153,500,3400,86,89,1,4,-1,5000,89,1,0,1,1,0,0,4435,0,0,0,4,0,0,0,-2740,0,1,1,0,0
06-14 15:54:08.855 D/vendor.oplus.hardware.charger-V3-service( 1283): , ret_value:101
06-14 15:54:08.856 D/vendor.oplus.hardware.charger-V3-service( 1283): gmtime: 2026-06-14-15-54-08
06-14 15:54:08.858 D/UsageStatsService( 2066): User[0] type=0 b=1781420018856 e=1781420058856 cb=1781348849473 ce=1781420044844 disk=0 all=0
06-14 15:54:08.861 D/UsageStatsService( 2066): User[0] type=0 b=1781420018859 e=1781420058859 cb=1781348849473 ce=1781420044844 disk=0 all=0
06-14 15:54:08.864 D/UsageStatsService( 2066): User[0] type=0 b=1781420018862 e=1781420058862 cb=1781348849473 ce=1781420044844 disk=0 all=0
06-14 15:54:08.869 D/UsageStatsService( 2066): User[0] type=0 b=1781420018867 e=1781420058867 cb=1781348849473 ce=1781420044844 disk=0 all=0
06-14 15:54:08.872 D/UsageStatsService( 2066): User[0] type=0 b=1781420018871 e=1781420058871 cb=1781348849473 ce=1781420044844 disk=0 all=0
06-14 15:54:09.139 D/UsageStatsService( 2066): User[0] type=0 b=1781420019136 e=1781420059136 cb=1781348849473 ce=1781420044844 disk=0 all=0
06-14 15:54:09.148 D/UsageStatsService( 2066): User[0] type=0 b=1781420019145 e=1781420059145 cb=1781348849473 ce=1781420044844 disk=0 all=0
06-14 15:54:09.154 D/UsageStatsService( 2066): User[0] type=0 b=1781420019152 e=1781420059152 cb=1781348849473 ce=1781420044844 disk=0 all=0
06-14 15:54:09.160 D/UsageStatsService( 2066): User[0] type=0 b=1781420019157 e=1781420059157 cb=1781348849473 ce=1781420044844 disk=0 all=0
06-14 15:54:09.164 D/WifiStaIfaceHidlImpl( 2066): getCachedScanData is not implemented by HIDL
06-14 15:54:09.170 D/UsageStatsService( 2066): User[0] type=0 b=1781420019166 e=1781420059166 cb=1781348849473 ce=1781420044844 disk=0 all=0
06-14 15:54:09.176 D/UsageStatsService( 2066): User[0] type=0 b=1781420019172 e=1781420059172 cb=1781348849473 ce=1781420044844 disk=0 all=0
06-14 15:54:09.179 D/UsageStatsService( 2066): User[0] type=0 b=1781420019177 e=1781420059177 cb=1781348849473 ce=1781420044844 disk=0 all=0
06-14 15:54:09.184 D/UsageStatsService( 2066): User[0] type=0 b=1781420019181 e=1781420059181 cb=1781348849473 ce=1781420044844 disk=0 all=0
06-14 15:54:09.188 D/UsageStatsService( 2066): User[0] type=0 b=1781420019184 e=1781420059185 cb=1781348849473 ce=1781420044844 disk=0 all=0
06-14 15:54:09.193 D/UsageStatsService( 2066): User[0] type=0 b=1781420019190 e=1781420059190 cb=1781348849473 ce=1781420044844 disk=0 all=0
06-14 15:54:09.196 D/UsageStatsService( 2066): User[0] type=0 b=1781420019194 e=1781420059194 cb=1781348849473 ce=1781420044844 disk=0 all=0
06-14 15:54:09.198 D/UsageStatsService( 2066): User[0] type=0 b=1781420019196 e=1781420059196 cb=1781348849473 ce=1781420044844 disk=0 all=0
06-14 15:54:09.202 D/UsageStatsService( 2066): User[0] type=0 b=1781420019200 e=1781420059200 cb=1781348849473 ce=1781420044844 disk=0 all=0
06-14 15:54:09.207 D/UsageStatsService( 2066): User[0] type=0 b=1781420019205 e=1781420059205 cb=1781348849473 ce=1781420044844 disk=0 all=0
06-14 15:54:09.211 D/UsageStatsService( 2066): User[0] type=0 b=1781420019209 e=1781420059209 cb=1781348849473 ce=1781420044844 disk=0 all=0
06-14 15:54:09.214 D/UsageStatsService( 2066): User[0] type=0 b=1781420019212 e=1781420059212 cb=1781348849473 ce=1781420044844 disk=0 all=0
06-14 15:54:09.219 D/UsageStatsService( 2066): User[0] type=0 b=1781420019216 e=1781420059216 cb=1781348849473 ce=1781420044844 disk=0 all=0
06-14 15:54:09.222 D/UsageStatsService( 2066): User[0] type=0 b=1781420019221 e=1781420059221 cb=1781348849473 ce=1781420044844 disk=0 all=0
06-14 15:54:09.490 D/UsageStatsService( 2066): User[0] type=0 b=1781420019487 e=1781420059487 cb=1781348849473 ce=1781420044844 disk=0 all=0
06-14 15:54:09.498 D/UsageStatsService( 2066): User[0] type=0 b=1781420019495 e=1781420059495 cb=1781348849473 ce=1781420044844 disk=0 all=0
06-14 15:54:09.504 D/UsageStatsService( 2066): User[0] type=0 b=1781420019502 e=1781420059502 cb=1781348849473 ce=1781420044844 disk=0 all=0
06-14 15:54:09.508 D/UsageStatsService( 2066): User[0] type=0 b=1781420019505 e=1781420059505 cb=1781348849473 ce=1781420044844 disk=0 all=0
06-14 15:54:09.518 D/UsageStatsService( 2066): User[0] type=0 b=1781420019515 e=1781420059515 cb=1781348849473 ce=1781420044844 disk=0 all=0
06-14 15:54:09.523 D/UsageStatsService( 2066): User[0] type=0 b=1781420019521 e=1781420059521 cb=1781348849473 ce=1781420044844 disk=0 all=0
06-14 15:54:09.527 D/UsageStatsService( 2066): User[0] type=0 b=1781420019525 e=1781420059525 cb=1781348849473 ce=1781420044844 disk=0 all=0
06-14 15:54:09.531 D/UsageStatsService( 2066): User[0] type=0 b=1781420019528 e=1781420059528 cb=1781348849473 ce=1781420044844 disk=0 all=0
06-14 15:54:09.534 D/UsageStatsService( 2066): User[0] type=0 b=1781420019532 e=1781420059532 cb=1781348849473 ce=1781420044844 disk=0 all=0
06-14 15:54:09.537 D/UsageStatsService( 2066): User[0] type=0 b=1781420019535 e=1781420059535 cb=1781348849473 ce=1781420044844 disk=0 all=0
06-14 15:54:09.539 D/UsageStatsService( 2066): User[0] type=0 b=1781420019537 e=1781420059537 cb=1781348849473 ce=1781420044844 disk=0 all=0
06-14 15:54:09.542 D/UsageStatsService( 2066): User[0] type=0 b=1781420019540 e=1781420059540 cb=1781348849473 ce=1781420044844 disk=0 all=0
06-14 15:54:09.545 D/UsageStatsService( 2066): User[0] type=0 b=1781420019543 e=1781420059543 cb=1781348849473 ce=1781420044844 disk=0 all=0
06-14 15:54:09.548 D/UsageStatsService( 2066): User[0] type=0 b=1781420019546 e=1781420059546 cb=1781348849473 ce=1781420044844 disk=0 all=0
06-14 15:54:09.552 D/UsageStatsService( 2066): User[0] type=0 b=1781420019550 e=1781420059550 cb=1781348849473 ce=1781420044844 disk=0 all=0
06-14 15:54:09.554 D/UsageStatsService( 2066): User[0] type=0 b=1781420019552 e=1781420059552 cb=1781348849473 ce=1781420044844 disk=0 all=0
06-14 15:54:09.558 D/UsageStatsService( 2066): User[0] type=0 b=1781420019556 e=1781420059556 cb=1781348849473 ce=1781420044844 disk=0 all=0
06-14 15:54:09.560 D/UsageStatsService( 2066): User[0] type=0 b=1781420019558 e=1781420059558 cb=1781348849473 ce=1781420044844 disk=0 all=0
06-14 15:54:09.564 D/UsageStatsService( 2066): User[0] type=0 b=1781420019562 e=1781420059562 cb=1781348849473 ce=1781420044844 disk=0 all=0
06-14 15:54:09.568 D/UsageStatsService( 2066): User[0] type=0 b=1781420019565 e=1781420059565 cb=1781348849473 ce=1781420044844 disk=0 all=0
06-14 15:54:09.572 D/UsageStatsService( 2066): User[0] type=0 b=1781420019570 e=1781420059570 cb=1781348849473 ce=1781420044844 disk=0 all=0
06-14 15:54:09.842 D/UsageStatsService( 2066): User[0] type=0 b=1781420019839 e=1781420059839 cb=1781348849473 ce=1781420044844 disk=0 all=0
06-14 15:54:09.847 D/UsageStatsService( 2066): User[0] type=0 b=1781420019845 e=1781420059845 cb=1781348849473 ce=1781420044844 disk=0 all=0
06-14 15:54:09.851 D/UsageStatsService( 2066): User[0] type=0 b=1781420019849 e=1781420059849 cb=1781348849473 ce=1781420044844 disk=0 all=0
06-14 15:54:09.855 D/UsageStatsService( 2066): User[0] type=0 b=1781420019852 e=1781420059852 cb=1781348849473 ce=1781420044844 disk=0 all=0
06-14 15:54:09.859 D/UsageStatsService( 2066): User[0] type=0 b=1781420019857 e=1781420059857 cb=1781348849473 ce=1781420044844 disk=0 all=0
06-14 15:54:09.868 D/UsageStatsService( 2066): User[0] type=0 b=1781420019866 e=1781420059866 cb=1781348849473 ce=1781420044844 disk=0 all=0
06-14 15:54:09.872 D/UsageStatsService( 2066): User[0] type=0 b=1781420019870 e=1781420059870 cb=1781348849473 ce=1781420044844 disk=0 all=0
06-14 15:54:09.876 D/UsageStatsService( 2066): User[0] type=0 b=1781420019874 e=1781420059874 cb=1781348849473 ce=1781420044844 disk=0 all=0
06-14 15:54:09.879 D/UsageStatsService( 2066): User[0] type=0 b=1781420019877 e=1781420059877 cb=1781348849473 ce=1781420044844 disk=0 all=0
06-14 15:54:09.884 D/UsageStatsService( 2066): User[0] type=0 b=1781420019882 e=1781420059882 cb=1781348849473 ce=1781420044844 disk=0 all=0
06-14 15:54:09.888 D/UsageStatsService( 2066): User[0] type=0 b=1781420019886 e=1781420059886 cb=1781348849473 ce=1781420044844 disk=0 all=0
06-14 15:54:09.892 D/UsageStatsService( 2066): User[0] type=0 b=1781420019889 e=1781420059889 cb=1781348849473 ce=1781420044844 disk=0 all=0
06-14 15:54:09.895 D/UsageStatsService( 2066): User[0] type=0 b=1781420019893 e=1781420059893 cb=1781348849473 ce=1781420044844 disk=0 all=0
06-14 15:54:09.899 D/UsageStatsService( 2066): User[0] type=0 b=1781420019897 e=1781420059897 cb=1781348849473 ce=1781420044844 disk=0 all=0
06-14 15:54:09.903 D/UsageStatsService( 2066): User[0] type=0 b=1781420019901 e=1781420059901 cb=1781348849473 ce=1781420044844 disk=0 all=0
06-14 15:54:09.907 D/UsageStatsService( 2066): User[0] type=0 b=1781420019904 e=1781420059904 cb=1781348849473 ce=1781420044844 disk=0 all=0
06-14 15:54:09.911 D/UsageStatsService( 2066): User[0] type=0 b=1781420019909 e=1781420059909 cb=1781348849473 ce=1781420044844 disk=0 all=0
06-14 15:54:09.916 D/UsageStatsService( 2066): User[0] type=0 b=1781420019912 e=1781420059912 cb=1781348849473 ce=1781420044844 disk=0 all=0
06-14 15:54:09.919 D/UsageStatsService( 2066): User[0] type=0 b=1781420019917 e=1781420059917 cb=1781348849473 ce=1781420044844 disk=0 all=0
06-14 15:54:09.922 D/UsageStatsService( 2066): User[0] type=0 b=1781420019921 e=1781420059921 cb=1781348849473 ce=1781420044844 disk=0 all=0
06-14 15:54:10.020 D/OplusSmartBrightnessController( 2066): handleMessage MSG_LUX_CHANGED, mLux:486.63318 luxQueue=[486.63318, 486.63318, 486.63318, 486.63318, 486.63318, 486.63318]
06-14 15:54:10.190 D/UsageStatsService( 2066): User[0] type=0 b=1781420020186 e=1781420060186 cb=1781348849473 ce=1781420044844 disk=0 all=0
06-14 15:54:10.197 D/UsageStatsService( 2066): User[0] type=0 b=1781420020194 e=1781420060194 cb=1781348849473 ce=1781420044844 disk=0 all=0
06-14 15:54:10.200 D/UsageStatsService( 2066): User[0] type=0 b=1781420020198 e=1781420060198 cb=1781348849473 ce=1781420044844 disk=0 all=0
06-14 15:54:10.205 D/UsageStatsService( 2066): User[0] type=0 b=1781420020202 e=1781420060202 cb=1781348849473 ce=1781420044844 disk=0 all=0
06-14 15:54:10.210 D/UsageStatsService( 2066): User[0] type=0 b=1781420020207 e=1781420060207 cb=1781348849473 ce=1781420044844 disk=0 all=0
06-14 15:54:10.217 D/UsageStatsService( 2066): User[0] type=0 b=1781420020215 e=1781420060215 cb=1781348849473 ce=1781420044844 disk=0 all=0
06-14 15:54:10.222 D/UsageStatsService( 2066): User[0] type=0 b=1781420020220 e=1781420060220 cb=1781348849473 ce=1781420044844 disk=0 all=0
06-14 15:54:10.225 D/UsageStatsService( 2066): User[0] type=0 b=1781420020224 e=1781420060224 cb=1781348849473 ce=1781420044844 disk=0 all=0
06-14 15:54:10.227 D/UsageStatsService( 2066): User[0] type=0 b=1781420020226 e=1781420060226 cb=1781348849473 ce=1781420044844 disk=0 all=0
06-14 15:54:10.229 D/UsageStatsService( 2066): User[0] type=0 b=1781420020228 e=1781420060228 cb=1781348849473 ce=1781420044844 disk=0 all=0
06-14 15:54:10.232 D/UsageStatsService( 2066): User[0] type=0 b=1781420020231 e=1781420060231 cb=1781348849473 ce=1781420044844 disk=0 all=0
06-14 15:54:10.233 D/UsageStatsService( 2066): User[0] type=0 b=1781420020232 e=1781420060232 cb=1781348849473 ce=1781420044844 disk=0 all=0
06-14 15:54:10.235 D/UsageStatsService( 2066): User[0] type=0 b=1781420020234 e=1781420060234 cb=1781348849473 ce=1781420044844 disk=0 all=0
06-14 15:54:10.236 D/UsageStatsService( 2066): User[0] type=0 b=1781420020235 e=1781420060235 cb=1781348849473 ce=1781420044844 disk=0 all=0
06-14 15:54:10.238 D/UsageStatsService( 2066): User[0] type=0 b=1781420020237 e=1781420060237 cb=1781348849473 ce=1781420044844 disk=0 all=0
06-14 15:54:10.240 D/UsageStatsService( 2066): User[0] type=0 b=1781420020239 e=1781420060239 cb=1781348849473 ce=1781420044844 disk=0 all=0
06-14 15:54:10.242 D/UsageStatsService( 2066): User[0] type=0 b=1781420020241 e=1781420060241 cb=1781348849473 ce=1781420044844 disk=0 all=0
06-14 15:54:10.244 D/UsageStatsService( 2066): User[0] type=0 b=1781420020243 e=1781420060243 cb=1781348849473 ce=1781420044844 disk=0 all=0
06-14 15:54:10.248 D/UsageStatsService( 2066): User[0] type=0 b=1781420020246 e=1781420060246 cb=1781348849473 ce=1781420044844 disk=0 all=0
06-14 15:54:10.250 D/UsageStatsService( 2066): User[0] type=0 b=1781420020248 e=1781420060248 cb=1781348849473 ce=1781420044844 disk=0 all=0
06-14 15:54:10.252 D/UsageStatsService( 2066): User[0] type=0 b=1781420020251 e=1781420060251 cb=1781348849473 ce=1781420044844 disk=0 all=0
06-14 15:54:10.256 D/UsageStatsService( 2066): User[0] type=0 b=1781420020255 e=1781420060255 cb=1781348849473 ce=1781420044844 disk=0 all=0
06-14 15:54:10.260 D/UsageStatsService( 2066): User[0] type=0 b=1781420020259 e=1781420060259 cb=1781348849473 ce=1781420044844 disk=0 all=0
06-14 15:54:10.264 D/UsageStatsService( 2066): User[0] type=0 b=1781420020262 e=1781420060262 cb=1781348849473 ce=1781420044844 disk=0 all=0
06-14 15:54:10.268 D/UsageStatsService( 2066): User[0] type=0 b=1781420020266 e=1781420060266 cb=1781348849473 ce=1781420044844 disk=0 all=0
06-14 15:54:10.271 D/UsageStatsService( 2066): User[0] type=0 b=1781420020270 e=1781420060270 cb=1781348849473 ce=1781420044844 disk=0 all=0
06-14 15:54:10.396 I/SystemUi--Statusbar( 3476): BatteryControllerExt-->handleBroadcast() : broadcast = android.intent.action.BATTERY_CHANGED, charging = true, wirelessCharging = false, wirelessChargingReverse = false, pluggedIn = true, full = false, error = false, plugged = 2, status = 2, notifyCode = 0, wirelessReverseChgType = 0, level = 89
06-14 15:54:10.396 I/SystemUi--Statusbar( 3476): BatteryRepository-->model: BatteryStateModel:(level: 89, pluggedInWireless: false, charging: true, wirelessChargingReverse: false)
06-14 15:54:10.396 W/SystemUi--Keyguard( 3476): ChargingAnimationImpl-->BatteryStatus is same as last time , return
06-14 15:54:10.396 D/SubsysBroadcastManager( 4039): onReceive action:android.intent.action.BATTERY_CHANGED
06-14 15:54:10.399 W/ActivityManager( 2066): Receiver with filter android.content.IntentFilter@41455f2 already registered for pid 2066, callerPackage is android
06-14 15:54:10.402 E/VendorNfcService( 7002): changeNfcStateByWirelessCharge: feature WIRELESS_CHARGING = true; mIsWirelessCharging: false; mIsReverseChargingSwitchOpen: false; mNfcWorkMode: 0; isOverSeaRegion() = true
06-14 15:54:10.402 D/DeviceStatisticsService(28314): onReceive: action= android.intent.action.BATTERY_CHANGED
06-14 15:54:10.406 E/Battery ( 6222): a: getAISleepDuration: predictResult is null.
06-14 15:54:10.407 E/Battery ( 6222): ChargeProtectionUtils: mCanlendarTmp.isEmpty()!
06-14 15:54:10.540 D/UsageStatsService( 2066): User[0] type=0 b=1781420020537 e=1781420060537 cb=1781348849473 ce=1781420044844 disk=0 all=0
06-14 15:54:10.547 D/UsageStatsService( 2066): User[0] type=0 b=1781420020544 e=1781420060544 cb=1781348849473 ce=1781420044844 disk=0 all=0
06-14 15:54:10.551 D/UsageStatsService( 2066): User[0] type=0 b=1781420020548 e=1781420060548 cb=1781348849473 ce=1781420044844 disk=0 all=0
06-14 15:54:10.557 D/UsageStatsService( 2066): User[0] type=0 b=1781420020554 e=1781420060554 cb=1781348849473 ce=1781420044844 disk=0 all=0
06-14 15:54:10.567 D/UsageStatsService( 2066): User[0] type=0 b=1781420020565 e=1781420060565 cb=1781348849473 ce=1781420044844 disk=0 all=0
06-14 15:54:10.572 D/UsageStatsService( 2066): User[0] type=0 b=1781420020570 e=1781420060570 cb=1781348849473 ce=1781420044844 disk=0 all=0
06-14 15:54:10.576 D/UsageStatsService( 2066): User[0] type=0 b=1781420020574 e=1781420060574 cb=1781348849473 ce=1781420044844 disk=0 all=0
06-14 15:54:10.580 D/UsageStatsService( 2066): User[0] type=0 b=1781420020578 e=1781420060578 cb=1781348849473 ce=1781420044844 disk=0 all=0
06-14 15:54:10.583 D/UsageStatsService( 2066): User[0] type=0 b=1781420020581 e=1781420060581 cb=1781348849473 ce=1781420044844 disk=0 all=0
06-14 15:54:10.586 D/UsageStatsService( 2066): User[0] type=0 b=1781420020584 e=1781420060584 cb=1781348849473 ce=1781420044844 disk=0 all=0
06-14 15:54:10.590 D/UsageStatsService( 2066): User[0] type=0 b=1781420020587 e=1781420060587 cb=1781348849473 ce=1781420044844 disk=0 all=0
06-14 15:54:10.592 D/UsageStatsService( 2066): User[0] type=0 b=1781420020590 e=1781420060590 cb=1781348849473 ce=1781420044844 disk=0 all=0
06-14 15:54:10.596 D/UsageStatsService( 2066): User[0] type=0 b=1781420020594 e=1781420060594 cb=1781348849473 ce=1781420044844 disk=0 all=0
06-14 15:54:10.600 D/UsageStatsService( 2066): User[0] type=0 b=1781420020598 e=1781420060598 cb=1781348849473 ce=1781420044844 disk=0 all=0
06-14 15:54:10.603 D/UsageStatsService( 2066): User[0] type=0 b=1781420020601 e=1781420060601 cb=1781348849473 ce=1781420044844 disk=0 all=0
06-14 15:54:10.607 D/UsageStatsService( 2066): User[0] type=0 b=1781420020605 e=1781420060605 cb=1781348849473 ce=1781420044844 disk=0 all=0
06-14 15:54:10.611 D/UsageStatsService( 2066): User[0] type=0 b=1781420020609 e=1781420060609 cb=1781348849473 ce=1781420044844 disk=0 all=0
06-14 15:54:10.614 D/UsageStatsService( 2066): User[0] type=0 b=1781420020612 e=1781420060612 cb=1781348849473 ce=1781420044844 disk=0 all=0
06-14 15:54:10.616 D/UsageStatsService( 2066): User[0] type=0 b=1781420020615 e=1781420060615 cb=1781348849473 ce=1781420044844 disk=0 all=0
06-14 15:54:10.618 D/UsageStatsService( 2066): User[0] type=0 b=1781420020616 e=1781420060616 cb=1781348849473 ce=1781420044844 disk=0 all=0
06-14 15:54:10.622 D/UsageStatsService( 2066): User[0] type=0 b=1781420020620 e=1781420060620 cb=1781348849473 ce=1781420044844 disk=0 all=0
06-14 15:54:10.889 D/UsageStatsService( 2066): User[0] type=0 b=1781420020886 e=1781420060886 cb=1781348849473 ce=1781420044844 disk=0 all=0
06-14 15:54:10.896 D/UsageStatsService( 2066): User[0] type=0 b=1781420020894 e=1781420060894 cb=1781348849473 ce=1781420044844 disk=0 all=0
06-14 15:54:10.900 D/UsageStatsService( 2066): User[0] type=0 b=1781420020899 e=1781420060899 cb=1781348849473 ce=1781420044844 disk=0 all=0
06-14 15:54:10.902 D/UsageStatsService( 2066): User[0] type=0 b=1781420020901 e=1781420060901 cb=1781348849473 ce=1781420044844 disk=0 all=0
06-14 15:54:10.905 D/UsageStatsService( 2066): User[0] type=0 b=1781420020904 e=1781420060904 cb=1781348849473 ce=1781420044844 disk=0 all=0
06-14 15:54:10.908 D/UsageStatsService( 2066): User[0] type=0 b=1781420020907 e=1781420060907 cb=1781348849473 ce=1781420044844 disk=0 all=0
06-14 15:54:10.911 I/OplusHansManager ( 2066): unfreeze uid: 10370 com.facebook.orca pids: [5961] reason: AsyncBinder scene: LcdOn
06-14 15:54:10.912 I/OplusHansManager ( 2066): uid=10370, pkg=com.facebook.orca F exit(), F stay=4, reason=AsyncBinder
06-14 15:54:10.915 I/OplusHansManager ( 2066): unfreeze uid: 10524 com.ss.android.ugc.tiktok.lite pids: [9983] reason: AsyncBinder scene: LcdOn
06-14 15:54:10.916 I/OplusHansManager ( 2066): uid=10524, pkg=com.ss.android.ugc.tiktok.lite F exit(), F stay=4, reason=AsyncBinder
06-14 15:54:10.916 D/UsageStatsService( 2066): User[0] type=0 b=1781420020915 e=1781420060915 cb=1781348849473 ce=1781420044844 disk=0 all=0
06-14 15:54:10.917 I/OplusHansManager ( 2066): unfreeze uid: 10487 com.instagram.barcelona pids: [10411] reason: AsyncBinder scene: LcdOn
06-14 15:54:10.918 I/OplusHansManager ( 2066): uid=10487, pkg=com.instagram.barcelona F exit(), F stay=4, reason=AsyncBinder
06-14 15:54:10.922 D/UsageStatsService( 2066): User[0] type=0 b=1781420020921 e=1781420060921 cb=1781348849473 ce=1781420044844 disk=0 all=0
06-14 15:54:10.926 D/UsageStatsService( 2066): User[0] type=0 b=1781420020924 e=1781420060924 cb=1781348849473 ce=1781420044844 disk=0 all=0
06-14 15:54:10.927 D/UsageStatsService( 2066): User[0] type=0 b=1781420020926 e=1781420060926 cb=1781348849473 ce=1781420044844 disk=0 all=0
06-14 15:54:10.929 D/UsageStatsService( 2066): User[0] type=0 b=1781420020928 e=1781420060928 cb=1781348849473 ce=1781420044844 disk=0 all=0
06-14 15:54:10.933 D/UsageStatsService( 2066): User[0] type=0 b=1781420020932 e=1781420060932 cb=1781348849473 ce=1781420044844 disk=0 all=0
06-14 15:54:10.935 D/UsageStatsService( 2066): User[0] type=0 b=1781420020934 e=1781420060934 cb=1781348849473 ce=1781420044844 disk=0 all=0
06-14 15:54:10.937 D/UsageStatsService( 2066): User[0] type=0 b=1781420020936 e=1781420060936 cb=1781348849473 ce=1781420044844 disk=0 all=0
06-14 15:54:10.939 D/UsageStatsService( 2066): User[0] type=0 b=1781420020937 e=1781420060937 cb=1781348849473 ce=1781420044844 disk=0 all=0
06-14 15:54:10.940 D/UsageStatsService( 2066): User[0] type=0 b=1781420020939 e=1781420060939 cb=1781348849473 ce=1781420044844 disk=0 all=0
06-14 15:54:10.942 D/UsageStatsService( 2066): User[0] type=0 b=1781420020941 e=1781420060941 cb=1781348849473 ce=1781420044844 disk=0 all=0
06-14 15:54:10.944 D/UsageStatsService( 2066): User[0] type=0 b=1781420020943 e=1781420060943 cb=1781348849473 ce=1781420044844 disk=0 all=0
06-14 15:54:10.948 D/UsageStatsService( 2066): User[0] type=0 b=1781420020946 e=1781420060946 cb=1781348849473 ce=1781420044844 disk=0 all=0
06-14 15:54:10.953 D/UsageStatsService( 2066): User[0] type=0 b=1781420020950 e=1781420060950 cb=1781348849473 ce=1781420044844 disk=0 all=0
06-14 15:54:10.955 D/UsageStatsService( 2066): User[0] type=0 b=1781420020954 e=1781420060954 cb=1781348849473 ce=1781420044844 disk=0 all=0
06-14 15:54:10.957 D/UsageStatsService( 2066): User[0] type=0 b=1781420020956 e=1781420060956 cb=1781348849473 ce=1781420044844 disk=0 all=0
06-14 15:54:10.960 D/UsageStatsService( 2066): User[0] type=0 b=1781420020958 e=1781420060958 cb=1781348849473 ce=1781420044844 disk=0 all=0
06-14 15:54:10.962 D/UsageStatsService( 2066): User[0] type=0 b=1781420020961 e=1781420060961 cb=1781348849473 ce=1781420044844 disk=0 all=0
06-14 15:54:10.964 D/UsageStatsService( 2066): User[0] type=0 b=1781420020963 e=1781420060963 cb=1781348849473 ce=1781420044844 disk=0 all=0
06-14 15:54:10.965 D/UsageStatsService( 2066): User[0] type=0 b=1781420020964 e=1781420060964 cb=1781348849473 ce=1781420044844 disk=0 all=0
06-14 15:54:10.968 D/UsageStatsService( 2066): User[0] type=0 b=1781420020966 e=1781420060966 cb=1781348849473 ce=1781420044844 disk=0 all=0
06-14 15:54:10.972 D/UsageStatsService( 2066): User[0] type=0 b=1781420020971 e=1781420060971 cb=1781348849473 ce=1781420044844 disk=0 all=0
06-14 15:54:10.975 W/System.err( 9983): FlagsHookHelper: skip hook flags method getInstanceHook
06-14 15:54:10.987 W/NaviWarn( 9983): StackPtr is not 8-byte aligned.
06-14 15:54:10.992 I/agram.barcelona(10411): JIT allocated 65KB for compiled code of java.lang.Class com.facebook.hyperthrift.reflect.GeneratedHyperThriftClassLookup.A00(java.lang.String)
06-14 15:54:11.193 D/WifiStaIfaceHidlImpl( 2066): getCachedScanData is not implemented by HIDL
06-14 15:54:11.239 D/UsageStatsService( 2066): User[0] type=0 b=1781420021237 e=1781420061237 cb=1781348849473 ce=1781420044844 disk=0 all=0
06-14 15:54:11.243 D/UsageStatsService( 2066): User[0] type=0 b=1781420021240 e=1781420061240 cb=1781348849473 ce=1781420044844 disk=0 all=0
06-14 15:54:11.247 D/UsageStatsService( 2066): User[0] type=0 b=1781420021245 e=1781420061245 cb=1781348849473 ce=1781420044844 disk=0 all=0
06-14 15:54:11.251 D/UsageStatsService( 2066): User[0] type=0 b=1781420021248 e=1781420061248 cb=1781348849473 ce=1781420044844 disk=0 all=0
06-14 15:54:11.256 D/UsageStatsService( 2066): User[0] type=0 b=1781420021253 e=1781420061253 cb=1781348849473 ce=1781420044844 disk=0 all=0
06-14 15:54:11.256 D/OplusSmartBrightnessController( 2066): handleMessage MSG_LUX_CHANGED, mLux:486.63318 luxQueue=[486.63318, 486.63318, 486.63318, 486.63318, 486.63318, 486.63318]
06-14 15:54:11.260 D/UsageStatsService( 2066): User[0] type=0 b=1781420021257 e=1781420061257 cb=1781348849473 ce=1781420044844 disk=0 all=0
06-14 15:54:11.267 D/UsageStatsService( 2066): User[0] type=0 b=1781420021265 e=1781420061265 cb=1781348849473 ce=1781420044844 disk=0 all=0
06-14 15:54:11.273 D/UsageStatsService( 2066): User[0] type=0 b=1781420021270 e=1781420061270 cb=1781348849473 ce=1781420044844 disk=0 all=0
06-14 15:54:11.276 D/UsageStatsService( 2066): User[0] type=0 b=1781420021274 e=1781420061274 cb=1781348849473 ce=1781420044844 disk=0 all=0
06-14 15:54:11.280 D/UsageStatsService( 2066): User[0] type=0 b=1781420021278 e=1781420061278 cb=1781348849473 ce=1781420044844 disk=0 all=0
06-14 15:54:11.284 D/UsageStatsService( 2066): User[0] type=0 b=1781420021282 e=1781420061282 cb=1781348849473 ce=1781420044844 disk=0 all=0
06-14 15:54:11.288 D/UsageStatsService( 2066): User[0] type=0 b=1781420021285 e=1781420061285 cb=1781348849473 ce=1781420044844 disk=0 all=0
06-14 15:54:11.291 D/UsageStatsService( 2066): User[0] type=0 b=1781420021289 e=1781420061289 cb=1781348849473 ce=1781420044844 disk=0 all=0
06-14 15:54:11.295 D/UsageStatsService( 2066): User[0] type=0 b=1781420021292 e=1781420061292 cb=1781348849473 ce=1781420044844 disk=0 all=0
06-14 15:54:11.299 D/UsageStatsService( 2066): User[0] type=0 b=1781420021297 e=1781420061297 cb=1781348849473 ce=1781420044844 disk=0 all=0
06-14 15:54:11.303 D/UsageStatsService( 2066): User[0] type=0 b=1781420021301 e=1781420061301 cb=1781348849473 ce=1781420044844 disk=0 all=0
06-14 15:54:11.306 D/UsageStatsService( 2066): User[0] type=0 b=1781420021304 e=1781420061304 cb=1781348849473 ce=1781420044844 disk=0 all=0
06-14 15:54:11.309 D/UsageStatsService( 2066): User[0] type=0 b=1781420021307 e=1781420061307 cb=1781348849473 ce=1781420044844 disk=0 all=0
06-14 15:54:11.312 D/UsageStatsService( 2066): User[0] type=0 b=1781420021310 e=1781420061310 cb=1781348849473 ce=1781420044844 disk=0 all=0
06-14 15:54:11.315 D/UsageStatsService( 2066): User[0] type=0 b=1781420021313 e=1781420061313 cb=1781348849473 ce=1781420044844 disk=0 all=0
06-14 15:54:11.319 D/UsageStatsService( 2066): User[0] type=0 b=1781420021316 e=1781420061316 cb=1781348849473 ce=1781420044844 disk=0 all=0
06-14 15:54:11.322 D/UsageStatsService( 2066): User[0] type=0 b=1781420021321 e=1781420061321 cb=1781348849473 ce=1781420044844 disk=0 all=0
06-14 15:54:11.324 I/vendor.qti.bluetooth@1.0-ibs_handler( 1200): ProcessIbsCmd: Received IBS_WAKE_IND: 0xFD
06-14 15:54:11.325 D/vendor.qti.bluetooth@1.0-ibs_handler( 1200): SerialClockVote: vote for UART CLK ON
06-14 15:54:11.327 D/vendor.qti.bluetooth@1.0-wake_lock( 1200): Acquire wakelock is acquired 
06-14 15:54:11.327 I/vendor.qti.bluetooth@1.0-ibs_handler( 1200): ProcessIbsCmd: Writing IBS_WAKE_ACK
06-14 15:54:11.331 E/adv_data_processor(17806): adv data modified, but len check fail or data invalid, stay intact
06-14 15:54:11.339 E/adv_data_processor(17806): adv data modified, but len check fail or data invalid, stay intact
06-14 15:54:11.379 I/vendor.qti.bluetooth@1.0-ibs_handler( 1200): ProcessIbsCmd: Received IBS_SLEEP_IND: 0xFE
06-14 15:54:11.379 D/vendor.qti.bluetooth@1.0-ibs_handler( 1200): SerialClockVote: vote for UART CLK OFF
06-14 15:54:11.387 I/vendor.qti.bluetooth@1.0-ibs_handler( 1200): ProcessIbsCmd: Received IBS_WAKE_IND: 0xFD
06-14 15:54:11.387 D/vendor.qti.bluetooth@1.0-ibs_handler( 1200): SerialClockVote: vote for UART CLK ON
06-14 15:54:11.387 I/vendor.qti.bluetooth@1.0-ibs_handler( 1200): ProcessIbsCmd: Writing IBS_WAKE_ACK
06-14 15:54:11.403 E/adv_data_processor(17806): adv data modified, but len check fail or data invalid, stay intact
06-14 15:54:11.433 D/BoundBrokerSvc(27202): onUnbind: Intent { act=com.google.android.gms.auth.aang.events.services.START dat=chimera-action:/... cmp=com.google.android.gms/.chimera.PersistentApiService mCallingUid=10100 }
06-14 15:54:11.438 I/vendor.qti.bluetooth@1.0-ibs_handler( 1200): ProcessIbsCmd: Received IBS_SLEEP_IND: 0xFE
06-14 15:54:11.438 D/vendor.qti.bluetooth@1.0-ibs_handler( 1200): SerialClockVote: vote for UART CLK OFF
06-14 15:54:11.589 D/vendor.qti.bluetooth@1.0-wake_lock( 1200): Release wakelock is released 
06-14 15:54:11.592 D/UsageStatsService( 2066): User[0] type=0 b=1781420021589 e=1781420061589 cb=1781348849473 ce=1781420051446 disk=0 all=0
06-14 15:54:11.596 D/UsageStatsService( 2066): User[0] type=0 b=1781420021594 e=1781420061594 cb=1781348849473 ce=1781420051446 disk=0 all=0
06-14 15:54:11.601 D/UsageStatsService( 2066): User[0] type=0 b=1781420021598 e=1781420061598 cb=1781348849473 ce=1781420051446 disk=0 all=0
06-14 15:54:11.604 D/UsageStatsService( 2066): User[0] type=0 b=1781420021602 e=1781420061602 cb=1781348849473 ce=1781420051446 disk=0 all=0
06-14 15:54:11.610 D/UsageStatsService( 2066): User[0] type=0 b=1781420021607 e=1781420061607 cb=1781348849473 ce=1781420051446 disk=0 all=0
06-14 15:54:11.618 D/UsageStatsService( 2066): User[0] type=0 b=1781420021615 e=1781420061615 cb=1781348849473 ce=1781420051446 disk=0 all=0
06-14 15:54:11.622 D/UsageStatsService( 2066): User[0] type=0 b=1781420021620 e=1781420061620 cb=1781348849473 ce=1781420051446 disk=0 all=0
06-14 15:54:11.628 D/UsageStatsService( 2066): User[0] type=0 b=1781420021625 e=1781420061625 cb=1781348849473 ce=1781420051446 disk=0 all=0
06-14 15:54:11.631 D/UsageStatsService( 2066): User[0] type=0 b=1781420021629 e=1781420061629 cb=1781348849473 ce=1781420051446 disk=0 all=0
06-14 15:54:11.635 D/UsageStatsService( 2066): User[0] type=0 b=1781420021633 e=1781420061633 cb=1781348849473 ce=1781420051446 disk=0 all=0
06-14 15:54:11.638 D/UsageStatsService( 2066): User[0] type=0 b=1781420021636 e=1781420061636 cb=1781348849473 ce=1781420051446 disk=0 all=0
06-14 15:54:11.641 D/UsageStatsService( 2066): User[0] type=0 b=1781420021639 e=1781420061639 cb=1781348849473 ce=1781420051446 disk=0 all=0
06-14 15:54:11.645 D/UsageStatsService( 2066): User[0] type=0 b=1781420021642 e=1781420061642 cb=1781348849473 ce=1781420051446 disk=0 all=0
06-14 15:54:11.650 D/UsageStatsService( 2066): User[0] type=0 b=1781420021647 e=1781420061647 cb=1781348849473 ce=1781420051446 disk=0 all=0
06-14 15:54:11.652 D/UsageStatsService( 2066): User[0] type=0 b=1781420021651 e=1781420061651 cb=1781348849473 ce=1781420051446 disk=0 all=0
06-14 15:54:11.656 D/UsageStatsService( 2066): User[0] type=0 b=1781420021654 e=1781420061654 cb=1781348849473 ce=1781420051446 disk=0 all=0
06-14 15:54:11.658 D/UsageStatsService( 2066): User[0] type=0 b=1781420021657 e=1781420061657 cb=1781348849473 ce=1781420051446 disk=0 all=0
06-14 15:54:11.661 D/UsageStatsService( 2066): User[0] type=0 b=1781420021659 e=1781420061659 cb=1781348849473 ce=1781420051446 disk=0 all=0
06-14 15:54:11.665 D/UsageStatsService( 2066): User[0] type=0 b=1781420021663 e=1781420061663 cb=1781348849473 ce=1781420051446 disk=0 all=0
06-14 15:54:11.672 D/UsageStatsService( 2066): User[0] type=0 b=1781420021670 e=1781420061670 cb=1781348849473 ce=1781420051446 disk=0 all=0
06-14 15:54:11.940 D/UsageStatsService( 2066): User[0] type=0 b=1781420021937 e=1781420061937 cb=1781348849473 ce=1781420051446 disk=0 all=0
06-14 15:54:11.947 D/UsageStatsService( 2066): User[0] type=0 b=1781420021945 e=1781420061945 cb=1781348849473 ce=1781420051446 disk=0 all=0
06-14 15:54:11.951 D/UsageStatsService( 2066): User[0] type=0 b=1781420021948 e=1781420061948 cb=1781348849473 ce=1781420051446 disk=0 all=0
06-14 15:54:11.955 D/UsageStatsService( 2066): User[0] type=0 b=1781420021952 e=1781420061952 cb=1781348849473 ce=1781420051446 disk=0 all=0
06-14 15:54:11.959 D/UsageStatsService( 2066): User[0] type=0 b=1781420021957 e=1781420061957 cb=1781348849473 ce=1781420051446 disk=0 all=0
06-14 15:54:11.969 D/UsageStatsService( 2066): User[0] type=0 b=1781420021967 e=1781420061967 cb=1781348849473 ce=1781420051446 disk=0 all=0
06-14 15:54:11.975 D/UsageStatsService( 2066): User[0] type=0 b=1781420021972 e=1781420061972 cb=1781348849473 ce=1781420051446 disk=0 all=0
06-14 15:54:11.978 D/UsageStatsService( 2066): User[0] type=0 b=1781420021976 e=1781420061976 cb=1781348849473 ce=1781420051446 disk=0 all=0
06-14 15:54:11.984 D/UsageStatsService( 2066): User[0] type=0 b=1781420021981 e=1781420061981 cb=1781348849473 ce=1781420051446 disk=0 all=0
06-14 15:54:11.987 D/UsageStatsService( 2066): User[0] type=0 b=1781420021984 e=1781420061984 cb=1781348849473 ce=1781420051446 disk=0 all=0
06-14 15:54:11.991 D/UsageStatsService( 2066): User[0] type=0 b=1781420021988 e=1781420061988 cb=1781348849473 ce=1781420051446 disk=0 all=0
06-14 15:54:11.995 D/UsageStatsService( 2066): User[0] type=0 b=1781420021992 e=1781420061992 cb=1781348849473 ce=1781420051446 disk=0 all=0
06-14 15:54:11.999 D/UsageStatsService( 2066): User[0] type=0 b=1781420021997 e=1781420061997 cb=1781348849473 ce=1781420051446 disk=0 all=0
06-14 15:54:12.002 D/UsageStatsService( 2066): User[0] type=0 b=1781420022000 e=1781420062000 cb=1781348849473 ce=1781420051446 disk=0 all=0
06-14 15:54:12.006 D/UsageStatsService( 2066): User[0] type=0 b=1781420022004 e=1781420062004 cb=1781348849473 ce=1781420051446 disk=0 all=0
06-14 15:54:12.011 D/UsageStatsService( 2066): User[0] type=0 b=1781420022008 e=1781420062008 cb=1781348849473 ce=1781420051446 disk=0 all=0
06-14 15:54:12.015 D/UsageStatsService( 2066): User[0] type=0 b=1781420022013 e=1781420062013 cb=1781348849473 ce=1781420051446 disk=0 all=0
06-14 15:54:12.019 D/UsageStatsService( 2066): User[0] type=0 b=1781420022016 e=1781420062016 cb=1781348849473 ce=1781420051446 disk=0 all=0
06-14 15:54:12.023 D/UsageStatsService( 2066): User[0] type=0 b=1781420022020 e=1781420062020 cb=1781348849473 ce=1781420051446 disk=0 all=0
06-14 15:54:12.116 D/ScreenStatusProducer(12384): Current queue status: isIdle = true, isPolling = true
06-14 15:54:12.138 I/TimeTracker_7342_9245( 7342): trackProcessAlive() called duration 1851, miill 1781420052138, start 1781308967427
06-14 15:54:12.290 D/UsageStatsService( 2066): User[0] type=0 b=1781420022287 e=1781420062287 cb=1781348849473 ce=1781420051446 disk=0 all=0
06-14 15:54:12.297 D/UsageStatsService( 2066): User[0] type=0 b=1781420022294 e=1781420062294 cb=1781348849473 ce=1781420051446 disk=0 all=0
06-14 15:54:12.302 D/UsageStatsService( 2066): User[0] type=0 b=1781420022299 e=1781420062299 cb=1781348849473 ce=1781420051446 disk=0 all=0
06-14 15:54:12.306 D/UsageStatsService( 2066): User[0] type=0 b=1781420022304 e=1781420062304 cb=1781348849473 ce=1781420051446 disk=0 all=0
06-14 15:54:12.310 D/UsageStatsService( 2066): User[0] type=0 b=1781420022307 e=1781420062307 cb=1781348849473 ce=1781420051446 disk=0 all=0
06-14 15:54:12.318 D/UsageStatsService( 2066): User[0] type=0 b=1781420022316 e=1781420062316 cb=1781348849473 ce=1781420051446 disk=0 all=0
06-14 15:54:12.323 D/UsageStatsService( 2066): User[0] type=0 b=1781420022321 e=1781420062321 cb=1781348849473 ce=1781420051446 disk=0 all=0
06-14 15:54:12.327 D/UsageStatsService( 2066): User[0] type=0 b=1781420022325 e=1781420062325 cb=1781348849473 ce=1781420051446 disk=0 all=0
06-14 15:54:12.330 D/UsageStatsService( 2066): User[0] type=0 b=1781420022328 e=1781420062328 cb=1781348849473 ce=1781420051446 disk=0 all=0
06-14 15:54:12.334 D/UsageStatsService( 2066): User[0] type=0 b=1781420022332 e=1781420062332 cb=1781348849473 ce=1781420051446 disk=0 all=0
06-14 15:54:12.339 D/UsageStatsService( 2066): User[0] type=0 b=1781420022336 e=1781420062336 cb=1781348849473 ce=1781420051446 disk=0 all=0
06-14 15:54:12.342 D/UsageStatsService( 2066): User[0] type=0 b=1781420022340 e=1781420062340 cb=1781348849473 ce=1781420051446 disk=0 all=0
06-14 15:54:12.345 D/UsageStatsService( 2066): User[0] type=0 b=1781420022343 e=1781420062343 cb=1781348849473 ce=1781420051446 disk=0 all=0
06-14 15:54:12.348 D/UsageStatsService( 2066): User[0] type=0 b=1781420022346 e=1781420062346 cb=1781348849473 ce=1781420051446 disk=0 all=0
06-14 15:54:12.352 D/UsageStatsService( 2066): User[0] type=0 b=1781420022350 e=1781420062350 cb=1781348849473 ce=1781420051446 disk=0 all=0
06-14 15:54:12.356 D/UsageStatsService( 2066): User[0] type=0 b=1781420022354 e=1781420062354 cb=1781348849473 ce=1781420051446 disk=0 all=0
06-14 15:54:12.358 D/UsageStatsService( 2066): User[0] type=0 b=1781420022356 e=1781420062356 cb=1781348849473 ce=1781420051446 disk=0 all=0
06-14 15:54:12.361 D/UsageStatsService( 2066): User[0] type=0 b=1781420022359 e=1781420062359 cb=1781348849473 ce=1781420051446 disk=0 all=0
06-14 15:54:12.364 D/UsageStatsService( 2066): User[0] type=0 b=1781420022363 e=1781420062363 cb=1781348849473 ce=1781420051446 disk=0 all=0
06-14 15:54:12.368 D/UsageStatsService( 2066): User[0] type=0 b=1781420022367 e=1781420062367 cb=1781348849473 ce=1781420051446 disk=0 all=0
06-14 15:54:12.372 D/UsageStatsService( 2066): User[0] type=0 b=1781420022370 e=1781420062370 cb=1781348849473 ce=1781420051446 disk=0 all=0
06-14 15:54:12.420 I/OplusHansManager ( 2066): uid=10370, pkg=com.facebook.orca can not transition from M to F. reason: AsyncBinder
06-14 15:54:12.428 I/OplusHansManager ( 2066): uid=10524, pkg=com.ss.android.ugc.tiktok.lite can not transition from M to F. reason: AsyncBinder
06-14 15:54:12.430 D/BoundBrokerSvc(27202): onUnbind: Intent { act=com.google.android.gms.libs.gmscorelogger.service.START dat=chimera-action:/... cmp=com.google.android.gms/.chimera.PersistentDirectBootAwareApiService mCallingUid=10100 }
06-14 15:54:12.432 I/OplusHansManager ( 2066): uid=10487, pkg=com.instagram.barcelona can not transition from M to F. reason: AsyncBinder
06-14 15:54:12.435 W/ProcessStats( 2066): Tracking association SourceState{74315be com.google.android.googlequicksearchbox:googleapp/10104 BTop #1019710} whose proc state 2 is better than process ProcessState{d764eb6 com.google.android.gms/10100 pkg=com.google.android.gms} proc state 3 (19 skipped)
06-14 15:54:12.600 I/OplusHansManager ( 2066): uid=10294, pkg=com.adamrocker.android.input.simeji cannot transition from R to M, importance=input
06-14 15:54:12.605 I/vendor.qti.bluetooth@1.0-ibs_handler( 1200): ProcessIbsCmd: Received IBS_WAKE_IND: 0xFD
06-14 15:54:12.605 D/vendor.qti.bluetooth@1.0-ibs_handler( 1200): SerialClockVote: vote for UART CLK ON
06-14 15:54:12.607 D/vendor.qti.bluetooth@1.0-wake_lock( 1200): Acquire wakelock is acquired 
06-14 15:54:12.607 I/vendor.qti.bluetooth@1.0-ibs_handler( 1200): ProcessIbsCmd: Writing IBS_WAKE_ACK
06-14 15:54:12.610 I/bt_stack(17806): [INFO:btm_devctl.cc(1308)] BTM_BT_Quality_Report_VSE_CBack: BQR sub event, report length: 55
06-14 15:54:12.610 I/bt_btif_vendor(17806): btif_vendor_bqr_delivery_event: len: 55, addr: 08:16:d5:a4:f9:3e, lmp_ver: 13, manufacturer_id: 688, lmp_subver: 789
06-14 15:54:12.611 I/BluetoothVendorJni(17806): bqr_delivery_callback
06-14 15:54:12.619 I/BluetoothVendorService(17806): BQR: {
06-14 15:54:12.619 I/BluetoothVendorService(17806):   mAddr: 08:16:D5:A4:F9:3E, mLmpVer: 0x0D, mLmpSubVer: 0x0315, mManufacturerId: 0x02B0, mName: Xiaomi Smart Band 9 F93E, mBluetoothClass: 1f00,
06-14 15:54:12.619 I/BluetoothVendorService(17806):   BqrCommon: {
06-14 15:54:12.619 I/BluetoothVendorService(17806):     mQualityReportId: Quality monitor(0x01), mPacketType: TYPE_NULL(0x02), mConnectionHandle: 0x0003, mConnectionRole: 0(0), mTxPowerLevel: 9, mRssi: -52, mSnr: 0, mUnusedAfhChannelCount: 21,
06-14 15:54:12.619 I/BluetoothVendorService(17806):     mAfhSelectUnidealChannelCount: 0, mLsto: 8000, mPiconetClock: 0x0914AA9E, mRetransmissionCount: 0, mNoRxCount: 0, mNakCount: 0, mLastTxAckTimestamp: 0x00000000, mFlowOffCount: 0,
06-14 15:54:12.619 I/BluetoothVendorService(17806):     mLastFlowOnTimestamp: 0x0FFFFFEE, mOverflowCount: 0, mUnderflowCount: 0, mAddr: 08:16:D5:A4:F9:3E, mCalFailedItemCount: 0
06-14 15:54:12.619 I/BluetoothVendorService(17806):   }
06-14 15:54:12.619 I/BluetoothVendorService(17806): }
06-14 15:54:12.620 D/OplusBluetoothQoSManager(17806): received bqr xx 
06-14 15:54:12.620 I/oplus_bt_dual_sync(17806): stack_down_sync_action: type=18, len=17
06-14 15:54:12.620 I/oplus_bt_qos_monitor(17806): get_oplus_qos_data getting qos data
06-14 15:54:12.622 I/OplusHansManager ( 2066): uid=10310, pkg=jp.co.yahoo.android.weather.type1 cannot transition from R to M, importance=widget
06-14 15:54:12.640 D/UsageStatsService( 2066): User[0] type=0 b=1781420022636 e=1781420062636 cb=1781348849473 ce=1781420052440 disk=0 all=0
06-14 15:54:12.647 D/UsageStatsService( 2066): User[0] type=0 b=1781420022644 e=1781420062644 cb=1781348849473 ce=1781420052440 disk=0 all=0
06-14 15:54:12.649 I/vendor.qti.bluetooth@1.0-ibs_handler( 1200): ProcessIbsCmd: Received IBS_SLEEP_IND: 0xFE
06-14 15:54:12.650 D/vendor.qti.bluetooth@1.0-ibs_handler( 1200): SerialClockVote: vote for UART CLK OFF
06-14 15:54:12.651 D/UsageStatsService( 2066): User[0] type=0 b=1781420022648 e=1781420062648 cb=1781348849473 ce=1781420052440 disk=0 all=0
06-14 15:54:12.655 D/UsageStatsService( 2066): User[0] type=0 b=1781420022652 e=1781420062652 cb=1781348849473 ce=1781420052440 disk=0 all=0
06-14 15:54:12.660 D/UsageStatsService( 2066): User[0] type=0 b=1781420022657 e=1781420062657 cb=1781348849473 ce=1781420052440 disk=0 all=0
06-14 15:54:12.668 D/UsageStatsService( 2066): User[0] type=0 b=1781420022666 e=1781420062666 cb=1781348849473 ce=1781420052440 disk=0 all=0
06-14 15:54:12.673 D/UsageStatsService( 2066): User[0] type=0 b=1781420022670 e=1781420062671 cb=1781348849473 ce=1781420052440 disk=0 all=0
06-14 15:54:12.677 D/UsageStatsService( 2066): User[0] type=0 b=1781420022674 e=1781420062674 cb=1781348849473 ce=1781420052440 disk=0 all=0
06-14 15:54:12.680 D/UsageStatsService( 2066): User[0] type=0 b=1781420022678 e=1781420062678 cb=1781348849473 ce=1781420052440 disk=0 all=0
06-14 15:54:12.683 I/OplusHansManager ( 2066): uid=10323, pkg=jp.co.lifebear cannot transition from R to M, importance=widget
06-14 15:54:12.684 D/UsageStatsService( 2066): User[0] type=0 b=1781420022682 e=1781420062682 cb=1781348849473 ce=1781420052440 disk=0 all=0
06-14 15:54:12.689 D/UsageStatsService( 2066): User[0] type=0 b=1781420022687 e=1781420062687 cb=1781348849473 ce=1781420052440 disk=0 all=0
06-14 15:54:12.692 I/OplusHansManager ( 2066): uid=10390, pkg=com.theswitchbot.switchbot cannot transition from R to M, importance=widget
06-14 15:54:12.692 D/UsageStatsService( 2066): User[0] type=0 b=1781420022690 e=1781420062690 cb=1781348849473 ce=1781420052440 disk=0 all=0
06-14 15:54:12.695 D/UsageStatsService( 2066): User[0] type=0 b=1781420022694 e=1781420062694 cb=1781348849473 ce=1781420052440 disk=0 all=0
06-14 15:54:12.698 D/UsageStatsService( 2066): User[0] type=0 b=1781420022696 e=1781420062696 cb=1781348849473 ce=1781420052440 disk=0 all=0
06-14 15:54:12.702 D/UsageStatsService( 2066): User[0] type=0 b=1781420022701 e=1781420062701 cb=1781348849473 ce=1781420052440 disk=0 all=0
06-14 15:54:12.706 D/UsageStatsService( 2066): User[0] type=0 b=1781420022705 e=1781420062705 cb=1781348849473 ce=1781420052440 disk=0 all=0
06-14 15:54:12.711 D/UsageStatsService( 2066): User[0] type=0 b=1781420022709 e=1781420062709 cb=1781348849473 ce=1781420052440 disk=0 all=0
06-14 15:54:12.715 D/UsageStatsService( 2066): User[0] type=0 b=1781420022712 e=1781420062712 cb=1781348849473 ce=1781420052440 disk=0 all=0
06-14 15:54:12.718 D/UsageStatsService( 2066): User[0] type=0 b=1781420022716 e=1781420062716 cb=1781348849473 ce=1781420052440 disk=0 all=0
06-14 15:54:12.723 D/UsageStatsService( 2066): User[0] type=0 b=1781420022721 e=1781420062721 cb=1781348849473 ce=1781420052440 disk=0 all=0
06-14 15:54:12.778 I/vendor.qti.bluetooth@1.0-ibs_handler( 1200): ProcessIbsCmd: Received IBS_WAKE_IND: 0xFD
06-14 15:54:12.778 D/vendor.qti.bluetooth@1.0-ibs_handler( 1200): SerialClockVote: vote for UART CLK ON
06-14 15:54:12.778 I/vendor.qti.bluetooth@1.0-ibs_handler( 1200): ProcessIbsCmd: Writing IBS_WAKE_ACK
06-14 15:54:12.783 E/adv_data_processor(17806): adv data modified, but len check fail or data invalid, stay intact
06-14 15:54:12.814 E/adv_data_processor(17806): adv data modified, but len check fail or data invalid, stay intact
06-14 15:54:12.851 I/vendor.qti.bluetooth@1.0-ibs_handler( 1200): ProcessIbsCmd: Received IBS_SLEEP_IND: 0xFE
06-14 15:54:12.851 D/vendor.qti.bluetooth@1.0-ibs_handler( 1200): SerialClockVote: vote for UART CLK OFF
06-14 15:54:12.874 I/vendor.qti.bluetooth@1.0-ibs_handler( 1200): ProcessIbsCmd: Received IBS_WAKE_IND: 0xFD
06-14 15:54:12.874 D/vendor.qti.bluetooth@1.0-ibs_handler( 1200): SerialClockVote: vote for UART CLK ON
06-14 15:54:12.874 I/vendor.qti.bluetooth@1.0-ibs_handler( 1200): ProcessIbsCmd: Writing IBS_WAKE_ACK
06-14 15:54:12.878 E/adv_data_processor(17806): adv data modified, but len check fail or data invalid, stay intact
06-14 15:54:12.916 I/vendor.qti.bluetooth@1.0-ibs_handler( 1200): ProcessIbsCmd: Received IBS_SLEEP_IND: 0xFE
06-14 15:54:12.916 D/vendor.qti.bluetooth@1.0-ibs_handler( 1200): SerialClockVote: vote for UART CLK OFF
06-14 15:54:12.989 D/UsageStatsService( 2066): User[0] type=0 b=1781420022987 e=1781420062987 cb=1781348849473 ce=1781420052440 disk=0 all=0
06-14 15:54:12.996 D/UsageStatsService( 2066): User[0] type=0 b=1781420022995 e=1781420062995 cb=1781348849473 ce=1781420052440 disk=0 all=0
06-14 15:54:13.001 D/UsageStatsService( 2066): User[0] type=0 b=1781420022999 e=1781420062999 cb=1781348849473 ce=1781420052440 disk=0 all=0
06-14 15:54:13.005 D/UsageStatsService( 2066): User[0] type=0 b=1781420023002 e=1781420063002 cb=1781348849473 ce=1781420052440 disk=0 all=0
06-14 15:54:13.011 D/UsageStatsService( 2066): User[0] type=0 b=1781420023007 e=1781420063007 cb=1781348849473 ce=1781420052440 disk=0 all=0
06-14 15:54:13.019 D/UsageStatsService( 2066): User[0] type=0 b=1781420023016 e=1781420063016 cb=1781348849473 ce=1781420052440 disk=0 all=0
06-14 15:54:13.022 D/UsageStatsService( 2066): User[0] type=0 b=1781420023020 e=1781420063020 cb=1781348849473 ce=1781420052440 disk=0 all=0
06-14 15:54:13.027 D/UsageStatsService( 2066): User[0] type=0 b=1781420023024 e=1781420063024 cb=1781348849473 ce=1781420052440 disk=0 all=0
06-14 15:54:13.030 D/UsageStatsService( 2066): User[0] type=0 b=1781420023028 e=1781420063028 cb=1781348849473 ce=1781420052440 disk=0 all=0
06-14 15:54:13.033 D/UsageStatsService( 2066): User[0] type=0 b=1781420023031 e=1781420063031 cb=1781348849473 ce=1781420052440 disk=0 all=0
06-14 15:54:13.036 D/UsageStatsService( 2066): User[0] type=0 b=1781420023034 e=1781420063034 cb=1781348849473 ce=1781420052440 disk=0 all=0
06-14 15:54:13.039 D/UsageStatsService( 2066): User[0] type=0 b=1781420023037 e=1781420063037 cb=1781348849473 ce=1781420052440 disk=0 all=0
06-14 15:54:13.042 D/UsageStatsService( 2066): User[0] type=0 b=1781420023039 e=1781420063039 cb=1781348849473 ce=1781420052440 disk=0 all=0
06-14 15:54:13.045 D/UsageStatsService( 2066): User[0] type=0 b=1781420023043 e=1781420063043 cb=1781348849473 ce=1781420052440 disk=0 all=0
06-14 15:54:13.046 I/UTrace.Sdk.HLogConfigHelper( 3730): [PantaCardSdk|com.android.launcher] checkLogFiles() no log files [OplusLauncher|com.android.launcher|1.5.3-11143a1]
06-14 15:54:13.047 D/UsageStatsService( 2066): User[0] type=0 b=1781420023046 e=1781420063046 cb=1781348849473 ce=1781420052440 disk=0 all=0
06-14 15:54:13.050 D/UsageStatsService( 2066): User[0] type=0 b=1781420023049 e=1781420063049 cb=1781348849473 ce=1781420052440 disk=0 all=0
06-14 15:54:13.052 D/UsageStatsService( 2066): User[0] type=0 b=1781420023051 e=1781420063051 cb=1781348849473 ce=1781420052440 disk=0 all=0
06-14 15:54:13.054 D/UsageStatsService( 2066): User[0] type=0 b=1781420023052 e=1781420063052 cb=1781348849473 ce=1781420052440 disk=0 all=0
06-14 15:54:13.058 D/UsageStatsService( 2066): User[0] type=0 b=1781420023056 e=1781420063056 cb=1781348849473 ce=1781420052440 disk=0 all=0
06-14 15:54:13.061 D/UsageStatsService( 2066): User[0] type=0 b=1781420023060 e=1781420063060 cb=1781348849473 ce=1781420052440 disk=0 all=0
06-14 15:54:13.064 D/UsageStatsService( 2066): User[0] type=0 b=1781420023062 e=1781420063062 cb=1781348849473 ce=1781420052440 disk=0 all=0
06-14 15:54:13.066 D/UsageStatsService( 2066): User[0] type=0 b=1781420023065 e=1781420063065 cb=1781348849473 ce=1781420052440 disk=0 all=0
06-14 15:54:13.067 D/vendor.qti.bluetooth@1.0-wake_lock( 1200): Release wakelock is released 
06-14 15:54:13.072 D/UsageStatsService( 2066): User[0] type=0 b=1781420023071 e=1781420063071 cb=1781348849473 ce=1781420052440 disk=0 all=0
06-14 15:54:13.114 D/OplusSmartBrightnessController( 2066): handleMessage MSG_LUX_CHANGED, mLux:486.76166 luxQueue=[486.76984, 486.76984, 486.75616, 486.75616, 486.75616]
06-14 15:54:13.225 D/WifiStaIfaceHidlImpl( 2066): getCachedScanData is not implemented by HIDL
06-14 15:54:13.340 D/UsageStatsService( 2066): User[0] type=0 b=1781420023336 e=1781420063336 cb=1781348849473 ce=1781420052440 disk=0 all=0
06-14 15:54:13.348 D/UsageStatsService( 2066): User[0] type=0 b=1781420023345 e=1781420063345 cb=1781348849473 ce=1781420052440 disk=0 all=0
06-14 15:54:13.351 D/UsageStatsService( 2066): User[0] type=0 b=1781420023349 e=1781420063349 cb=1781348849473 ce=1781420052440 disk=0 all=0
06-14 15:54:13.354 D/UsageStatsService( 2066): User[0] type=0 b=1781420023352 e=1781420063352 cb=1781348849473 ce=1781420052440 disk=0 all=0
06-14 15:54:13.360 D/UsageStatsService( 2066): User[0] type=0 b=1781420023357 e=1781420063357 cb=1781348849473 ce=1781420052440 disk=0 all=0
06-14 15:54:13.368 D/UsageStatsService( 2066): User[0] type=0 b=1781420023366 e=1781420063366 cb=1781348849473 ce=1781420052440 disk=0 all=0
06-14 15:54:13.372 D/UsageStatsService( 2066): User[0] type=0 b=1781420023370 e=1781420063370 cb=1781348849473 ce=1781420052440 disk=0 all=0
06-14 15:54:13.375 D/UsageStatsService( 2066): User[0] type=0 b=1781420023374 e=1781420063374 cb=1781348849473 ce=1781420052440 disk=0 all=0
06-14 15:54:13.378 D/UsageStatsService( 2066): User[0] type=0 b=1781420023377 e=1781420063377 cb=1781348849473 ce=1781420052440 disk=0 all=0
06-14 15:54:13.380 D/UsageStatsService( 2066): User[0] type=0 b=1781420023378 e=1781420063378 cb=1781348849473 ce=1781420052440 disk=0 all=0
06-14 15:54:13.383 D/UsageStatsService( 2066): User[0] type=0 b=1781420023382 e=1781420063382 cb=1781348849473 ce=1781420052440 disk=0 all=0
06-14 15:54:13.387 D/UsageStatsService( 2066): User[0] type=0 b=1781420023385 e=1781420063385 cb=1781348849473 ce=1781420052440 disk=0 all=0
06-14 15:54:13.390 D/UsageStatsService( 2066): User[0] type=0 b=1781420023388 e=1781420063388 cb=1781348849473 ce=1781420052440 disk=0 all=0
06-14 15:54:13.392 D/UsageStatsService( 2066): User[0] type=0 b=1781420023391 e=1781420063391 cb=1781348849473 ce=1781420052440 disk=0 all=0
06-14 15:54:13.394 D/UsageStatsService( 2066): User[0] type=0 b=1781420023393 e=1781420063393 cb=1781348849473 ce=1781420052440 disk=0 all=0
06-14 15:54:13.397 D/UsageStatsService( 2066): User[0] type=0 b=1781420023396 e=1781420063396 cb=1781348849473 ce=1781420052440 disk=0 all=0
06-14 15:54:13.399 D/UsageStatsService( 2066): User[0] type=0 b=1781420023398 e=1781420063398 cb=1781348849473 ce=1781420052440 disk=0 all=0
06-14 15:54:13.400 D/UsageStatsService( 2066): User[0] type=0 b=1781420023399 e=1781420063399 cb=1781348849473 ce=1781420052440 disk=0 all=0
06-14 15:54:13.402 D/UsageStatsService( 2066): User[0] type=0 b=1781420023400 e=1781420063400 cb=1781348849473 ce=1781420052440 disk=0 all=0
06-14 15:54:13.404 D/UsageStatsService( 2066): User[0] type=0 b=1781420023402 e=1781420063402 cb=1781348849473 ce=1781420052440 disk=0 all=0
06-14 15:54:13.406 D/UsageStatsService( 2066): User[0] type=0 b=1781420023405 e=1781420063405 cb=1781348849473 ce=1781420052440 disk=0 all=0
06-14 15:54:13.407 D/UsageStatsService( 2066): User[0] type=0 b=1781420023406 e=1781420063406 cb=1781348849473 ce=1781420052440 disk=0 all=0
06-14 15:54:13.410 D/UsageStatsService( 2066): User[0] type=0 b=1781420023408 e=1781420063408 cb=1781348849473 ce=1781420052440 disk=0 all=0
06-14 15:54:13.414 D/UsageStatsService( 2066): User[0] type=0 b=1781420023412 e=1781420063412 cb=1781348849473 ce=1781420052440 disk=0 all=0
06-14 15:54:13.418 D/UsageStatsService( 2066): User[0] type=0 b=1781420023416 e=1781420063416 cb=1781348849473 ce=1781420052440 disk=0 all=0
06-14 15:54:13.422 D/UsageStatsService( 2066): User[0] type=0 b=1781420023420 e=1781420063420 cb=1781348849473 ce=1781420052440 disk=0 all=0
06-14 15:54:13.432 V/ClearcutMetricXmitter(11982): Transmission is done.
06-14 15:54:13.435 V/ClearcutMetricXmitter(11982): Transmission is done.
06-14 15:54:13.438 V/ClearcutMetricXmitter(11982): Transmission is done.
06-14 15:54:13.440 V/ClearcutMetricXmitter(11982): Transmission is done.
06-14 15:54:13.445 V/ClearcutMetricXmitter(11982): Transmission is done.
06-14 15:54:13.447 V/ClearcutMetricXmitter(11982): Transmission is done.
06-14 15:54:13.451 V/ClearcutMetricXmitter(11982): Transmission is done.
06-14 15:54:13.558 I/UTrace.Sdk.HLogConfigHelper( 3730): [SeedlingSdkFramework|com.android.launcher] checkLogFiles() no log files [SeedlingSdk|com.android.launcher|1.5.5-f48228a]
06-14 15:54:13.689 D/UsageStatsService( 2066): User[0] type=0 b=1781420023687 e=1781420063687 cb=1781348849473 ce=1781420052440 disk=0 all=0
06-14 15:54:13.698 D/UsageStatsService( 2066): User[0] type=0 b=1781420023695 e=1781420063695 cb=1781348849473 ce=1781420052440 disk=0 all=0
06-14 15:54:13.704 D/UsageStatsService( 2066): User[0] type=0 b=1781420023702 e=1781420063702 cb=1781348849473 ce=1781420052440 disk=0 all=0
06-14 15:54:13.708 D/UsageStatsService( 2066): User[0] type=0 b=1781420023705 e=1781420063705 cb=1781348849473 ce=1781420052440 disk=0 all=0
06-14 15:54:13.718 D/UsageStatsService( 2066): User[0] type=0 b=1781420023715 e=1781420063715 cb=1781348849473 ce=1781420052440 disk=0 all=0
06-14 15:54:13.723 D/UsageStatsService( 2066): User[0] type=0 b=1781420023720 e=1781420063720 cb=1781348849473 ce=1781420052440 disk=0 all=0
06-14 15:54:13.727 D/UsageStatsService( 2066): User[0] type=0 b=1781420023725 e=1781420063725 cb=1781348849473 ce=1781420052440 disk=0 all=0
06-14 15:54:13.731 D/UsageStatsService( 2066): User[0] type=0 b=1781420023728 e=1781420063728 cb=1781348849473 ce=1781420052440 disk=0 all=0
06-14 15:54:13.735 D/UsageStatsService( 2066): User[0] type=0 b=1781420023733 e=1781420063733 cb=1781348849473 ce=1781420052440 disk=0 all=0
06-14 15:54:13.739 D/UsageStatsService( 2066): User[0] type=0 b=1781420023737 e=1781420063737 cb=1781348849473 ce=1781420052440 disk=0 all=0
06-14 15:54:13.743 D/UsageStatsService( 2066): User[0] type=0 b=1781420023740 e=1781420063740 cb=1781348849473 ce=1781420052440 disk=0 all=0
06-14 15:54:13.747 D/UsageStatsService( 2066): User[0] type=0 b=1781420023744 e=1781420063744 cb=1781348849473 ce=1781420052440 disk=0 all=0
06-14 15:54:13.750 D/UsageStatsService( 2066): User[0] type=0 b=1781420023748 e=1781420063748 cb=1781348849473 ce=1781420052440 disk=0 all=0
06-14 15:54:13.755 D/UsageStatsService( 2066): User[0] type=0 b=1781420023752 e=1781420063752 cb=1781348849473 ce=1781420052440 disk=0 all=0
06-14 15:54:13.759 D/UsageStatsService( 2066): User[0] type=0 b=1781420023756 e=1781420063756 cb=1781348849473 ce=1781420052440 disk=0 all=0
06-14 15:54:13.762 D/UsageStatsService( 2066): User[0] type=0 b=1781420023759 e=1781420063759 cb=1781348849473 ce=1781420052440 disk=0 all=0
06-14 15:54:13.766 D/UsageStatsService( 2066): User[0] type=0 b=1781420023763 e=1781420063763 cb=1781348849473 ce=1781420052440 disk=0 all=0
06-14 15:54:13.769 D/UsageStatsService( 2066): User[0] type=0 b=1781420023767 e=1781420063767 cb=1781348849473 ce=1781420052440 disk=0 all=0
06-14 15:54:13.772 D/UsageStatsService( 2066): User[0] type=0 b=1781420023770 e=1781420063770 cb=1781348849473 ce=1781420052440 disk=0 all=0
06-14 15:54:13.857 D/vendor.oplus.hardware.charger-V3-service( 1283): read content:,300,339,4293,4293,-352,500,3400,86,89,1,4,-1,5000,89,1,0,1,1,0,0,4435,0,0,0,4,0,0,0,-2740,0,1,1,0,0
06-14 15:54:13.857 D/vendor.oplus.hardware.charger-V3-service( 1283): , ret_value:101
06-14 15:54:13.857 D/vendor.oplus.hardware.charger-V3-service( 1283): gmtime: 2026-06-14-15-54-13
06-14 15:54:13.938 I/OplusHansManager ( 2066): uid=10370, pkg=com.facebook.orca F enter(), M stay=3
06-14 15:54:13.949 I/OplusHansManager ( 2066): freeze uid: 10370 com.facebook.orca pids: [5961] scene: LcdOn
06-14 15:54:13.951 D/IHansComunication( 6297): HANS sendMessageToKernel: threadId = 478846893232, netLinkSetup = 1, type = PKG, targetUid = 10370, pkgCmd = ADD_ONE_UID
06-14 15:54:13.954 I/OplusHansManager ( 2066): uid=10524, pkg=com.ss.android.ugc.tiktok.lite F enter(), M stay=3
06-14 15:54:13.961 I/OplusHansManager ( 2066): freeze uid: 10524 com.ss.android.ugc.tiktok.lite pids: [9983] scene: LcdOn
06-14 15:54:13.962 D/IHansComunication( 6297): HANS sendMessageToKernel: threadId = 478846893232, netLinkSetup = 1, type = PKG, targetUid = 10524, pkgCmd = ADD_ONE_UID
06-14 15:54:13.963 I/OplusHansManager ( 2066): uid=10487, pkg=com.instagram.barcelona F enter(), M stay=3
06-14 15:54:13.966 I/OplusHansManager ( 2066): freeze uid: 10487 com.instagram.barcelona pids: [10411] scene: LcdOn
06-14 15:54:13.967 D/IHansComunication( 6297): HANS sendMessageToKernel: threadId = 478846893232, netLinkSetup = 1, type = PKG, targetUid = 10487, pkgCmd = ADD_ONE_UID
06-14 15:54:14.043 D/UsageStatsService( 2066): User[0] type=0 b=1781420024039 e=1781420064039 cb=1781348849473 ce=1781420052440 disk=0 all=0
06-14 15:54:14.048 D/UsageStatsService( 2066): User[0] type=0 b=1781420024045 e=1781420064045 cb=1781348849473 ce=1781420052440 disk=0 all=0
06-14 15:54:14.054 D/UsageStatsService( 2066): User[0] type=0 b=1781420024052 e=1781420064052 cb=1781348849473 ce=1781420052440 disk=0 all=0
06-14 15:54:14.060 D/UsageStatsService( 2066): User[0] type=0 b=1781420024057 e=1781420064057 cb=1781348849473 ce=1781420052440 disk=0 all=0
06-14 15:54:14.068 D/UsageStatsService( 2066): User[0] type=0 b=1781420024066 e=1781420064066 cb=1781348849473 ce=1781420052440 disk=0 all=0
06-14 15:54:14.074 D/UsageStatsService( 2066): User[0] type=0 b=1781420024071 e=1781420064071 cb=1781348849473 ce=1781420052440 disk=0 all=0
06-14 15:54:14.077 D/UsageStatsService( 2066): User[0] type=0 b=1781420024075 e=1781420064075 cb=1781348849473 ce=1781420052440 disk=0 all=0
06-14 15:54:14.081 D/UsageStatsService( 2066): User[0] type=0 b=1781420024078 e=1781420064078 cb=1781348849473 ce=1781420052440 disk=0 all=0
06-14 15:54:14.084 D/UsageStatsService( 2066): User[0] type=0 b=1781420024082 e=1781420064082 cb=1781348849473 ce=1781420052440 disk=0 all=0
06-14 15:54:14.087 D/UsageStatsService( 2066): User[0] type=0 b=1781420024084 e=1781420064084 cb=1781348849473 ce=1781420052440 disk=0 all=0
06-14 15:54:14.091 D/UsageStatsService( 2066): User[0] type=0 b=1781420024088 e=1781420064088 cb=1781348849473 ce=1781420052440 disk=0 all=0
06-14 15:54:14.094 D/UsageStatsService( 2066): User[0] type=0 b=1781420024091 e=1781420064091 cb=1781348849473 ce=1781420052440 disk=0 all=0
06-14 15:54:14.098 D/UsageStatsService( 2066): User[0] type=0 b=1781420024096 e=1781420064096 cb=1781348849473 ce=1781420052440 disk=0 all=0
06-14 15:54:14.102 D/UsageStatsService( 2066): User[0] type=0 b=1781420024100 e=1781420064100 cb=1781348849473 ce=1781420052440 disk=0 all=0
06-14 15:54:14.106 D/UsageStatsService( 2066): User[0] type=0 b=1781420024105 e=1781420064105 cb=1781348849473 ce=1781420052440 disk=0 all=0
06-14 15:54:14.109 D/UsageStatsService( 2066): User[0] type=0 b=1781420024107 e=1781420064107 cb=1781348849473 ce=1781420052440 disk=0 all=0
06-14 15:54:14.111 D/UsageStatsService( 2066): User[0] type=0 b=1781420024110 e=1781420064110 cb=1781348849473 ce=1781420052440 disk=0 all=0
06-14 15:54:14.115 D/UsageStatsService( 2066): User[0] type=0 b=1781420024113 e=1781420064113 cb=1781348849473 ce=1781420052440 disk=0 all=0
06-14 15:54:14.118 D/UsageStatsService( 2066): User[0] type=0 b=1781420024117 e=1781420064117 cb=1781348849473 ce=1781420052440 disk=0 all=0
06-14 15:54:14.122 D/UsageStatsService( 2066): User[0] type=0 b=1781420024120 e=1781420064120 cb=1781348849473 ce=1781420052440 disk=0 all=0
06-14 15:54:14.238 I/vendor.qti.bluetooth@1.0-ibs_handler( 1200): ProcessIbsCmd: Received IBS_WAKE_IND: 0xFD
06-14 15:54:14.238 D/vendor.qti.bluetooth@1.0-ibs_handler( 1200): SerialClockVote: vote for UART CLK ON
06-14 15:54:14.241 D/vendor.qti.bluetooth@1.0-wake_lock( 1200): Acquire wakelock is acquired 
06-14 15:54:14.241 I/vendor.qti.bluetooth@1.0-ibs_handler( 1200): ProcessIbsCmd: Writing IBS_WAKE_ACK
06-14 15:54:14.246 E/adv_data_processor(17806): adv data modified, but len check fail or data invalid, stay intact
06-14 15:54:14.247 E/adv_data_processor(17806): adv data modified, but len check fail or data invalid, stay intact
06-14 15:54:14.283 E/adv_data_processor(17806): adv data modified, but len check fail or data invalid, stay intact
06-14 15:54:14.315 E/adv_data_processor(17806): adv data modified, but len check fail or data invalid, stay intact
06-14 15:54:14.353 I/vendor.qti.bluetooth@1.0-ibs_handler( 1200): ProcessIbsCmd: Received IBS_SLEEP_IND: 0xFE
06-14 15:54:14.354 D/vendor.qti.bluetooth@1.0-ibs_handler( 1200): SerialClockVote: vote for UART CLK OFF
06-14 15:54:14.356 D/OplusSmartBrightnessController( 2066): handleMessage MSG_LUX_CHANGED, mLux:486.75613 luxQueue=[486.75616, 486.75616, 486.75616, 486.75616, 486.75616, 486.75616]
06-14 15:54:14.391 D/UsageStatsService( 2066): User[0] type=0 b=1781420024387 e=1781420064387 cb=1781348849473 ce=1781420052440 disk=0 all=0
06-14 15:54:14.398 D/UsageStatsService( 2066): User[0] type=0 b=1781420024395 e=1781420064395 cb=1781348849473 ce=1781420052440 disk=0 all=0
06-14 15:54:14.401 D/UsageStatsService( 2066): User[0] type=0 b=1781420024399 e=1781420064399 cb=1781348849473 ce=1781420052440 disk=0 all=0
06-14 15:54:14.405 D/UsageStatsService( 2066): User[0] type=0 b=1781420024403 e=1781420064403 cb=1781348849473 ce=1781420052440 disk=0 all=0
06-14 15:54:14.410 D/UsageStatsService( 2066): User[0] type=0 b=1781420024408 e=1781420064408 cb=1781348849473 ce=1781420052440 disk=0 all=0
06-14 15:54:14.417 D/UsageStatsService( 2066): User[0] type=0 b=1781420024415 e=1781420064415 cb=1781348849473 ce=1781420052440 disk=0 all=0
06-14 15:54:14.423 D/UsageStatsService( 2066): User[0] type=0 b=1781420024421 e=1781420064421 cb=1781348849473 ce=1781420052440 disk=0 all=0
06-14 15:54:14.427 D/UsageStatsService( 2066): User[0] type=0 b=1781420024424 e=1781420064424 cb=1781348849473 ce=1781420052440 disk=0 all=0
06-14 15:54:14.431 D/UsageStatsService( 2066): User[0] type=0 b=1781420024428 e=1781420064428 cb=1781348849473 ce=1781420052440 disk=0 all=0
06-14 15:54:14.435 D/UsageStatsService( 2066): User[0] type=0 b=1781420024432 e=1781420064432 cb=1781348849473 ce=1781420052440 disk=0 all=0
06-14 15:54:14.439 D/UsageStatsService( 2066): User[0] type=0 b=1781420024436 e=1781420064436 cb=1781348849473 ce=1781420052440 disk=0 all=0
06-14 15:54:14.442 D/UsageStatsService( 2066): User[0] type=0 b=1781420024440 e=1781420064440 cb=1781348849473 ce=1781420052440 disk=0 all=0
06-14 15:54:14.446 D/UsageStatsService( 2066): User[0] type=0 b=1781420024444 e=1781420064444 cb=1781348849473 ce=1781420052440 disk=0 all=0
06-14 15:54:14.450 D/UsageStatsService( 2066): User[0] type=0 b=1781420024447 e=1781420064447 cb=1781348849473 ce=1781420052440 disk=0 all=0
06-14 15:54:14.453 D/UsageStatsService( 2066): User[0] type=0 b=1781420024451 e=1781420064451 cb=1781348849473 ce=1781420052440 disk=0 all=0
06-14 15:54:14.456 D/UsageStatsService( 2066): User[0] type=0 b=1781420024454 e=1781420064454 cb=1781348849473 ce=1781420052440 disk=0 all=0
06-14 15:54:14.459 D/UsageStatsService( 2066): User[0] type=0 b=1781420024457 e=1781420064457 cb=1781348849473 ce=1781420052440 disk=0 all=0
06-14 15:54:14.462 D/UsageStatsService( 2066): User[0] type=0 b=1781420024460 e=1781420064460 cb=1781348849473 ce=1781420052440 disk=0 all=0
06-14 15:54:14.465 D/UsageStatsService( 2066): User[0] type=0 b=1781420024463 e=1781420064463 cb=1781348849473 ce=1781420052440 disk=0 all=0
06-14 15:54:14.468 D/UsageStatsService( 2066): User[0] type=0 b=1781420024466 e=1781420064466 cb=1781348849473 ce=1781420052440 disk=0 all=0
06-14 15:54:14.474 D/UsageStatsService( 2066): User[0] type=0 b=1781420024471 e=1781420064471 cb=1781348849473 ce=1781420052440 disk=0 all=0
06-14 15:54:14.504 D/vendor.qti.bluetooth@1.0-wake_lock( 1200): Release wakelock is released 
06-14 15:54:14.740 D/UsageStatsService( 2066): User[0] type=0 b=1781420024736 e=1781420064736 cb=1781348849473 ce=1781420052440 disk=0 all=0
06-14 15:54:14.747 D/UsageStatsService( 2066): User[0] type=0 b=1781420024745 e=1781420064745 cb=1781348849473 ce=1781420052440 disk=0 all=0
06-14 15:54:14.751 D/UsageStatsService( 2066): User[0] type=0 b=1781420024749 e=1781420064749 cb=1781348849473 ce=1781420052440 disk=0 all=0
06-14 15:54:14.755 D/UsageStatsService( 2066): User[0] type=0 b=1781420024752 e=1781420064752 cb=1781348849473 ce=1781420052440 disk=0 all=0
06-14 15:54:14.760 D/UsageStatsService( 2066): User[0] type=0 b=1781420024757 e=1781420064757 cb=1781348849473 ce=1781420052440 disk=0 all=0
06-14 15:54:14.768 D/UsageStatsService( 2066): User[0] type=0 b=1781420024765 e=1781420064765 cb=1781348849473 ce=1781420052440 disk=0 all=0
06-14 15:54:14.772 D/UsageStatsService( 2066): User[0] type=0 b=1781420024770 e=1781420064770 cb=1781348849473 ce=1781420052440 disk=0 all=0
06-14 15:54:14.776 D/UsageStatsService( 2066): User[0] type=0 b=1781420024774 e=1781420064774 cb=1781348849473 ce=1781420052440 disk=0 all=0
06-14 15:54:14.780 D/UsageStatsService( 2066): User[0] type=0 b=1781420024779 e=1781420064779 cb=1781348849473 ce=1781420052440 disk=0 all=0
06-14 15:54:14.783 D/UsageStatsService( 2066): User[0] type=0 b=1781420024782 e=1781420064782 cb=1781348849473 ce=1781420052440 disk=0 all=0
06-14 15:54:14.787 D/UsageStatsService( 2066): User[0] type=0 b=1781420024785 e=1781420064785 cb=1781348849473 ce=1781420052440 disk=0 all=0
06-14 15:54:14.789 D/UsageStatsService( 2066): User[0] type=0 b=1781420024787 e=1781420064787 cb=1781348849473 ce=1781420052440 disk=0 all=0
06-14 15:54:14.791 D/UsageStatsService( 2066): User[0] type=0 b=1781420024790 e=1781420064790 cb=1781348849473 ce=1781420052440 disk=0 all=0
06-14 15:54:14.794 D/UsageStatsService( 2066): User[0] type=0 b=1781420024792 e=1781420064792 cb=1781348849473 ce=1781420052440 disk=0 all=0
06-14 15:54:14.799 D/UsageStatsService( 2066): User[0] type=0 b=1781420024796 e=1781420064796 cb=1781348849473 ce=1781420052440 disk=0 all=0
06-14 15:54:14.803 D/UsageStatsService( 2066): User[0] type=0 b=1781420024801 e=1781420064801 cb=1781348849473 ce=1781420052440 disk=0 all=0
06-14 15:54:14.807 D/UsageStatsService( 2066): User[0] type=0 b=1781420024805 e=1781420064805 cb=1781348849473 ce=1781420052440 disk=0 all=0
06-14 15:54:14.809 D/UsageStatsService( 2066): User[0] type=0 b=1781420024807 e=1781420064807 cb=1781348849473 ce=1781420052440 disk=0 all=0
06-14 15:54:14.812 D/UsageStatsService( 2066): User[0] type=0 b=1781420024811 e=1781420064811 cb=1781348849473 ce=1781420052440 disk=0 all=0
06-14 15:54:14.815 D/UsageStatsService( 2066): User[0] type=0 b=1781420024813 e=1781420064813 cb=1781348849473 ce=1781420052440 disk=0 all=0
06-14 15:54:14.818 D/UsageStatsService( 2066): User[0] type=0 b=1781420024817 e=1781420064817 cb=1781348849473 ce=1781420052440 disk=0 all=0
06-14 15:54:14.823 D/UsageStatsService( 2066): User[0] type=0 b=1781420024820 e=1781420064820 cb=1781348849473 ce=1781420052440 disk=0 all=0
06-14 15:54:14.955 D/IHansComunication( 6297): HANS sendMessageToKernel: threadId = 478846893232, netLinkSetup = 1, type = FROZEN_TRANS, targetUid = 10370, pkgCmd = PKG_CMD_MAX
06-14 15:54:14.963 D/IHansComunication( 6297): HANS sendMessageToKernel: threadId = 478846893232, netLinkSetup = 1, type = FROZEN_TRANS, targetUid = 10524, pkgCmd = PKG_CMD_MAX
06-14 15:54:14.967 D/IHansComunication( 6297): HANS sendMessageToKernel: threadId = 478846893232, netLinkSetup = 1, type = FROZEN_TRANS, targetUid = 10487, pkgCmd = PKG_CMD_MAX
06-14 15:54:15.090 D/UsageStatsService( 2066): User[0] type=0 b=1781420025087 e=1781420065087 cb=1781348849473 ce=1781420052440 disk=0 all=0
06-14 15:54:15.097 D/UsageStatsService( 2066): User[0] type=0 b=1781420025095 e=1781420065095 cb=1781348849473 ce=1781420052440 disk=0 all=0
06-14 15:54:15.101 D/UsageStatsService( 2066): User[0] type=0 b=1781420025098 e=1781420065098 cb=1781348849473 ce=1781420052440 disk=0 all=0
06-14 15:54:15.105 D/UsageStatsService( 2066): User[0] type=0 b=1781420025102 e=1781420065102 cb=1781348849473 ce=1781420052440 disk=0 all=0
06-14 15:54:15.111 D/UsageStatsService( 2066): User[0] type=0 b=1781420025107 e=1781420065107 cb=1781348849473 ce=1781420052440 disk=0 all=0
06-14 15:54:15.119 D/UsageStatsService( 2066): User[0] type=0 b=1781420025116 e=1781420065116 cb=1781348849473 ce=1781420052440 disk=0 all=0
06-14 15:54:15.123 D/UsageStatsService( 2066): User[0] type=0 b=1781420025121 e=1781420065121 cb=1781348849473 ce=1781420052440 disk=0 all=0
06-14 15:54:15.127 D/UsageStatsService( 2066): User[0] type=0 b=1781420025125 e=1781420065125 cb=1781348849473 ce=1781420052440 disk=0 all=0
06-14 15:54:15.131 D/UsageStatsService( 2066): User[0] type=0 b=1781420025128 e=1781420065128 cb=1781348849473 ce=1781420052440 disk=0 all=0
06-14 15:54:15.135 D/UsageStatsService( 2066): User[0] type=0 b=1781420025132 e=1781420065132 cb=1781348849473 ce=1781420052440 disk=0 all=0
06-14 15:54:15.138 D/UsageStatsService( 2066): User[0] type=0 b=1781420025136 e=1781420065136 cb=1781348849473 ce=1781420052440 disk=0 all=0
06-14 15:54:15.141 D/UsageStatsService( 2066): User[0] type=0 b=1781420025139 e=1781420065139 cb=1781348849473 ce=1781420052440 disk=0 all=0
06-14 15:54:15.142 D/UsageStatsService( 2066): User[0] type=0 b=1781420025139 e=1781420065139 cb=1781348849473 ce=1781420052440 disk=0 all=0
06-14 15:54:15.145 D/UsageStatsService( 2066): User[0] type=0 b=1781420025143 e=1781420065143 cb=1781348849473 ce=1781420052440 disk=0 all=0
06-14 15:54:15.149 D/UsageStatsService( 2066): User[0] type=0 b=1781420025146 e=1781420065146 cb=1781348849473 ce=1781420052440 disk=0 all=0
06-14 15:54:15.152 D/UsageStatsService( 2066): User[0] type=0 b=1781420025150 e=1781420065150 cb=1781348849473 ce=1781420052440 disk=0 all=0
06-14 15:54:15.157 D/UsageStatsService( 2066): User[0] type=0 b=1781420025154 e=1781420065154 cb=1781348849473 ce=1781420052440 disk=0 all=0
06-14 15:54:15.161 D/UsageStatsService( 2066): User[0] type=0 b=1781420025159 e=1781420065159 cb=1781348849473 ce=1781420052440 disk=0 all=0
06-14 15:54:15.164 D/UsageStatsService( 2066): User[0] type=0 b=1781420025162 e=1781420065162 cb=1781348849473 ce=1781420052440 disk=0 all=0
06-14 15:54:15.168 D/UsageStatsService( 2066): User[0] type=0 b=1781420025166 e=1781420065166 cb=1781348849473 ce=1781420052440 disk=0 all=0
06-14 15:54:15.172 D/UsageStatsService( 2066): User[0] type=0 b=1781420025170 e=1781420065170 cb=1781348849473 ce=1781420052440 disk=0 all=0
06-14 15:54:15.176 D/OplusSmartBrightnessController( 2066): handleMessage MSG_LUX_CHANGED, mLux:486.75616 luxQueue=[486.75616, 486.75616, 486.75616, 486.75616]
06-14 15:54:15.252 D/WifiStaIfaceHidlImpl( 2066): getCachedScanData is not implemented by HIDL
06-14 15:54:15.440 D/UsageStatsService( 2066): User[0] type=0 b=1781420025437 e=1781420065437 cb=1781348849473 ce=1781420052440 disk=0 all=0
06-14 15:54:15.448 D/UsageStatsService( 2066): User[0] type=0 b=1781420025444 e=1781420065444 cb=1781348849473 ce=1781420052440 disk=0 all=0
06-14 15:54:15.451 D/UsageStatsService( 2066): User[0] type=0 b=1781420025448 e=1781420065448 cb=1781348849473 ce=1781420052440 disk=0 all=0
06-14 15:54:15.455 D/UsageStatsService( 2066): User[0] type=0 b=1781420025452 e=1781420065452 cb=1781348849473 ce=1781420052440 disk=0 all=0
06-14 15:54:15.460 D/UsageStatsService( 2066): User[0] type=0 b=1781420025458 e=1781420065458 cb=1781348849473 ce=1781420052440 disk=0 all=0
06-14 15:54:15.468 D/UsageStatsService( 2066): User[0] type=0 b=1781420025466 e=1781420065466 cb=1781348849473 ce=1781420052440 disk=0 all=0
06-14 15:54:15.473 D/UsageStatsService( 2066): User[0] type=0 b=1781420025470 e=1781420065470 cb=1781348849473 ce=1781420052440 disk=0 all=0
06-14 15:54:15.476 D/UsageStatsService( 2066): User[0] type=0 b=1781420025474 e=1781420065474 cb=1781348849473 ce=1781420052440 disk=0 all=0
06-14 15:54:15.480 D/UsageStatsService( 2066): User[0] type=0 b=1781420025478 e=1781420065478 cb=1781348849473 ce=1781420052440 disk=0 all=0
06-14 15:54:15.484 D/UsageStatsService( 2066): User[0] type=0 b=1781420025482 e=1781420065482 cb=1781348849473 ce=1781420052440 disk=0 all=0
06-14 15:54:15.488 D/UsageStatsService( 2066): User[0] type=0 b=1781420025485 e=1781420065485 cb=1781348849473 ce=1781420052440 disk=0 all=0
06-14 15:54:15.492 D/UsageStatsService( 2066): User[0] type=0 b=1781420025489 e=1781420065489 cb=1781348849473 ce=1781420052440 disk=0 all=0
06-14 15:54:15.495 D/UsageStatsService( 2066): User[0] type=0 b=1781420025493 e=1781420065493 cb=1781348849473 ce=1781420052440 disk=0 all=0
06-14 15:54:15.498 D/UsageStatsService( 2066): User[0] type=0 b=1781420025497 e=1781420065497 cb=1781348849473 ce=1781420052440 disk=0 all=0
06-14 15:54:15.501 D/UsageStatsService( 2066): User[0] type=0 b=1781420025499 e=1781420065499 cb=1781348849473 ce=1781420052440 disk=0 all=0
06-14 15:54:15.504 D/UsageStatsService( 2066): User[0] type=0 b=1781420025502 e=1781420065502 cb=1781348849473 ce=1781420052440 disk=0 all=0
06-14 15:54:15.506 D/UsageStatsService( 2066): User[0] type=0 b=1781420025505 e=1781420065505 cb=1781348849473 ce=1781420052440 disk=0 all=0
06-14 15:54:15.509 D/UsageStatsService( 2066): User[0] type=0 b=1781420025507 e=1781420065507 cb=1781348849473 ce=1781420052440 disk=0 all=0
06-14 15:54:15.511 D/UsageStatsService( 2066): User[0] type=0 b=1781420025510 e=1781420065510 cb=1781348849473 ce=1781420052440 disk=0 all=0
06-14 15:54:15.514 D/UsageStatsService( 2066): User[0] type=0 b=1781420025513 e=1781420065513 cb=1781348849473 ce=1781420052440 disk=0 all=0
06-14 15:54:15.519 D/UsageStatsService( 2066): User[0] type=0 b=1781420025517 e=1781420065517 cb=1781348849473 ce=1781420052440 disk=0 all=0
06-14 15:54:15.523 D/UsageStatsService( 2066): User[0] type=0 b=1781420025521 e=1781420065521 cb=1781348849473 ce=1781420052440 disk=0 all=0
06-14 15:54:15.667 I/vendor.qti.bluetooth@1.0-ibs_handler( 1200): ProcessIbsCmd: Received IBS_WAKE_IND: 0xFD
06-14 15:54:15.667 D/vendor.qti.bluetooth@1.0-ibs_handler( 1200): SerialClockVote: vote for UART CLK ON
06-14 15:54:15.670 D/vendor.qti.bluetooth@1.0-wake_lock( 1200): Acquire wakelock is acquired 
06-14 15:54:15.670 I/vendor.qti.bluetooth@1.0-ibs_handler( 1200): ProcessIbsCmd: Writing IBS_WAKE_ACK
06-14 15:54:15.718 I/vendor.qti.bluetooth@1.0-ibs_handler( 1200): ProcessIbsCmd: Received IBS_SLEEP_IND: 0xFE
06-14 15:54:15.718 D/vendor.qti.bluetooth@1.0-ibs_handler( 1200): SerialClockVote: vote for UART CLK OFF
06-14 15:54:15.790 D/UsageStatsService( 2066): User[0] type=0 b=1781420025787 e=1781420065787 cb=1781348849473 ce=1781420052440 disk=0 all=0
06-14 15:54:15.798 D/UsageStatsService( 2066): User[0] type=0 b=1781420025795 e=1781420065795 cb=1781348849473 ce=1781420052440 disk=0 all=0
06-14 15:54:15.804 D/UsageStatsService( 2066): User[0] type=0 b=1781420025802 e=1781420065802 cb=1781348849473 ce=1781420052440 disk=0 all=0
06-14 15:54:15.808 D/UsageStatsService( 2066): User[0] type=0 b=1781420025805 e=1781420065805 cb=1781348849473 ce=1781420052440 disk=0 all=0
06-14 15:54:15.819 D/UsageStatsService( 2066): User[0] type=0 b=1781420025816 e=1781420065816 cb=1781348849473 ce=1781420052440 disk=0 all=0
06-14 15:54:15.823 D/UsageStatsService( 2066): User[0] type=0 b=1781420025821 e=1781420065821 cb=1781348849473 ce=1781420052440 disk=0 all=0
06-14 15:54:15.827 D/UsageStatsService( 2066): User[0] type=0 b=1781420025824 e=1781420065824 cb=1781348849473 ce=1781420052440 disk=0 all=0
06-14 15:54:15.831 D/UsageStatsService( 2066): User[0] type=0 b=1781420025828 e=1781420065828 cb=1781348849473 ce=1781420052440 disk=0 all=0
06-14 15:54:15.835 D/UsageStatsService( 2066): User[0] type=0 b=1781420025832 e=1781420065832 cb=1781348849473 ce=1781420052440 disk=0 all=0
06-14 15:54:15.839 D/UsageStatsService( 2066): User[0] type=0 b=1781420025837 e=1781420065837 cb=1781348849473 ce=1781420052440 disk=0 all=0
06-14 15:54:15.843 D/UsageStatsService( 2066): User[0] type=0 b=1781420025840 e=1781420065840 cb=1781348849473 ce=1781420052440 disk=0 all=0
06-14 15:54:15.847 D/UsageStatsService( 2066): User[0] type=0 b=1781420025844 e=1781420065844 cb=1781348849473 ce=1781420052440 disk=0 all=0
06-14 15:54:15.850 D/UsageStatsService( 2066): User[0] type=0 b=1781420025848 e=1781420065848 cb=1781348849473 ce=1781420052440 disk=0 all=0
06-14 15:54:15.854 D/UsageStatsService( 2066): User[0] type=0 b=1781420025851 e=1781420065851 cb=1781348849473 ce=1781420052440 disk=0 all=0
06-14 15:54:15.858 D/UsageStatsService( 2066): User[0] type=0 b=1781420025856 e=1781420065856 cb=1781348849473 ce=1781420052440 disk=0 all=0
06-14 15:54:15.862 D/UsageStatsService( 2066): User[0] type=0 b=1781420025860 e=1781420065860 cb=1781348849473 ce=1781420052440 disk=0 all=0
06-14 15:54:15.864 D/UsageStatsService( 2066): User[0] type=0 b=1781420025862 e=1781420065862 cb=1781348849473 ce=1781420052440 disk=0 all=0
06-14 15:54:15.868 D/UsageStatsService( 2066): User[0] type=0 b=1781420025866 e=1781420065866 cb=1781348849473 ce=1781420052440 disk=0 all=0
06-14 15:54:15.869 D/vendor.qti.bluetooth@1.0-wake_lock( 1200): Release wakelock is released 
06-14 15:54:15.872 D/UsageStatsService( 2066): User[0] type=0 b=1781420025870 e=1781420065870 cb=1781348849473 ce=1781420052440 disk=0 all=0
06-14 15:54:16.140 D/UsageStatsService( 2066): User[0] type=0 b=1781420026137 e=1781420066137 cb=1781348849473 ce=1781420052440 disk=0 all=0
06-14 15:54:16.146 D/UsageStatsService( 2066): User[0] type=0 b=1781420026144 e=1781420066144 cb=1781348849473 ce=1781420052440 disk=0 all=0
06-14 15:54:16.151 D/UsageStatsService( 2066): User[0] type=0 b=1781420026149 e=1781420066149 cb=1781348849473 ce=1781420052440 disk=0 all=0
06-14 15:54:16.154 D/UsageStatsService( 2066): User[0] type=0 b=1781420026151 e=1781420066152 cb=1781348849473 ce=1781420052440 disk=0 all=0
06-14 15:54:16.157 D/UsageStatsService( 2066): User[0] type=0 b=1781420026155 e=1781420066155 cb=1781348849473 ce=1781420052440 disk=0 all=0
06-14 15:54:16.168 D/UsageStatsService( 2066): User[0] type=0 b=1781420026166 e=1781420066166 cb=1781348849473 ce=1781420052440 disk=0 all=0
06-14 15:54:16.172 D/UsageStatsService( 2066): User[0] type=0 b=1781420026170 e=1781420066170 cb=1781348849473 ce=1781420052440 disk=0 all=0
06-14 15:54:16.176 D/UsageStatsService( 2066): User[0] type=0 b=1781420026174 e=1781420066174 cb=1781348849473 ce=1781420052440 disk=0 all=0
06-14 15:54:16.180 D/UsageStatsService( 2066): User[0] type=0 b=1781420026178 e=1781420066178 cb=1781348849473 ce=1781420052440 disk=0 all=0
06-14 15:54:16.184 D/UsageStatsService( 2066): User[0] type=0 b=1781420026181 e=1781420066181 cb=1781348849473 ce=1781420052440 disk=0 all=0
06-14 15:54:16.187 D/UsageStatsService( 2066): User[0] type=0 b=1781420026185 e=1781420066185 cb=1781348849473 ce=1781420052440 disk=0 all=0
06-14 15:54:16.191 D/UsageStatsService( 2066): User[0] type=0 b=1781420026188 e=1781420066188 cb=1781348849473 ce=1781420052440 disk=0 all=0
06-14 15:54:16.194 D/UsageStatsService( 2066): User[0] type=0 b=1781420026192 e=1781420066192 cb=1781348849473 ce=1781420052440 disk=0 all=0
06-14 15:54:16.196 D/UsageStatsService( 2066): User[0] type=0 b=1781420026195 e=1781420066195 cb=1781348849473 ce=1781420052440 disk=0 all=0
06-14 15:54:16.200 D/UsageStatsService( 2066): User[0] type=0 b=1781420026198 e=1781420066198 cb=1781348849473 ce=1781420052440 disk=0 all=0
06-14 15:54:16.202 D/UsageStatsService( 2066): User[0] type=0 b=1781420026200 e=1781420066200 cb=1781348849473 ce=1781420052440 disk=0 all=0
06-14 15:54:16.206 D/UsageStatsService( 2066): User[0] type=0 b=1781420026204 e=1781420066204 cb=1781348849473 ce=1781420052440 disk=0 all=0
06-14 15:54:16.211 D/UsageStatsService( 2066): User[0] type=0 b=1781420026209 e=1781420066209 cb=1781348849473 ce=1781420052440 disk=0 all=0
06-14 15:54:16.215 D/UsageStatsService( 2066): User[0] type=0 b=1781420026212 e=1781420066212 cb=1781348849473 ce=1781420052440 disk=0 all=0
06-14 15:54:16.218 D/UsageStatsService( 2066): User[0] type=0 b=1781420026216 e=1781420066216 cb=1781348849473 ce=1781420052440 disk=0 all=0
06-14 15:54:16.223 D/UsageStatsService( 2066): User[0] type=0 b=1781420026221 e=1781420066221 cb=1781348849473 ce=1781420052440 disk=0 all=0
06-14 15:54:16.262 I/SystemUi--Statusbar( 3476): BatteryControllerExt-->handleBroadcast() : broadcast = android.intent.action.BATTERY_CHANGED, charging = true, wirelessCharging = false, wirelessChargingReverse = false, pluggedIn = true, full = false, error = false, plugged = 2, status = 2, notifyCode = 0, wirelessReverseChgType = 0, level = 89
06-14 15:54:16.262 I/SystemUi--Statusbar( 3476): BatteryRepository-->model: BatteryStateModel:(level: 89, pluggedInWireless: false, charging: true, wirelessChargingReverse: false)
06-14 15:54:16.262 W/SystemUi--Keyguard( 3476): ChargingAnimationImpl-->BatteryStatus is same as last time , return
06-14 15:54:16.264 D/SubsysBroadcastManager( 4039): onReceive action:android.intent.action.BATTERY_CHANGED
06-14 15:54:16.265 W/ActivityManager( 2066): Receiver with filter android.content.IntentFilter@d6cc6ab already registered for pid 2066, callerPackage is android
06-14 15:54:16.267 E/VendorNfcService( 7002): changeNfcStateByWirelessCharge: feature WIRELESS_CHARGING = true; mIsWirelessCharging: false; mIsReverseChargingSwitchOpen: false; mNfcWorkMode: 0; isOverSeaRegion() = true
06-14 15:54:16.267 D/DeviceStatisticsService(28314): onReceive: action= android.intent.action.BATTERY_CHANGED
06-14 15:54:16.270 E/Battery ( 6222): a: getAISleepDuration: predictResult is null.
06-14 15:54:16.270 E/Battery ( 6222): ChargeProtectionUtils: mCanlendarTmp.isEmpty()!
06-14 15:54:16.416 D/OplusSmartBrightnessController( 2066): handleMessage MSG_LUX_CHANGED, mLux:486.75613 luxQueue=[486.75616, 486.75616, 486.75616, 486.75616, 486.75616, 486.75616]
06-14 15:54:16.490 D/UsageStatsService( 2066): User[0] type=0 b=1781420026487 e=1781420066487 cb=1781348849473 ce=1781420052440 disk=0 all=0
06-14 15:54:16.498 D/UsageStatsService( 2066): User[0] type=0 b=1781420026495 e=1781420066495 cb=1781348849473 ce=1781420052440 disk=0 all=0
06-14 15:54:16.502 D/UsageStatsService( 2066): User[0] type=0 b=1781420026499 e=1781420066499 cb=1781348849473 ce=1781420052440 disk=0 all=0
06-14 15:54:16.507 D/UsageStatsService( 2066): User[0] type=0 b=1781420026504 e=1781420066504 cb=1781348849473 ce=1781420052440 disk=0 all=0
06-14 15:54:16.510 D/UsageStatsService( 2066): User[0] type=0 b=1781420026508 e=1781420066508 cb=1781348849473 ce=1781420052440 disk=0 all=0
06-14 15:54:16.518 D/UsageStatsService( 2066): User[0] type=0 b=1781420026515 e=1781420066515 cb=1781348849473 ce=1781420052440 disk=0 all=0
06-14 15:54:16.523 D/UsageStatsService( 2066): User[0] type=0 b=1781420026521 e=1781420066521 cb=1781348849473 ce=1781420052440 disk=0 all=0
06-14 15:54:16.527 D/UsageStatsService( 2066): User[0] type=0 b=1781420026524 e=1781420066524 cb=1781348849473 ce=1781420052440 disk=0 all=0
06-14 15:54:16.531 D/UsageStatsService( 2066): User[0] type=0 b=1781420026528 e=1781420066528 cb=1781348849473 ce=1781420052440 disk=0 all=0
06-14 15:54:16.535 D/UsageStatsService( 2066): User[0] type=0 b=1781420026532 e=1781420066532 cb=1781348849473 ce=1781420052440 disk=0 all=0
06-14 15:54:16.538 D/UsageStatsService( 2066): User[0] type=0 b=1781420026536 e=1781420066536 cb=1781348849473 ce=1781420052440 disk=0 all=0
06-14 15:54:16.542 D/UsageStatsService( 2066): User[0] type=0 b=1781420026539 e=1781420066539 cb=1781348849473 ce=1781420052440 disk=0 all=0
06-14 15:54:16.545 D/UsageStatsService( 2066): User[0] type=0 b=1781420026543 e=1781420066543 cb=1781348849473 ce=1781420052440 disk=0 all=0
06-14 15:54:16.548 D/UsageStatsService( 2066): User[0] type=0 b=1781420026546 e=1781420066546 cb=1781348849473 ce=1781420052440 disk=0 all=0
06-14 15:54:16.550 D/UsageStatsService( 2066): User[0] type=0 b=1781420026548 e=1781420066548 cb=1781348849473 ce=1781420052440 disk=0 all=0
06-14 15:54:16.553 D/UsageStatsService( 2066): User[0] type=0 b=1781420026551 e=1781420066551 cb=1781348849473 ce=1781420052440 disk=0 all=0
06-14 15:54:16.556 D/UsageStatsService( 2066): User[0] type=0 b=1781420026554 e=1781420066554 cb=1781348849473 ce=1781420052440 disk=0 all=0
06-14 15:54:16.558 D/UsageStatsService( 2066): User[0] type=0 b=1781420026556 e=1781420066556 cb=1781348849473 ce=1781420052440 disk=0 all=0
06-14 15:54:16.561 D/UsageStatsService( 2066): User[0] type=0 b=1781420026559 e=1781420066559 cb=1781348849473 ce=1781420052440 disk=0 all=0
06-14 15:54:16.564 D/UsageStatsService( 2066): User[0] type=0 b=1781420026563 e=1781420066563 cb=1781348849473 ce=1781420052440 disk=0 all=0
06-14 15:54:16.568 D/UsageStatsService( 2066): User[0] type=0 b=1781420026566 e=1781420066566 cb=1781348849473 ce=1781420052440 disk=0 all=0
06-14 15:54:16.571 D/UsageStatsService( 2066): User[0] type=0 b=1781420026570 e=1781420066570 cb=1781348849473 ce=1781420052440 disk=0 all=0
06-14 15:54:16.573 D/UsageStatsService( 2066): User[0] type=0 b=1781420026572 e=1781420066572 cb=1781348849473 ce=1781420052440 disk=0 all=0
06-14 15:54:16.773 I/OplusHansManager ( 2066): unfreeze uid: 10370 com.facebook.orca pids: [5961] reason: AsyncBinder scene: LcdOn
06-14 15:54:16.775 I/OplusHansManager ( 2066): uid=10370, pkg=com.facebook.orca F exit(), F stay=2, reason=AsyncBinder
06-14 15:54:16.780 I/OplusHansManager ( 2066): unfreeze uid: 10524 com.ss.android.ugc.tiktok.lite pids: [9983] reason: AsyncBinder scene: LcdOn
06-14 15:54:16.781 I/OplusHansManager ( 2066): uid=10524, pkg=com.ss.android.ugc.tiktok.lite F exit(), F stay=2, reason=AsyncBinder
06-14 15:54:16.782 I/OplusHansManager ( 2066): unfreeze uid: 10487 com.instagram.barcelona pids: [10411] reason: AsyncBinder scene: LcdOn
06-14 15:54:16.783 I/OplusHansManager ( 2066): uid=10487, pkg=com.instagram.barcelona F exit(), F stay=2, reason=AsyncBinder
06-14 15:54:16.799 I/DGW     (10411): I[notifyStreamGroupError:1883] StreamGroupTransport[rpsignaling] notify StreamGroup error: TransientError domain: MNSQUICConnection code: 1 detail: Local error: 0x40000015: 30 seconds timeout
06-14 15:54:16.801 I/DGW     (10411): I[onStreamGroupError:666] DGW: StreamGroup error: TransientError domain: MNSQUICConnection code: 1 detail: Local error: 0x40000015: 30 seconds timeout
06-14 15:54:16.801 I/DGW     (10411): I[clearStream:302] DGW: Clearing stream coordinators
06-14 15:54:16.801 I/DGW     (10411): I[closeStream:352] DGW: Closing stream: streamId=1, reason=StreamCoordinator destroyed
06-14 15:54:16.802 I/DGW     (10411): I[startNewStream:257] DGW: Starting new stream, traceId=90249947339075838072668332976_2
06-14 15:54:16.802 I/DGW     (10411): I[start:39] DGW: StreamGroup starting: traceId=90249947339075838072668332976_2, service=rpsignaling
06-14 15:54:16.808 W/DGW     (10411): W[setEnabled:191] StreamGroupPinger[rpsignaling]: setEnabled: 0
06-14 15:54:16.814 I/DGW     (10411): I[addStreamCoordinator:211] DGW: Adding stream coordinator (DC)
06-14 15:54:16.814 I/DGW     (10411): I[establishStream:289] DGW: Establishing stream: streamId=1
06-14 15:54:16.814 I/DGW     (10411): I[establishStream:96] DGW: StreamGroup establishing stream: traceId=1
06-14 15:54:16.814 I/DGW     (10411): I[onConnecting:182] DGW: StreamGroup connecting: traceId=90249947339075838072668332976_2_1
06-14 15:54:16.824 D/SurfaceFlinger( 1374): captureDisplay from pid 1374 uid -1 display 4630946962717273473
06-14 15:54:16.839 D/UsageStatsService( 2066): User[0] type=0 b=1781420026836 e=1781420066836 cb=1781348849473 ce=1781420052440 disk=0 all=0
06-14 15:54:16.842 D/UsageStatsService( 2066): User[0] type=0 b=1781420026840 e=1781420066840 cb=1781348849473 ce=1781420052440 disk=0 all=0
06-14 15:54:16.847 D/UsageStatsService( 2066): User[0] type=0 b=1781420026845 e=1781420066845 cb=1781348849473 ce=1781420052440 disk=0 all=0
06-14 15:54:16.851 D/UsageStatsService( 2066): User[0] type=0 b=1781420026848 e=1781420066848 cb=1781348849473 ce=1781420052440 disk=0 all=0
06-14 15:54:16.854 D/UsageStatsService( 2066): User[0] type=0 b=1781420026852 e=1781420066852 cb=1781348849473 ce=1781420052440 disk=0 all=0
06-14 15:54:16.859 D/UsageStatsService( 2066): User[0] type=0 b=1781420026857 e=1781420066857 cb=1781348849473 ce=1781420052440 disk=0 all=0
06-14 15:54:16.866 W/DGW     (10411): W[setEnabled:191] StreamGroupPinger[rpsignaling]: setEnabled: 1
06-14 15:54:16.866 I/DGW     (10411): I[onStreamReady:587] DGW: Stream ready, streamId: 1
06-14 15:54:16.868 D/UsageStatsService( 2066): User[0] type=0 b=1781420026866 e=1781420066866 cb=1781348849473 ce=1781420052440 disk=0 all=0
06-14 15:54:16.872 D/UsageStatsService( 2066): User[0] type=0 b=1781420026870 e=1781420066870 cb=1781348849473 ce=1781420052440 disk=0 all=0
06-14 15:54:16.875 D/UsageStatsService( 2066): User[0] type=0 b=1781420026873 e=1781420066873 cb=1781348849473 ce=1781420052440 disk=0 all=0
06-14 15:54:16.877 D/UsageStatsService( 2066): User[0] type=0 b=1781420026876 e=1781420066876 cb=1781348849473 ce=1781420052440 disk=0 all=0
06-14 15:54:16.883 D/UsageStatsService( 2066): User[0] type=0 b=1781420026881 e=1781420066881 cb=1781348849473 ce=1781420052440 disk=0 all=0
06-14 15:54:16.887 D/UsageStatsService( 2066): User[0] type=0 b=1781420026885 e=1781420066885 cb=1781348849473 ce=1781420052440 disk=0 all=0
06-14 15:54:16.890 D/UsageStatsService( 2066): User[0] type=0 b=1781420026888 e=1781420066888 cb=1781348849473 ce=1781420052440 disk=0 all=0
06-14 15:54:16.893 D/UsageStatsService( 2066): User[0] type=0 b=1781420026891 e=1781420066891 cb=1781348849473 ce=1781420052440 disk=0 all=0
06-14 15:54:16.897 D/UsageStatsService( 2066): User[0] type=0 b=1781420026895 e=1781420066895 cb=1781348849473 ce=1781420052440 disk=0 all=0
06-14 15:54:16.903 D/UsageStatsService( 2066): User[0] type=0 b=1781420026901 e=1781420066901 cb=1781348849473 ce=1781420052440 disk=0 all=0
06-14 15:54:16.907 D/UsageStatsService( 2066): User[0] type=0 b=1781420026904 e=1781420066904 cb=1781348849473 ce=1781420052440 disk=0 all=0
06-14 15:54:16.910 D/UsageStatsService( 2066): User[0] type=0 b=1781420026908 e=1781420066908 cb=1781348849473 ce=1781420052440 disk=0 all=0
06-14 15:54:16.914 D/UsageStatsService( 2066): User[0] type=0 b=1781420026912 e=1781420066912 cb=1781348849473 ce=1781420052440 disk=0 all=0
06-14 15:54:16.919 D/UsageStatsService( 2066): User[0] type=0 b=1781420026916 e=1781420066916 cb=1781348849473 ce=1781420052440 disk=0 all=0
06-14 15:54:16.923 D/UsageStatsService( 2066): User[0] type=0 b=1781420026921 e=1781420066921 cb=1781348849473 ce=1781420052440 disk=0 all=0
06-14 15:54:16.994 W/DGW     (10411): W[onSuccessfulResponse:926] StreamGroupTransport[rpsignaling] on successful response. DGW is now connected.
06-14 15:54:16.995 I/DGW     (10411): I[onStreamGroupCreation:715] DGW: StreamGroup ready
06-14 15:54:17.190 D/UsageStatsService( 2066): User[0] type=0 b=1781420027187 e=1781420067187 cb=1781348849473 ce=1781420052440 disk=0 all=0
06-14 15:54:17.194 W/msgr.JDGWNetworkRevalidatorBridge( 5961): No active network to report connectivity issue
06-14 15:54:17.198 D/UsageStatsService( 2066): User[0] type=0 b=1781420027195 e=1781420067195 cb=1781348849473 ce=1781420052440 disk=0 all=0
06-14 15:54:17.204 D/UsageStatsService( 2066): User[0] type=0 b=1781420027202 e=1781420067202 cb=1781348849473 ce=1781420052440 disk=0 all=0
06-14 15:54:17.208 D/UsageStatsService( 2066): User[0] type=0 b=1781420027205 e=1781420067205 cb=1781348849473 ce=1781420052440 disk=0 all=0
06-14 15:54:17.218 D/UsageStatsService( 2066): User[0] type=0 b=1781420027216 e=1781420067216 cb=1781348849473 ce=1781420052440 disk=0 all=0
06-14 15:54:17.223 D/UsageStatsService( 2066): User[0] type=0 b=1781420027221 e=1781420067221 cb=1781348849473 ce=1781420052440 disk=0 all=0
06-14 15:54:17.225 D/UsageStatsService( 2066): User[0] type=0 b=1781420027224 e=1781420067224 cb=1781348849473 ce=1781420052440 disk=0 all=0
06-14 15:54:17.228 D/UsageStatsService( 2066): User[0] type=0 b=1781420027227 e=1781420067227 cb=1781348849473 ce=1781420052440 disk=0 all=0
06-14 15:54:17.230 E/msgr.msys( 5961): E[N mns:DGWClient]_LogError(304)=>Failed to resolve using system DNS resolver, getaddrinfo(): No address associated with hostname
06-14 15:54:17.233 D/UsageStatsService( 2066): User[0] type=0 b=1781420027231 e=1781420067231 cb=1781348849473 ce=1781420052440 disk=0 all=0
06-14 15:54:17.235 D/UsageStatsService( 2066): User[0] type=0 b=1781420027234 e=1781420067234 cb=1781348849473 ce=1781420052440 disk=0 all=0
06-14 15:54:17.237 E/msgr.msys( 5961): E[N mns:DGWClient]_LogError(304)=>Failed to resolve using system DNS resolver, getaddrinfo(): No address associated with hostname
06-14 15:54:17.239 D/UsageStatsService( 2066): User[0] type=0 b=1781420027237 e=1781420067237 cb=1781348849473 ce=1781420052440 disk=0 all=0
06-14 15:54:17.240 D/UsageStatsService( 2066): User[0] type=0 b=1781420027239 e=1781420067239 cb=1781348849473 ce=1781420052440 disk=0 all=0
06-14 15:54:17.242 D/UsageStatsService( 2066): User[0] type=0 b=1781420027241 e=1781420067241 cb=1781348849473 ce=1781420052440 disk=0 all=0
06-14 15:54:17.244 D/UsageStatsService( 2066): User[0] type=0 b=1781420027243 e=1781420067243 cb=1781348849473 ce=1781420052440 disk=0 all=0
06-14 15:54:17.248 D/UsageStatsService( 2066): User[0] type=0 b=1781420027247 e=1781420067247 cb=1781348849473 ce=1781420052440 disk=0 all=0
06-14 15:54:17.249 D/UsageStatsService( 2066): User[0] type=0 b=1781420027248 e=1781420067248 cb=1781348849473 ce=1781420052440 disk=0 all=0
06-14 15:54:17.251 D/UsageStatsService( 2066): User[0] type=0 b=1781420027250 e=1781420067250 cb=1781348849473 ce=1781420052440 disk=0 all=0
06-14 15:54:17.254 D/UsageStatsService( 2066): User[0] type=0 b=1781420027252 e=1781420067252 cb=1781348849473 ce=1781420052440 disk=0 all=0
06-14 15:54:17.258 D/UsageStatsService( 2066): User[0] type=0 b=1781420027256 e=1781420067256 cb=1781348849473 ce=1781420052440 disk=0 all=0
06-14 15:54:17.261 D/UsageStatsService( 2066): User[0] type=0 b=1781420027259 e=1781420067259 cb=1781348849473 ce=1781420052440 disk=0 all=0
06-14 15:54:17.264 D/UsageStatsService( 2066): User[0] type=0 b=1781420027262 e=1781420067262 cb=1781348849473 ce=1781420052440 disk=0 all=0
06-14 15:54:17.265 D/UsageStatsService( 2066): User[0] type=0 b=1781420027264 e=1781420067264 cb=1781348849473 ce=1781420052440 disk=0 all=0
06-14 15:54:17.271 D/WifiStaIfaceHidlImpl( 2066): getCachedScanData is not implemented by HIDL
06-14 15:54:17.272 D/UsageStatsService( 2066): User[0] type=0 b=1781420027271 e=1781420067271 cb=1781348849473 ce=1781420052440 disk=0 all=0
06-14 15:54:17.294 D/ProcessCpuTrackerExtImpl( 2066): mContext is already set, return now! 
06-14 15:54:17.338 D/SurfaceFlinger( 1374): captureDisplay from pid 1374 uid -1 display 4630946962717273473
06-14 15:54:17.540 D/UsageStatsService( 2066): User[0] type=0 b=1781420027537 e=1781420067537 cb=1781348849473 ce=1781420052440 disk=0 all=0
06-14 15:54:17.548 D/UsageStatsService( 2066): User[0] type=0 b=1781420027544 e=1781420067544 cb=1781348849473 ce=1781420052440 disk=0 all=0
06-14 15:54:17.552 D/UsageStatsService( 2066): User[0] type=0 b=1781420027550 e=1781420067550 cb=1781348849473 ce=1781420052440 disk=0 all=0
06-14 15:54:17.558 D/UsageStatsService( 2066): User[0] type=0 b=1781420027555 e=1781420067555 cb=1781348849473 ce=1781420052440 disk=0 all=0
06-14 15:54:17.569 D/UsageStatsService( 2066): User[0] type=0 b=1781420027566 e=1781420067566 cb=1781348849473 ce=1781420052440 disk=0 all=0
06-14 15:54:17.574 D/UsageStatsService( 2066): User[0] type=0 b=1781420027571 e=1781420067571 cb=1781348849473 ce=1781420052440 disk=0 all=0
06-14 15:54:17.578 D/UsageStatsService( 2066): User[0] type=0 b=1781420027576 e=1781420067576 cb=1781348849473 ce=1781420052440 disk=0 all=0
06-14 15:54:17.582 D/UsageStatsService( 2066): User[0] type=0 b=1781420027579 e=1781420067579 cb=1781348849473 ce=1781420052440 disk=0 all=0
06-14 15:54:17.587 D/UsageStatsService( 2066): User[0] type=0 b=1781420027584 e=1781420067584 cb=1781348849473 ce=1781420052440 disk=0 all=0
06-14 15:54:17.590 D/UsageStatsService( 2066): User[0] type=0 b=1781420027587 e=1781420067587 cb=1781348849473 ce=1781420052440 disk=0 all=0
06-14 15:54:17.593 D/UsageStatsService( 2066): User[0] type=0 b=1781420027591 e=1781420067591 cb=1781348849473 ce=1781420052440 disk=0 all=0
06-14 15:54:17.597 D/UsageStatsService( 2066): User[0] type=0 b=1781420027594 e=1781420067594 cb=1781348849473 ce=1781420052440 disk=0 all=0
06-14 15:54:17.600 D/UsageStatsService( 2066): User[0] type=0 b=1781420027598 e=1781420067598 cb=1781348849473 ce=1781420052440 disk=0 all=0
06-14 15:54:17.604 D/UsageStatsService( 2066): User[0] type=0 b=1781420027602 e=1781420067602 cb=1781348849473 ce=1781420052440 disk=0 all=0
06-14 15:54:17.607 D/UsageStatsService( 2066): User[0] type=0 b=1781420027605 e=1781420067605 cb=1781348849473 ce=1781420052440 disk=0 all=0
06-14 15:54:17.611 D/UsageStatsService( 2066): User[0] type=0 b=1781420027608 e=1781420067608 cb=1781348849473 ce=1781420052440 disk=0 all=0
06-14 15:54:17.614 D/UsageStatsService( 2066): User[0] type=0 b=1781420027612 e=1781420067612 cb=1781348849473 ce=1781420052440 disk=0 all=0
06-14 15:54:17.619 D/UsageStatsService( 2066): User[0] type=0 b=1781420027616 e=1781420067616 cb=1781348849473 ce=1781420052440 disk=0 all=0
06-14 15:54:17.623 D/UsageStatsService( 2066): User[0] type=0 b=1781420027621 e=1781420067621 cb=1781348849473 ce=1781420052440 disk=0 all=0
06-14 15:54:17.891 D/UsageStatsService( 2066): User[0] type=0 b=1781420027887 e=1781420067887 cb=1781348849473 ce=1781420052440 disk=0 all=0
06-14 15:54:17.897 D/UsageStatsService( 2066): User[0] type=0 b=1781420027895 e=1781420067895 cb=1781348849473 ce=1781420052440 disk=0 all=0
06-14 15:54:17.902 D/UsageStatsService( 2066): User[0] type=0 b=1781420027899 e=1781420067899 cb=1781348849473 ce=1781420052440 disk=0 all=0
06-14 15:54:17.906 D/UsageStatsService( 2066): User[0] type=0 b=1781420027903 e=1781420067903 cb=1781348849473 ce=1781420052440 disk=0 all=0
06-14 15:54:17.910 D/UsageStatsService( 2066): User[0] type=0 b=1781420027907 e=1781420067907 cb=1781348849473 ce=1781420052440 disk=0 all=0
06-14 15:54:17.919 D/UsageStatsService( 2066): User[0] type=0 b=1781420027916 e=1781420067916 cb=1781348849473 ce=1781420052440 disk=0 all=0
06-14 15:54:17.923 D/UsageStatsService( 2066): User[0] type=0 b=1781420027920 e=1781420067920 cb=1781348849473 ce=1781420052440 disk=0 all=0
06-14 15:54:17.927 D/UsageStatsService( 2066): User[0] type=0 b=1781420027924 e=1781420067924 cb=1781348849473 ce=1781420052440 disk=0 all=0
06-14 15:54:17.932 D/UsageStatsService( 2066): User[0] type=0 b=1781420027929 e=1781420067929 cb=1781348849473 ce=1781420052440 disk=0 all=0
06-14 15:54:17.935 D/UsageStatsService( 2066): User[0] type=0 b=1781420027932 e=1781420067932 cb=1781348849473 ce=1781420052440 disk=0 all=0
06-14 15:54:17.937 D/UsageStatsService( 2066): User[0] type=0 b=1781420027935 e=1781420067935 cb=1781348849473 ce=1781420052440 disk=0 all=0
06-14 15:54:17.940 D/UsageStatsService( 2066): User[0] type=0 b=1781420027938 e=1781420067938 cb=1781348849473 ce=1781420052440 disk=0 all=0
06-14 15:54:17.943 D/UsageStatsService( 2066): User[0] type=0 b=1781420027941 e=1781420067941 cb=1781348849473 ce=1781420052440 disk=0 all=0
06-14 15:54:17.946 D/UsageStatsService( 2066): User[0] type=0 b=1781420027944 e=1781420067944 cb=1781348849473 ce=1781420052440 disk=0 all=0
06-14 15:54:17.949 D/UsageStatsService( 2066): User[0] type=0 b=1781420027947 e=1781420067947 cb=1781348849473 ce=1781420052440 disk=0 all=0
06-14 15:54:17.952 D/UsageStatsService( 2066): User[0] type=0 b=1781420027950 e=1781420067950 cb=1781348849473 ce=1781420052440 disk=0 all=0
06-14 15:54:17.954 D/UsageStatsService( 2066): User[0] type=0 b=1781420027952 e=1781420067952 cb=1781348849473 ce=1781420052440 disk=0 all=0
06-14 15:54:17.958 D/UsageStatsService( 2066): User[0] type=0 b=1781420027956 e=1781420067956 cb=1781348849473 ce=1781420052440 disk=0 all=0
06-14 15:54:17.961 D/UsageStatsService( 2066): User[0] type=0 b=1781420027959 e=1781420067959 cb=1781348849473 ce=1781420052440 disk=0 all=0
06-14 15:54:17.964 D/UsageStatsService( 2066): User[0] type=0 b=1781420027962 e=1781420067962 cb=1781348849473 ce=1781420052440 disk=0 all=0
06-14 15:54:17.966 D/UsageStatsService( 2066): User[0] type=0 b=1781420027964 e=1781420067964 cb=1781348849473 ce=1781420052440 disk=0 all=0
06-14 15:54:17.972 D/UsageStatsService( 2066): User[0] type=0 b=1781420027971 e=1781420067971 cb=1781348849473 ce=1781420052440 disk=0 all=0
06-14 15:54:18.239 D/UsageStatsService( 2066): User[0] type=0 b=1781420028237 e=1781420068237 cb=1781348849473 ce=1781420052440 disk=0 all=0
06-14 15:54:18.247 D/UsageStatsService( 2066): User[0] type=0 b=1781420028245 e=1781420068245 cb=1781348849473 ce=1781420052440 disk=0 all=0
06-14 15:54:18.251 D/UsageStatsService( 2066): User[0] type=0 b=1781420028249 e=1781420068249 cb=1781348849473 ce=1781420052440 disk=0 all=0
06-14 15:54:18.255 D/UsageStatsService( 2066): User[0] type=0 b=1781420028253 e=1781420068253 cb=1781348849473 ce=1781420052440 disk=0 all=0
06-14 15:54:18.260 D/UsageStatsService( 2066): User[0] type=0 b=1781420028258 e=1781420068258 cb=1781348849473 ce=1781420052440 disk=0 all=0
06-14 15:54:18.268 D/UsageStatsService( 2066): User[0] type=0 b=1781420028265 e=1781420068265 cb=1781348849473 ce=1781420052440 disk=0 all=0
06-14 15:54:18.272 D/UsageStatsService( 2066): User[0] type=0 b=1781420028270 e=1781420068270 cb=1781348849473 ce=1781420052440 disk=0 all=0
06-14 15:54:18.275 D/UsageStatsService( 2066): User[0] type=0 b=1781420028272 e=1781420068272 cb=1781348849473 ce=1781420052440 disk=0 all=0
06-14 15:54:18.278 D/UsageStatsService( 2066): User[0] type=0 b=1781420028276 e=1781420068276 cb=1781348849473 ce=1781420052440 disk=0 all=0
06-14 15:54:18.280 D/UsageStatsService( 2066): User[0] type=0 b=1781420028278 e=1781420068278 cb=1781348849473 ce=1781420052440 disk=0 all=0
06-14 15:54:18.282 I/OplusHansManager ( 2066): uid=10370, pkg=com.facebook.orca can not transition from M to F. reason: AsyncBinder
06-14 15:54:18.283 D/UsageStatsService( 2066): User[0] type=0 b=1781420028281 e=1781420068281 cb=1781348849473 ce=1781420052440 disk=0 all=0
06-14 15:54:18.286 D/UsageStatsService( 2066): User[0] type=0 b=1781420028285 e=1781420068285 cb=1781348849473 ce=1781420052440 disk=0 all=0
06-14 15:54:18.286 I/OplusHansManager ( 2066): uid=10524, pkg=com.ss.android.ugc.tiktok.lite can not transition from M to F. reason: AsyncBinder
06-14 15:54:18.289 D/UsageStatsService( 2066): User[0] type=0 b=1781420028287 e=1781420068287 cb=1781348849473 ce=1781420052440 disk=0 all=0
06-14 15:54:18.290 I/OplusHansManager ( 2066): uid=10487, pkg=com.instagram.barcelona can not transition from M to F. reason: AsyncBinder
06-14 15:54:18.291 D/UsageStatsService( 2066): User[0] type=0 b=1781420028290 e=1781420068290 cb=1781348849473 ce=1781420052440 disk=0 all=0
06-14 15:54:18.294 D/UsageStatsService( 2066): User[0] type=0 b=1781420028292 e=1781420068292 cb=1781348849473 ce=1781420052440 disk=0 all=0
06-14 15:54:18.298 D/UsageStatsService( 2066): User[0] type=0 b=1781420028297 e=1781420068297 cb=1781348849473 ce=1781420052440 disk=0 all=0
06-14 15:54:18.303 D/UsageStatsService( 2066): User[0] type=0 b=1781420028300 e=1781420068300 cb=1781348849473 ce=1781420052440 disk=0 all=0
06-14 15:54:18.306 D/UsageStatsService( 2066): User[0] type=0 b=1781420028304 e=1781420068304 cb=1781348849473 ce=1781420052440 disk=0 all=0
06-14 15:54:18.308 D/UsageStatsService( 2066): User[0] type=0 b=1781420028306 e=1781420068306 cb=1781348849473 ce=1781420052440 disk=0 all=0
06-14 15:54:18.310 D/UsageStatsService( 2066): User[0] type=0 b=1781420028309 e=1781420068309 cb=1781348849473 ce=1781420052440 disk=0 all=0
06-14 15:54:18.315 D/UsageStatsService( 2066): User[0] type=0 b=1781420028312 e=1781420068312 cb=1781348849473 ce=1781420052440 disk=0 all=0
06-14 15:54:18.318 D/UsageStatsService( 2066): User[0] type=0 b=1781420028317 e=1781420068317 cb=1781348849473 ce=1781420052440 disk=0 all=0
06-14 15:54:18.322 D/UsageStatsService( 2066): User[0] type=0 b=1781420028320 e=1781420068320 cb=1781348849473 ce=1781420052440 disk=0 all=0
06-14 15:54:18.336 I/vendor.qti.bluetooth@1.0-ibs_handler( 1200): ProcessIbsCmd: Received IBS_WAKE_IND: 0xFD
06-14 15:54:18.336 D/vendor.qti.bluetooth@1.0-ibs_handler( 1200): SerialClockVote: vote for UART CLK ON
06-14 15:54:18.339 D/vendor.qti.bluetooth@1.0-wake_lock( 1200): Acquire wakelock is acquired 
06-14 15:54:18.339 I/vendor.qti.bluetooth@1.0-ibs_handler( 1200): ProcessIbsCmd: Writing IBS_WAKE_ACK
06-14 15:54:18.344 E/adv_data_processor(17806): adv data modified, but len check fail or data invalid, stay intact
06-14 15:54:18.364 E/adv_data_processor(17806): adv data modified, but len check fail or data invalid, stay intact
06-14 15:54:18.397 E/adv_data_processor(17806): adv data modified, but len check fail or data invalid, stay intact
06-14 15:54:18.435 I/vendor.qti.bluetooth@1.0-ibs_handler( 1200): ProcessIbsCmd: Received IBS_SLEEP_IND: 0xFE
06-14 15:54:18.435 D/vendor.qti.bluetooth@1.0-ibs_handler( 1200): SerialClockVote: vote for UART CLK OFF
06-14 15:54:18.586 D/vendor.qti.bluetooth@1.0-wake_lock( 1200): Release wakelock is released 
06-14 15:54:18.587 I/vendor.qti.bluetooth@1.0-ibs_handler( 1200): ProcessIbsCmd: Received IBS_WAKE_IND: 0xFD
06-14 15:54:18.587 D/vendor.qti.bluetooth@1.0-ibs_handler( 1200): SerialClockVote: vote for UART CLK ON
06-14 15:54:18.587 D/vendor.qti.bluetooth@1.0-wake_lock( 1200): Acquire wakelock is acquired 
06-14 15:54:18.587 I/vendor.qti.bluetooth@1.0-ibs_handler( 1200): ProcessIbsCmd: Writing IBS_WAKE_ACK
06-14 15:54:18.590 I/bt_stack(17806): [INFO:btm_devctl.cc(1308)] BTM_BT_Quality_Report_VSE_CBack: BQR sub event, report length: 55
06-14 15:54:18.590 D/UsageStatsService( 2066): User[0] type=0 b=1781420028587 e=1781420068587 cb=1781348849473 ce=1781420052440 disk=0 all=0
06-14 15:54:18.590 I/bt_btif_vendor(17806): btif_vendor_bqr_delivery_event: len: 55, addr: 08:16:d5:a4:f9:3e, lmp_ver: 13, manufacturer_id: 688, lmp_subver: 789
06-14 15:54:18.591 I/BluetoothVendorJni(17806): bqr_delivery_callback
06-14 15:54:18.597 D/UsageStatsService( 2066): User[0] type=0 b=1781420028594 e=1781420068594 cb=1781348849473 ce=1781420052440 disk=0 all=0
06-14 15:54:18.600 I/BluetoothVendorService(17806): BQR: {
06-14 15:54:18.600 I/BluetoothVendorService(17806):   mAddr: 08:16:D5:A4:F9:3E, mLmpVer: 0x0D, mLmpSubVer: 0x0315, mManufacturerId: 0x02B0, mName: Xiaomi Smart Band 9 F93E, mBluetoothClass: 1f00,
06-14 15:54:18.600 I/BluetoothVendorService(17806):   BqrCommon: {
06-14 15:54:18.600 I/BluetoothVendorService(17806):     mQualityReportId: Quality monitor(0x01), mPacketType: TYPE_NULL(0x02), mConnectionHandle: 0x0003, mConnectionRole: 0(0), mTxPowerLevel: 9, mRssi: -52, mSnr: 0, mUnusedAfhChannelCount: 21,
06-14 15:54:18.600 I/BluetoothVendorService(17806):     mAfhSelectUnidealChannelCount: 0, mLsto: 8000, mPiconetClock: 0x0914F5A1, mRetransmissionCount: 0, mNoRxCount: 0, mNakCount: 0, mLastTxAckTimestamp: 0x00000000, mFlowOffCount: 0,
06-14 15:54:18.600 I/BluetoothVendorService(17806):     mLastFlowOnTimestamp: 0x0FFFFFEE, mOverflowCount: 0, mUnderflowCount: 0, mAddr: 08:16:D5:A4:F9:3E, mCalFailedItemCount: 0
06-14 15:54:18.600 I/BluetoothVendorService(17806):   }
06-14 15:54:18.600 I/BluetoothVendorService(17806): }
06-14 15:54:18.600 D/UsageStatsService( 2066): User[0] type=0 b=1781420028598 e=1781420068598 cb=1781348849473 ce=1781420052440 disk=0 all=0
06-14 15:54:18.601 D/OplusBluetoothQoSManager(17806): received bqr xx 
06-14 15:54:18.601 I/oplus_bt_dual_sync(17806): stack_down_sync_action: type=18, len=17
06-14 15:54:18.601 I/oplus_bt_qos_monitor(17806): get_oplus_qos_data getting qos data
06-14 15:54:18.603 D/UsageStatsService( 2066): User[0] type=0 b=1781420028601 e=1781420068601 cb=1781348849473 ce=1781420052440 disk=0 all=0
06-14 15:54:18.606 D/UsageStatsService( 2066): User[0] type=0 b=1781420028604 e=1781420068604 cb=1781348849473 ce=1781420052440 disk=0 all=0
06-14 15:54:18.609 D/UsageStatsService( 2066): User[0] type=0 b=1781420028607 e=1781420068608 cb=1781348849473 ce=1781420052440 disk=0 all=0
06-14 15:54:18.618 D/UsageStatsService( 2066): User[0] type=0 b=1781420028616 e=1781420068616 cb=1781348849473 ce=1781420052440 disk=0 all=0
06-14 15:54:18.623 D/UsageStatsService( 2066): User[0] type=0 b=1781420028621 e=1781420068621 cb=1781348849473 ce=1781420052440 disk=0 all=0
06-14 15:54:18.625 D/UsageStatsService( 2066): User[0] type=0 b=1781420028623 e=1781420068623 cb=1781348849473 ce=1781420052440 disk=0 all=0
06-14 15:54:18.628 I/vendor.qti.bluetooth@1.0-ibs_handler( 1200): ProcessIbsCmd: Received IBS_SLEEP_IND: 0xFE
06-14 15:54:18.628 D/vendor.qti.bluetooth@1.0-ibs_handler( 1200): SerialClockVote: vote for UART CLK OFF
06-14 15:54:18.629 D/UsageStatsService( 2066): User[0] type=0 b=1781420028627 e=1781420068627 cb=1781348849473 ce=1781420052440 disk=0 all=0
06-14 15:54:18.633 D/UsageStatsService( 2066): User[0] type=0 b=1781420028631 e=1781420068631 cb=1781348849473 ce=1781420052440 disk=0 all=0
06-14 15:54:18.636 D/UsageStatsService( 2066): User[0] type=0 b=1781420028634 e=1781420068634 cb=1781348849473 ce=1781420052440 disk=0 all=0
06-14 15:54:18.640 D/UsageStatsService( 2066): User[0] type=0 b=1781420028638 e=1781420068638 cb=1781348849473 ce=1781420052440 disk=0 all=0
06-14 15:54:18.643 D/UsageStatsService( 2066): User[0] type=0 b=1781420028641 e=1781420068641 cb=1781348849473 ce=1781420052440 disk=0 all=0
06-14 15:54:18.646 D/UsageStatsService( 2066): User[0] type=0 b=1781420028644 e=1781420068644 cb=1781348849473 ce=1781420052440 disk=0 all=0
06-14 15:54:18.648 D/UsageStatsService( 2066): User[0] type=0 b=1781420028647 e=1781420068647 cb=1781348849473 ce=1781420052440 disk=0 all=0
06-14 15:54:18.651 D/UsageStatsService( 2066): User[0] type=0 b=1781420028650 e=1781420068650 cb=1781348849473 ce=1781420052440 disk=0 all=0
06-14 15:54:18.653 D/UsageStatsService( 2066): User[0] type=0 b=1781420028652 e=1781420068652 cb=1781348849473 ce=1781420052440 disk=0 all=0
06-14 15:54:18.656 D/UsageStatsService( 2066): User[0] type=0 b=1781420028655 e=1781420068655 cb=1781348849473 ce=1781420052440 disk=0 all=0
06-14 15:54:18.658 D/UsageStatsService( 2066): User[0] type=0 b=1781420028656 e=1781420068656 cb=1781348849473 ce=1781420052440 disk=0 all=0
06-14 15:54:18.660 D/UsageStatsService( 2066): User[0] type=0 b=1781420028659 e=1781420068659 cb=1781348849473 ce=1781420052440 disk=0 all=0
06-14 15:54:18.664 D/UsageStatsService( 2066): User[0] type=0 b=1781420028662 e=1781420068662 cb=1781348849473 ce=1781420052440 disk=0 all=0
06-14 15:54:18.665 D/UsageStatsService( 2066): User[0] type=0 b=1781420028664 e=1781420068664 cb=1781348849473 ce=1781420052440 disk=0 all=0
06-14 15:54:18.667 D/UsageStatsService( 2066): User[0] type=0 b=1781420028666 e=1781420068666 cb=1781348849473 ce=1781420052440 disk=0 all=0
06-14 15:54:18.672 D/UsageStatsService( 2066): User[0] type=0 b=1781420028670 e=1781420068670 cb=1781348849473 ce=1781420052440 disk=0 all=0
06-14 15:54:18.781 D/vendor.qti.bluetooth@1.0-wake_lock( 1200): Release wakelock is released 
06-14 15:54:18.859 D/vendor.oplus.hardware.charger-V3-service( 1283): read content:,300,339,4289,4289,-349,500,3400,86,89,1,4,-1,5000,89,1,0,1,1,0,0,4435,0,0,0,4,0,0,0,-2740,0,1,1,0,0
06-14 15:54:18.859 D/vendor.oplus.hardware.charger-V3-service( 1283): , ret_value:101
06-14 15:54:18.860 D/vendor.oplus.hardware.charger-V3-service( 1283): gmtime: 2026-06-14-15-54-18
06-14 15:54:18.942 D/UsageStatsService( 2066): User[0] type=0 b=1781420028939 e=1781420068939 cb=1781348849473 ce=1781420052440 disk=0 all=0
06-14 15:54:18.947 D/UsageStatsService( 2066): User[0] type=0 b=1781420028945 e=1781420068945 cb=1781348849473 ce=1781420052440 disk=0 all=0
06-14 15:54:18.951 D/UsageStatsService( 2066): User[0] type=0 b=1781420028949 e=1781420068949 cb=1781348849473 ce=1781420052440 disk=0 all=0
06-14 15:54:18.955 D/UsageStatsService( 2066): User[0] type=0 b=1781420028953 e=1781420068953 cb=1781348849473 ce=1781420052440 disk=0 all=0
06-14 15:54:18.959 D/UsageStatsService( 2066): User[0] type=0 b=1781420028957 e=1781420068957 cb=1781348849473 ce=1781420052440 disk=0 all=0
06-14 15:54:18.967 D/UsageStatsService( 2066): User[0] type=0 b=1781420028965 e=1781420068965 cb=1781348849473 ce=1781420052440 disk=0 all=0
06-14 15:54:18.972 D/UsageStatsService( 2066): User[0] type=0 b=1781420028970 e=1781420068970 cb=1781348849473 ce=1781420052440 disk=0 all=0
06-14 15:54:18.976 D/UsageStatsService( 2066): User[0] type=0 b=1781420028974 e=1781420068974 cb=1781348849473 ce=1781420052440 disk=0 all=0
06-14 15:54:18.982 D/UsageStatsService( 2066): User[0] type=0 b=1781420028979 e=1781420068979 cb=1781348849473 ce=1781420052440 disk=0 all=0
06-14 15:54:18.986 D/UsageStatsService( 2066): User[0] type=0 b=1781420028982 e=1781420068982 cb=1781348849473 ce=1781420052440 disk=0 all=0
06-14 15:54:18.991 D/UsageStatsService( 2066): User[0] type=0 b=1781420028987 e=1781420068987 cb=1781348849473 ce=1781420052440 disk=0 all=0
06-14 15:54:18.994 D/UsageStatsService( 2066): User[0] type=0 b=1781420028992 e=1781420068992 cb=1781348849473 ce=1781420052440 disk=0 all=0
06-14 15:54:18.998 D/UsageStatsService( 2066): User[0] type=0 b=1781420028996 e=1781420068996 cb=1781348849473 ce=1781420052440 disk=0 all=0
06-14 15:54:19.001 D/UsageStatsService( 2066): User[0] type=0 b=1781420028999 e=1781420068999 cb=1781348849473 ce=1781420052440 disk=0 all=0
06-14 15:54:19.004 D/UsageStatsService( 2066): User[0] type=0 b=1781420029002 e=1781420069002 cb=1781348849473 ce=1781420052440 disk=0 all=0
06-14 15:54:19.007 D/UsageStatsService( 2066): User[0] type=0 b=1781420029005 e=1781420069005 cb=1781348849473 ce=1781420052440 disk=0 all=0
06-14 15:54:19.015 D/UsageStatsService( 2066): User[0] type=0 b=1781420029011 e=1781420069011 cb=1781348849473 ce=1781420052440 disk=0 all=0
06-14 15:54:19.019 D/UsageStatsService( 2066): User[0] type=0 b=1781420029016 e=1781420069016 cb=1781348849473 ce=1781420052440 disk=0 all=0
06-14 15:54:19.023 D/UsageStatsService( 2066): User[0] type=0 b=1781420029021 e=1781420069021 cb=1781348849473 ce=1781420052440 disk=0 all=0
06-14 15:54:19.097 D/OplusSmartBrightnessController( 2066): handleMessage MSG_LUX_CHANGED, mLux:486.64853 luxQueue=[486.64853, 486.64853, 486.64853, 486.64853, 486.64853, 486.64853, 486.64853]
06-14 15:54:19.290 D/UsageStatsService( 2066): User[0] type=0 b=1781420029287 e=1781420069287 cb=1781348849473 ce=1781420052440 disk=0 all=0
06-14 15:54:19.297 D/WifiStaIfaceHidlImpl( 2066): getCachedScanData is not implemented by HIDL
06-14 15:54:19.298 D/UsageStatsService( 2066): User[0] type=0 b=1781420029294 e=1781420069294 cb=1781348849473 ce=1781420052440 disk=0 all=0
06-14 15:54:19.301 D/UsageStatsService( 2066): User[0] type=0 b=1781420029299 e=1781420069299 cb=1781348849473 ce=1781420052440 disk=0 all=0
06-14 15:54:19.305 D/UsageStatsService( 2066): User[0] type=0 b=1781420029303 e=1781420069303 cb=1781348849473 ce=1781420052440 disk=0 all=0
06-14 15:54:19.310 D/UsageStatsService( 2066): User[0] type=0 b=1781420029307 e=1781420069307 cb=1781348849473 ce=1781420052440 disk=0 all=0
06-14 15:54:19.319 D/UsageStatsService( 2066): User[0] type=0 b=1781420029316 e=1781420069316 cb=1781348849473 ce=1781420052440 disk=0 all=0
06-14 15:54:19.323 D/UsageStatsService( 2066): User[0] type=0 b=1781420029321 e=1781420069321 cb=1781348849473 ce=1781420052440 disk=0 all=0
06-14 15:54:19.326 D/UsageStatsService( 2066): User[0] type=0 b=1781420029324 e=1781420069324 cb=1781348849473 ce=1781420052440 disk=0 all=0
06-14 15:54:19.329 D/UsageStatsService( 2066): User[0] type=0 b=1781420029328 e=1781420069328 cb=1781348849473 ce=1781420052440 disk=0 all=0
06-14 15:54:19.332 D/UsageStatsService( 2066): User[0] type=0 b=1781420029331 e=1781420069331 cb=1781348849473 ce=1781420052440 disk=0 all=0
06-14 15:54:19.336 D/UsageStatsService( 2066): User[0] type=0 b=1781420029335 e=1781420069335 cb=1781348849473 ce=1781420052440 disk=0 all=0
06-14 15:54:19.339 D/UsageStatsService( 2066): User[0] type=0 b=1781420029337 e=1781420069337 cb=1781348849473 ce=1781420052440 disk=0 all=0
06-14 15:54:19.341 D/UsageStatsService( 2066): User[0] type=0 b=1781420029339 e=1781420069339 cb=1781348849473 ce=1781420052440 disk=0 all=0
06-14 15:54:19.343 D/UsageStatsService( 2066): User[0] type=0 b=1781420029342 e=1781420069342 cb=1781348849473 ce=1781420052440 disk=0 all=0
06-14 15:54:19.345 D/UsageStatsService( 2066): User[0] type=0 b=1781420029344 e=1781420069344 cb=1781348849473 ce=1781420052440 disk=0 all=0
06-14 15:54:19.348 D/UsageStatsService( 2066): User[0] type=0 b=1781420029347 e=1781420069347 cb=1781348849473 ce=1781420052440 disk=0 all=0
06-14 15:54:19.350 D/UsageStatsService( 2066): User[0] type=0 b=1781420029349 e=1781420069349 cb=1781348849473 ce=1781420052440 disk=0 all=0
06-14 15:54:19.352 D/UsageStatsService( 2066): User[0] type=0 b=1781420029351 e=1781420069351 cb=1781348849473 ce=1781420052440 disk=0 all=0
06-14 15:54:19.355 D/UsageStatsService( 2066): User[0] type=0 b=1781420029354 e=1781420069354 cb=1781348849473 ce=1781420052440 disk=0 all=0
06-14 15:54:19.358 D/UsageStatsService( 2066): User[0] type=0 b=1781420029356 e=1781420069356 cb=1781348849473 ce=1781420052440 disk=0 all=0
06-14 15:54:19.360 D/UsageStatsService( 2066): User[0] type=0 b=1781420029359 e=1781420069359 cb=1781348849473 ce=1781420052440 disk=0 all=0
06-14 15:54:19.362 D/UsageStatsService( 2066): User[0] type=0 b=1781420029360 e=1781420069360 cb=1781348849473 ce=1781420052440 disk=0 all=0
06-14 15:54:19.364 D/UsageStatsService( 2066): User[0] type=0 b=1781420029362 e=1781420069362 cb=1781348849473 ce=1781420052440 disk=0 all=0
06-14 15:54:19.365 D/UsageStatsService( 2066): User[0] type=0 b=1781420029364 e=1781420069364 cb=1781348849473 ce=1781420052440 disk=0 all=0
06-14 15:54:19.367 D/UsageStatsService( 2066): User[0] type=0 b=1781420029366 e=1781420069366 cb=1781348849473 ce=1781420052440 disk=0 all=0
06-14 15:54:19.371 D/UsageStatsService( 2066): User[0] type=0 b=1781420029370 e=1781420069370 cb=1781348849473 ce=1781420052440 disk=0 all=0
06-14 15:54:19.600 I/vendor.qti.bluetooth@1.0-ibs_handler( 1200): ProcessIbsCmd: Received IBS_WAKE_IND: 0xFD
06-14 15:54:19.600 D/vendor.qti.bluetooth@1.0-ibs_handler( 1200): SerialClockVote: vote for UART CLK ON
06-14 15:54:19.603 D/vendor.qti.bluetooth@1.0-wake_lock( 1200): Acquire wakelock is acquired 
06-14 15:54:19.603 I/vendor.qti.bluetooth@1.0-ibs_handler( 1200): ProcessIbsCmd: Writing IBS_WAKE_ACK
06-14 15:54:19.608 E/adv_data_processor(17806): adv data modified, but len check fail or data invalid, stay intact
06-14 15:54:19.611 E/adv_data_processor(17806): adv data modified, but len check fail or data invalid, stay intact
06-14 15:54:19.640 D/UsageStatsService( 2066): User[0] type=0 b=1781420029637 e=1781420069637 cb=1781348849473 ce=1781420052440 disk=0 all=0
06-14 15:54:19.648 D/UsageStatsService( 2066): User[0] type=0 b=1781420029645 e=1781420069645 cb=1781348849473 ce=1781420052440 disk=0 all=0
06-14 15:54:19.649 I/vendor.qti.bluetooth@1.0-ibs_handler( 1200): ProcessIbsCmd: Received IBS_SLEEP_IND: 0xFE
06-14 15:54:19.650 D/vendor.qti.bluetooth@1.0-ibs_handler( 1200): SerialClockVote: vote for UART CLK OFF
06-14 15:54:19.650 I/vendor.qti.bluetooth@1.0-ibs_handler( 1200): ProcessIbsCmd: Received IBS_WAKE_IND: 0xFD
06-14 15:54:19.650 D/vendor.qti.bluetooth@1.0-ibs_handler( 1200): SerialClockVote: vote for UART CLK ON
06-14 15:54:19.650 I/vendor.qti.bluetooth@1.0-ibs_handler( 1200): ProcessIbsCmd: Writing IBS_WAKE_ACK
06-14 15:54:19.652 D/UsageStatsService( 2066): User[0] type=0 b=1781420029649 e=1781420069649 cb=1781348849473 ce=1781420052440 disk=0 all=0
06-14 15:54:19.658 D/UsageStatsService( 2066): User[0] type=0 b=1781420029654 e=1781420069654 cb=1781348849473 ce=1781420052440 disk=0 all=0
06-14 15:54:19.670 D/UsageStatsService( 2066): User[0] type=0 b=1781420029666 e=1781420069666 cb=1781348849473 ce=1781420052440 disk=0 all=0
06-14 15:54:19.675 D/UsageStatsService( 2066): User[0] type=0 b=1781420029672 e=1781420069672 cb=1781348849473 ce=1781420052440 disk=0 all=0
06-14 15:54:19.682 D/UsageStatsService( 2066): User[0] type=0 b=1781420029678 e=1781420069678 cb=1781348849473 ce=1781420052440 disk=0 all=0
06-14 15:54:19.686 D/UsageStatsService( 2066): User[0] type=0 b=1781420029683 e=1781420069683 cb=1781348849473 ce=1781420052440 disk=0 all=0
06-14 15:54:19.690 D/UsageStatsService( 2066): User[0] type=0 b=1781420029687 e=1781420069687 cb=1781348849473 ce=1781420052440 disk=0 all=0
06-14 15:54:19.692 I/vendor.qti.bluetooth@1.0-ibs_handler( 1200): ProcessIbsCmd: Received IBS_SLEEP_IND: 0xFE
06-14 15:54:19.692 D/vendor.qti.bluetooth@1.0-ibs_handler( 1200): SerialClockVote: vote for UART CLK OFF
06-14 15:54:19.695 D/UsageStatsService( 2066): User[0] type=0 b=1781420029691 e=1781420069691 cb=1781348849473 ce=1781420052440 disk=0 all=0
06-14 15:54:19.698 D/UsageStatsService( 2066): User[0] type=0 b=1781420029696 e=1781420069696 cb=1781348849473 ce=1781420052440 disk=0 all=0
06-14 15:54:19.700 I/vendor.qti.bluetooth@1.0-ibs_handler( 1200): ProcessIbsCmd: Received IBS_WAKE_IND: 0xFD
06-14 15:54:19.700 D/vendor.qti.bluetooth@1.0-ibs_handler( 1200): SerialClockVote: vote for UART CLK ON
06-14 15:54:19.700 I/vendor.qti.bluetooth@1.0-ibs_handler( 1200): ProcessIbsCmd: Writing IBS_WAKE_ACK
06-14 15:54:19.703 D/UsageStatsService( 2066): User[0] type=0 b=1781420029700 e=1781420069700 cb=1781348849473 ce=1781420052440 disk=0 all=0
06-14 15:54:19.707 D/UsageStatsService( 2066): User[0] type=0 b=1781420029704 e=1781420069704 cb=1781348849473 ce=1781420052440 disk=0 all=0
06-14 15:54:19.709 D/UsageStatsService( 2066): User[0] type=0 b=1781420029707 e=1781420069707 cb=1781348849473 ce=1781420052440 disk=0 all=0
06-14 15:54:19.711 D/UsageStatsService( 2066): User[0] type=0 b=1781420029710 e=1781420069710 cb=1781348849473 ce=1781420052440 disk=0 all=0
06-14 15:54:19.715 D/UsageStatsService( 2066): User[0] type=0 b=1781420029713 e=1781420069713 cb=1781348849473 ce=1781420052440 disk=0 all=0
06-14 15:54:19.719 D/UsageStatsService( 2066): User[0] type=0 b=1781420029716 e=1781420069716 cb=1781348849473 ce=1781420052440 disk=0 all=0
06-14 15:54:19.722 D/UsageStatsService( 2066): User[0] type=0 b=1781420029720 e=1781420069720 cb=1781348849473 ce=1781420052440 disk=0 all=0
06-14 15:54:19.744 I/vendor.qti.bluetooth@1.0-ibs_handler( 1200): ProcessIbsCmd: Received IBS_SLEEP_IND: 0xFE
06-14 15:54:19.744 D/vendor.qti.bluetooth@1.0-ibs_handler( 1200): SerialClockVote: vote for UART CLK OFF
06-14 15:54:19.798 I/OplusHansManager ( 2066): uid=10370, pkg=com.facebook.orca F enter(), M stay=3
06-14 15:54:19.807 I/OplusHansManager ( 2066): freeze uid: 10370 com.facebook.orca pids: [5961] scene: LcdOn
06-14 15:54:19.809 D/IHansComunication( 6297): HANS sendMessageToKernel: threadId = 478846893232, netLinkSetup = 1, type = PKG, targetUid = 10370, pkgCmd = ADD_ONE_UID
06-14 15:54:19.812 I/OplusHansManager ( 2066): uid=10524, pkg=com.ss.android.ugc.tiktok.lite F enter(), M stay=3
06-14 15:54:19.820 I/OplusHansManager ( 2066): freeze uid: 10524 com.ss.android.ugc.tiktok.lite pids: [9983] scene: LcdOn
06-14 15:54:19.822 D/IHansComunication( 6297): HANS sendMessageToKernel: threadId = 478846893232, netLinkSetup = 1, type = PKG, targetUid = 10524, pkgCmd = ADD_ONE_UID
06-14 15:54:19.824 I/OplusHansManager ( 2066): uid=10487, pkg=com.instagram.barcelona F enter(), M stay=3
06-14 15:54:19.827 I/OplusHansManager ( 2066): freeze uid: 10487 com.instagram.barcelona pids: [10411] scene: LcdOn
06-14 15:54:19.828 D/IHansComunication( 6297): HANS sendMessageToKernel: threadId = 478846893232, netLinkSetup = 1, type = PKG, targetUid = 10487, pkgCmd = ADD_ONE_UID
06-14 15:54:19.895 D/vendor.qti.bluetooth@1.0-wake_lock( 1200): Release wakelock is released 
06-14 15:54:19.960 I/adbd    (10808): adbd service requested 'shell,v2,TERM=xterm-256color:export ANDROID_LOG_TAGS=''; exec logcat '-v' 'time''
06-14 15:54:19.989 D/UsageStatsService( 2066): User[0] type=0 b=1781420029987 e=1781420069987 cb=1781348849473 ce=1781420052440 disk=0 all=0
06-14 15:54:19.991 D/UsageStatsService( 2066): User[0] type=0 b=1781420029990 e=1781420069990 cb=1781348849473 ce=1781420052440 disk=0 all=0
06-14 15:54:19.995 D/UsageStatsService( 2066): User[0] type=0 b=1781420029994 e=1781420069994 cb=1781348849473 ce=1781420052440 disk=0 all=0
06-14 15:54:20.001 D/UsageStatsService( 2066): User[0] type=0 b=1781420029999 e=1781420069999 cb=1781348849473 ce=1781420052440 disk=0 all=0
06-14 15:54:20.005 D/UsageStatsService( 2066): User[0] type=0 b=1781420030002 e=1781420070002 cb=1781348849473 ce=1781420052440 disk=0 all=0
06-14 15:54:20.008 D/UsageStatsService( 2066): User[0] type=0 b=1781420030007 e=1781420070007 cb=1781348849473 ce=1781420052440 disk=0 all=0
06-14 15:54:20.018 D/UsageStatsService( 2066): User[0] type=0 b=1781420030015 e=1781420070015 cb=1781348849473 ce=1781420052440 disk=0 all=0
06-14 15:54:20.023 D/UsageStatsService( 2066): User[0] type=0 b=1781420030021 e=1781420070021 cb=1781348849473 ce=1781420052440 disk=0 all=0
06-14 15:54:20.026 D/UsageStatsService( 2066): User[0] type=0 b=1781420030024 e=1781420070024 cb=1781348849473 ce=1781420052440 disk=0 all=0
06-14 15:54:20.031 D/UsageStatsService( 2066): User[0] type=0 b=1781420030029 e=1781420070029 cb=1781348849473 ce=1781420052440 disk=0 all=0
06-14 15:54:20.037 D/UsageStatsService( 2066): User[0] type=0 b=1781420030034 e=1781420070034 cb=1781348849473 ce=1781420052440 disk=0 all=0
06-14 15:54:20.040 D/UsageStatsService( 2066): User[0] type=0 b=1781420030038 e=1781420070038 cb=1781348849473 ce=1781420052440 disk=0 all=0
06-14 15:54:20.043 D/UsageStatsService( 2066): User[0] type=0 b=1781420030041 e=1781420070041 cb=1781348849473 ce=1781420052440 disk=0 all=0
06-14 15:54:20.047 D/UsageStatsService( 2066): User[0] type=0 b=1781420030044 e=1781420070044 cb=1781348849473 ce=1781420052440 disk=0 all=0
06-14 15:54:20.050 D/UsageStatsService( 2066): User[0] type=0 b=1781420030047 e=1781420070047 cb=1781348849473 ce=1781420052440 disk=0 all=0
06-14 15:54:20.053 D/UsageStatsService( 2066): User[0] type=0 b=1781420030051 e=1781420070051 cb=1781348849473 ce=1781420052440 disk=0 all=0
06-14 15:54:20.056 D/UsageStatsService( 2066): User[0] type=0 b=1781420030054 e=1781420070054 cb=1781348849473 ce=1781420052440 disk=0 all=0
06-14 15:54:20.061 D/UsageStatsService( 2066): User[0] type=0 b=1781420030059 e=1781420070059 cb=1781348849473 ce=1781420052440 disk=0 all=0
06-14 15:54:20.064 D/UsageStatsService( 2066): User[0] type=0 b=1781420030062 e=1781420070062 cb=1781348849473 ce=1781420052440 disk=0 all=0
06-14 15:54:20.069 D/UsageStatsService( 2066): User[0] type=0 b=1781420030067 e=1781420070067 cb=1781348849473 ce=1781420052440 disk=0 all=0
06-14 15:54:20.073 D/UsageStatsService( 2066): User[0] type=0 b=1781420030071 e=1781420070071 cb=1781348849473 ce=1781420052440 disk=0 all=0
06-14 15:54:20.338 D/OplusSmartBrightnessController( 2066): handleMessage MSG_LUX_CHANGED, mLux:486.64853 luxQueue=[486.64853, 486.64853, 486.64853, 486.64853, 486.64853, 486.64853]
06-14 15:54:20.339 D/UsageStatsService( 2066): User[0] type=0 b=1781420030336 e=1781420070336 cb=1781348849473 ce=1781420052440 disk=0 all=0
06-14 15:54:20.347 D/UsageStatsService( 2066): User[0] type=0 b=1781420030344 e=1781420070344 cb=1781348849473 ce=1781420052440 disk=0 all=0
06-14 15:54:20.351 D/UsageStatsService( 2066): User[0] type=0 b=1781420030348 e=1781420070348 cb=1781348849473 ce=1781420052440 disk=0 all=0
06-14 15:54:20.354 D/UsageStatsService( 2066): User[0] type=0 b=1781420030352 e=1781420070352 cb=1781348849473 ce=1781420052440 disk=0 all=0
06-14 15:54:20.360 D/UsageStatsService( 2066): User[0] type=0 b=1781420030357 e=1781420070357 cb=1781348849473 ce=1781420052440 disk=0 all=0
06-14 15:54:20.368 D/UsageStatsService( 2066): User[0] type=0 b=1781420030366 e=1781420070366 cb=1781348849473 ce=1781420052440 disk=0 all=0
06-14 15:54:20.373 D/UsageStatsService( 2066): User[0] type=0 b=1781420030370 e=1781420070370 cb=1781348849473 ce=1781420052440 disk=0 all=0
06-14 15:54:20.376 D/UsageStatsService( 2066): User[0] type=0 b=1781420030374 e=1781420070374 cb=1781348849473 ce=1781420052440 disk=0 all=0
06-14 15:54:20.380 D/UsageStatsService( 2066): User[0] type=0 b=1781420030378 e=1781420070378 cb=1781348849473 ce=1781420052440 disk=0 all=0
06-14 15:54:20.384 D/UsageStatsService( 2066): User[0] type=0 b=1781420030382 e=1781420070382 cb=1781348849473 ce=1781420052440 disk=0 all=0
06-14 15:54:20.390 D/UsageStatsService( 2066): User[0] type=0 b=1781420030387 e=1781420070387 cb=1781348849473 ce=1781420052440 disk=0 all=0
06-14 15:54:20.394 D/UsageStatsService( 2066): User[0] type=0 b=1781420030391 e=1781420070391 cb=1781348849473 ce=1781420052440 disk=0 all=0
06-14 15:54:20.397 D/UsageStatsService( 2066): User[0] type=0 b=1781420030394 e=1781420070394 cb=1781348849473 ce=1781420052440 disk=0 all=0
06-14 15:54:20.403 D/UsageStatsService( 2066): User[0] type=0 b=1781420030401 e=1781420070401 cb=1781348849473 ce=1781420052440 disk=0 all=0
06-14 15:54:20.407 D/UsageStatsService( 2066): User[0] type=0 b=1781420030404 e=1781420070404 cb=1781348849473 ce=1781420052440 disk=0 all=0
06-14 15:54:20.411 D/UsageStatsService( 2066): User[0] type=0 b=1781420030408 e=1781420070408 cb=1781348849473 ce=1781420052440 disk=0 all=0
06-14 15:54:20.415 D/UsageStatsService( 2066): User[0] type=0 b=1781420030413 e=1781420070413 cb=1781348849473 ce=1781420052440 disk=0 all=0
06-14 15:54:20.419 D/UsageStatsService( 2066): User[0] type=0 b=1781420030416 e=1781420070416 cb=1781348849473 ce=1781420052440 disk=0 all=0
06-14 15:54:20.423 D/UsageStatsService( 2066): User[0] type=0 b=1781420030420 e=1781420070420 cb=1781348849473 ce=1781420052440 disk=0 all=0
06-14 15:54:20.435 I/UTrace.Sdk.HLogConfigHelper( 3476): [SeedlingSdkFramework|com.android.systemui] checkLogFiles() no log files [SeedlingSdk|com.android.systemui|1.5.5-f48228a]
06-14 15:54:20.691 D/UsageStatsService( 2066): User[0] type=0 b=1781420030687 e=1781420070687 cb=1781348849473 ce=1781420052440 disk=0 all=0
06-14 15:54:20.697 D/UsageStatsService( 2066): User[0] type=0 b=1781420030694 e=1781420070694 cb=1781348849473 ce=1781420052440 disk=0 all=0
06-14 15:54:20.700 D/UsageStatsService( 2066): User[0] type=0 b=1781420030698 e=1781420070698 cb=1781348849473 ce=1781420052440 disk=0 all=0
06-14 15:54:20.705 D/UsageStatsService( 2066): User[0] type=0 b=1781420030702 e=1781420070702 cb=1781348849473 ce=1781420052440 disk=0 all=0
06-14 15:54:20.710 D/UsageStatsService( 2066): User[0] type=0 b=1781420030707 e=1781420070707 cb=1781348849473 ce=1781420052440 disk=0 all=0
06-14 15:54:20.718 D/UsageStatsService( 2066): User[0] type=0 b=1781420030715 e=1781420070715 cb=1781348849473 ce=1781420052440 disk=0 all=0
06-14 15:54:20.722 D/UsageStatsService( 2066): User[0] type=0 b=1781420030720 e=1781420070720 cb=1781348849473 ce=1781420052440 disk=0 all=0
06-14 15:54:20.727 D/UsageStatsService( 2066): User[0] type=0 b=1781420030724 e=1781420070724 cb=1781348849473 ce=1781420052440 disk=0 all=0
06-14 15:54:20.731 D/UsageStatsService( 2066): User[0] type=0 b=1781420030728 e=1781420070728 cb=1781348849473 ce=1781420052440 disk=0 all=0
06-14 15:54:20.734 D/UsageStatsService( 2066): User[0] type=0 b=1781420030732 e=1781420070732 cb=1781348849473 ce=1781420052440 disk=0 all=0
06-14 15:54:20.738 D/UsageStatsService( 2066): User[0] type=0 b=1781420030736 e=1781420070736 cb=1781348849473 ce=1781420052440 disk=0 all=0
06-14 15:54:20.742 D/UsageStatsService( 2066): User[0] type=0 b=1781420030739 e=1781420070739 cb=1781348849473 ce=1781420052440 disk=0 all=0
06-14 15:54:20.746 D/UsageStatsService( 2066): User[0] type=0 b=1781420030743 e=1781420070743 cb=1781348849473 ce=1781420052440 disk=0 all=0
06-14 15:54:20.750 D/UsageStatsService( 2066): User[0] type=0 b=1781420030747 e=1781420070747 cb=1781348849473 ce=1781420052440 disk=0 all=0
06-14 15:54:20.753 D/UsageStatsService( 2066): User[0] type=0 b=1781420030751 e=1781420070751 cb=1781348849473 ce=1781420052440 disk=0 all=0
06-14 15:54:20.757 D/UsageStatsService( 2066): User[0] type=0 b=1781420030755 e=1781420070755 cb=1781348849473 ce=1781420052440 disk=0 all=0
06-14 15:54:20.760 D/UsageStatsService( 2066): User[0] type=0 b=1781420030758 e=1781420070758 cb=1781348849473 ce=1781420052440 disk=0 all=0
06-14 15:54:20.763 D/UsageStatsService( 2066): User[0] type=0 b=1781420030760 e=1781420070760 cb=1781348849473 ce=1781420052440 disk=0 all=0
06-14 15:54:20.766 D/UsageStatsService( 2066): User[0] type=0 b=1781420030764 e=1781420070764 cb=1781348849473 ce=1781420052440 disk=0 all=0
06-14 15:54:20.772 D/UsageStatsService( 2066): User[0] type=0 b=1781420030770 e=1781420070770 cb=1781348849473 ce=1781420052440 disk=0 all=0
06-14 15:54:20.810 D/IHansComunication( 6297): HANS sendMessageToKernel: threadId = 478846893232, netLinkSetup = 1, type = FROZEN_TRANS, targetUid = 10370, pkgCmd = PKG_CMD_MAX
06-14 15:54:20.823 D/IHansComunication( 6297): HANS sendMessageToKernel: threadId = 478846893232, netLinkSetup = 1, type = FROZEN_TRANS, targetUid = 10524, pkgCmd = PKG_CMD_MAX
06-14 15:54:20.829 D/IHansComunication( 6297): HANS sendMessageToKernel: threadId = 478846893232, netLinkSetup = 1, type = FROZEN_TRANS, targetUid = 10487, pkgCmd = PKG_CMD_MAX
06-14 15:54:21.040 D/UsageStatsService( 2066): User[0] type=0 b=1781420031037 e=1781420071037 cb=1781348849473 ce=1781420052440 disk=0 all=0
06-14 15:54:21.048 D/UsageStatsService( 2066): User[0] type=0 b=1781420031044 e=1781420071044 cb=1781348849473 ce=1781420052440 disk=0 all=0
06-14 15:54:21.052 D/UsageStatsService( 2066): User[0] type=0 b=1781420031049 e=1781420071049 cb=1781348849473 ce=1781420052440 disk=0 all=0
06-14 15:54:21.057 D/UsageStatsService( 2066): User[0] type=0 b=1781420031054 e=1781420071054 cb=1781348849473 ce=1781420052440 disk=0 all=0
06-14 15:54:21.060 D/UsageStatsService( 2066): User[0] type=0 b=1781420031058 e=1781420071058 cb=1781348849473 ce=1781420052440 disk=0 all=0
06-14 15:54:21.068 D/UsageStatsService( 2066): User[0] type=0 b=1781420031066 e=1781420071066 cb=1781348849473 ce=1781420052440 disk=0 all=0
06-14 15:54:21.072 D/UsageStatsService( 2066): User[0] type=0 b=1781420031070 e=1781420071070 cb=1781348849473 ce=1781420052440 disk=0 all=0
06-14 15:54:21.075 D/UsageStatsService( 2066): User[0] type=0 b=1781420031073 e=1781420071073 cb=1781348849473 ce=1781420052440 disk=0 all=0
06-14 15:54:21.078 D/UsageStatsService( 2066): User[0] type=0 b=1781420031075 e=1781420071075 cb=1781348849473 ce=1781420052440 disk=0 all=0
06-14 15:54:21.080 D/UsageStatsService( 2066): User[0] type=0 b=1781420031079 e=1781420071079 cb=1781348849473 ce=1781420052440 disk=0 all=0
06-14 15:54:21.083 D/UsageStatsService( 2066): User[0] type=0 b=1781420031081 e=1781420071081 cb=1781348849473 ce=1781420052440 disk=0 all=0
06-14 15:54:21.087 D/UsageStatsService( 2066): User[0] type=0 b=1781420031084 e=1781420071084 cb=1781348849473 ce=1781420052440 disk=0 all=0
06-14 15:54:21.091 D/UsageStatsService( 2066): User[0] type=0 b=1781420031088 e=1781420071088 cb=1781348849473 ce=1781420052440 disk=0 all=0
06-14 15:54:21.094 D/UsageStatsService( 2066): User[0] type=0 b=1781420031091 e=1781420071091 cb=1781348849473 ce=1781420052440 disk=0 all=0
06-14 15:54:21.096 D/UsageStatsService( 2066): User[0] type=0 b=1781420031095 e=1781420071095 cb=1781348849473 ce=1781420052440 disk=0 all=0
06-14 15:54:21.099 D/UsageStatsService( 2066): User[0] type=0 b=1781420031097 e=1781420071097 cb=1781348849473 ce=1781420052440 disk=0 all=0
06-14 15:54:21.102 D/UsageStatsService( 2066): User[0] type=0 b=1781420031101 e=1781420071101 cb=1781348849473 ce=1781420052440 disk=0 all=0
06-14 15:54:21.106 D/UsageStatsService( 2066): User[0] type=0 b=1781420031104 e=1781420071104 cb=1781348849473 ce=1781420052440 disk=0 all=0
06-14 15:54:21.108 D/UsageStatsService( 2066): User[0] type=0 b=1781420031107 e=1781420071107 cb=1781348849473 ce=1781420052440 disk=0 all=0
06-14 15:54:21.110 D/UsageStatsService( 2066): User[0] type=0 b=1781420031109 e=1781420071109 cb=1781348849473 ce=1781420052440 disk=0 all=0
06-14 15:54:21.114 D/UsageStatsService( 2066): User[0] type=0 b=1781420031112 e=1781420071112 cb=1781348849473 ce=1781420052440 disk=0 all=0
06-14 15:54:21.116 D/UsageStatsService( 2066): User[0] type=0 b=1781420031114 e=1781420071114 cb=1781348849473 ce=1781420052440 disk=0 all=0
06-14 15:54:21.124 D/UsageStatsService( 2066): User[0] type=0 b=1781420031122 e=1781420071122 cb=1781348849473 ce=1781420052440 disk=0 all=0
06-14 15:54:21.222 I/vendor.qti.bluetooth@1.0-ibs_handler( 1200): ProcessIbsCmd: Received IBS_WAKE_IND: 0xFD
06-14 15:54:21.222 D/vendor.qti.bluetooth@1.0-ibs_handler( 1200): SerialClockVote: vote for UART CLK ON
06-14 15:54:21.225 D/vendor.qti.bluetooth@1.0-wake_lock( 1200): Acquire wakelock is acquired 
06-14 15:54:21.225 I/vendor.qti.bluetooth@1.0-ibs_handler( 1200): ProcessIbsCmd: Writing IBS_WAKE_ACK
06-14 15:54:21.230 E/adv_data_processor(17806): adv data modified, but len check fail or data invalid, stay intact
06-14 15:54:21.269 I/vendor.qti.bluetooth@1.0-ibs_handler( 1200): ProcessIbsCmd: Received IBS_SLEEP_IND: 0xFE
06-14 15:54:21.269 D/vendor.qti.bluetooth@1.0-ibs_handler( 1200): SerialClockVote: vote for UART CLK OFF
06-14 15:54:21.283 I/vendor.qti.bluetooth@1.0-ibs_handler( 1200): ProcessIbsCmd: Received IBS_WAKE_IND: 0xFD
06-14 15:54:21.283 D/vendor.qti.bluetooth@1.0-ibs_handler( 1200): SerialClockVote: vote for UART CLK ON
06-14 15:54:21.283 I/vendor.qti.bluetooth@1.0-ibs_handler( 1200): ProcessIbsCmd: Writing IBS_WAKE_ACK
06-14 15:54:21.288 E/adv_data_processor(17806): adv data modified, but len check fail or data invalid, stay intact
06-14 15:54:21.326 I/vendor.qti.bluetooth@1.0-ibs_handler( 1200): ProcessIbsCmd: Received IBS_SLEEP_IND: 0xFE
06-14 15:54:21.326 D/vendor.qti.bluetooth@1.0-ibs_handler( 1200): SerialClockVote: vote for UART CLK OFF
06-14 15:54:21.335 D/WifiStaIfaceHidlImpl( 2066): getCachedScanData is not implemented by HIDL
06-14 15:54:21.388 D/UsageStatsService( 2066): User[0] type=0 b=1781420031387 e=1781420071387 cb=1781348849473 ce=1781420052440 disk=0 all=0
06-14 15:54:21.391 D/UsageStatsService( 2066): User[0] type=0 b=1781420031390 e=1781420071390 cb=1781348849473 ce=1781420052440 disk=0 all=0
06-14 15:54:21.396 D/UsageStatsService( 2066): User[0] type=0 b=1781420031394 e=1781420071394 cb=1781348849473 ce=1781420052440 disk=0 all=0
06-14 15:54:21.400 D/UsageStatsService( 2066): User[0] type=0 b=1781420031399 e=1781420071399 cb=1781348849473 ce=1781420052440 disk=0 all=0
06-14 15:54:21.403 D/UsageStatsService( 2066): User[0] type=0 b=1781420031401 e=1781420071401 cb=1781348849473 ce=1781420052440 disk=0 all=0
06-14 15:54:21.406 D/UsageStatsService( 2066): User[0] type=0 b=1781420031404 e=1781420071404 cb=1781348849473 ce=1781420052440 disk=0 all=0
06-14 15:54:21.408 D/UsageStatsService( 2066): User[0] type=0 b=1781420031407 e=1781420071407 cb=1781348849473 ce=1781420052440 disk=0 all=0
06-14 15:54:21.417 D/UsageStatsService( 2066): User[0] type=0 b=1781420031415 e=1781420071415 cb=1781348849473 ce=1781420052440 disk=0 all=0
06-14 15:54:21.422 D/UsageStatsService( 2066): User[0] type=0 b=1781420031421 e=1781420071421 cb=1781348849473 ce=1781420052440 disk=0 all=0
06-14 15:54:21.426 D/UsageStatsService( 2066): User[0] type=0 b=1781420031424 e=1781420071424 cb=1781348849473 ce=1781420052440 disk=0 all=0
06-14 15:54:21.430 D/UsageStatsService( 2066): User[0] type=0 b=1781420031428 e=1781420071428 cb=1781348849473 ce=1781420052440 disk=0 all=0
06-14 15:54:21.432 D/UsageStatsService( 2066): User[0] type=0 b=1781420031431 e=1781420071431 cb=1781348849473 ce=1781420052440 disk=0 all=0
06-14 15:54:21.436 D/UsageStatsService( 2066): User[0] type=0 b=1781420031435 e=1781420071435 cb=1781348849473 ce=1781420052440 disk=0 all=0
06-14 15:54:21.439 D/UsageStatsService( 2066): User[0] type=0 b=1781420031437 e=1781420071437 cb=1781348849473 ce=1781420052440 disk=0 all=0
06-14 15:54:21.441 D/UsageStatsService( 2066): User[0] type=0 b=1781420031439 e=1781420071439 cb=1781348849473 ce=1781420052440 disk=0 all=0
06-14 15:54:21.443 D/UsageStatsService( 2066): User[0] type=0 b=1781420031441 e=1781420071441 cb=1781348849473 ce=1781420052440 disk=0 all=0
06-14 15:54:21.445 D/UsageStatsService( 2066): User[0] type=0 b=1781420031444 e=1781420071444 cb=1781348849473 ce=1781420052440 disk=0 all=0
06-14 15:54:21.448 D/UsageStatsService( 2066): User[0] type=0 b=1781420031446 e=1781420071446 cb=1781348849473 ce=1781420052440 disk=0 all=0
06-14 15:54:21.451 D/UsageStatsService( 2066): User[0] type=0 b=1781420031450 e=1781420071450 cb=1781348849473 ce=1781420052440 disk=0 all=0
06-14 15:54:21.454 D/UsageStatsService( 2066): User[0] type=0 b=1781420031452 e=1781420071452 cb=1781348849473 ce=1781420052440 disk=0 all=0
06-14 15:54:21.456 D/UsageStatsService( 2066): User[0] type=0 b=1781420031455 e=1781420071455 cb=1781348849473 ce=1781420052440 disk=0 all=0
06-14 15:54:21.459 D/UsageStatsService( 2066): User[0] type=0 b=1781420031457 e=1781420071457 cb=1781348849473 ce=1781420052440 disk=0 all=0
06-14 15:54:21.460 D/UsageStatsService( 2066): User[0] type=0 b=1781420031459 e=1781420071459 cb=1781348849473 ce=1781420052440 disk=0 all=0
06-14 15:54:21.464 D/UsageStatsService( 2066): User[0] type=0 b=1781420031462 e=1781420071462 cb=1781348849473 ce=1781420052440 disk=0 all=0
06-14 15:54:21.466 D/UsageStatsService( 2066): User[0] type=0 b=1781420031464 e=1781420071464 cb=1781348849473 ce=1781420052440 disk=0 all=0
06-14 15:54:21.472 D/UsageStatsService( 2066): User[0] type=0 b=1781420031470 e=1781420071470 cb=1781348849473 ce=1781420052440 disk=0 all=0
06-14 15:54:21.477 D/vendor.qti.bluetooth@1.0-wake_lock( 1200): Release wakelock is released 
06-14 15:54:21.574 D/OplusSmartBrightnessController( 2066): handleMessage MSG_LUX_CHANGED, mLux:486.64853 luxQueue=[486.64853, 486.64853, 486.64853, 486.64853, 486.64853, 486.64853]
06-14 15:54:21.740 D/UsageStatsService( 2066): User[0] type=0 b=1781420031737 e=1781420071737 cb=1781348849473 ce=1781420052440 disk=0 all=0
06-14 15:54:21.748 D/UsageStatsService( 2066): User[0] type=0 b=1781420031744 e=1781420071744 cb=1781348849473 ce=1781420052440 disk=0 all=0
06-14 15:54:21.752 D/UsageStatsService( 2066): User[0] type=0 b=1781420031749 e=1781420071749 cb=1781348849473 ce=1781420052440 disk=0 all=0
06-14 15:54:21.755 D/UsageStatsService( 2066): User[0] type=0 b=1781420031753 e=1781420071753 cb=1781348849473 ce=1781420052440 disk=0 all=0
06-14 15:54:21.760 D/UsageStatsService( 2066): User[0] type=0 b=1781420031758 e=1781420071758 cb=1781348849473 ce=1781420052440 disk=0 all=0
06-14 15:54:21.768 D/UsageStatsService( 2066): User[0] type=0 b=1781420031765 e=1781420071765 cb=1781348849473 ce=1781420052440 disk=0 all=0
06-14 15:54:21.773 D/UsageStatsService( 2066): User[0] type=0 b=1781420031770 e=1781420071770 cb=1781348849473 ce=1781420052440 disk=0 all=0
06-14 15:54:21.776 D/UsageStatsService( 2066): User[0] type=0 b=1781420031774 e=1781420071774 cb=1781348849473 ce=1781420052440 disk=0 all=0
06-14 15:54:21.782 D/UsageStatsService( 2066): User[0] type=0 b=1781420031779 e=1781420071779 cb=1781348849473 ce=1781420052440 disk=0 all=0
06-14 15:54:21.786 D/UsageStatsService( 2066): User[0] type=0 b=1781420031783 e=1781420071783 cb=1781348849473 ce=1781420052440 disk=0 all=0
06-14 15:54:21.791 D/UsageStatsService( 2066): User[0] type=0 b=1781420031787 e=1781420071787 cb=1781348849473 ce=1781420052440 disk=0 all=0
06-14 15:54:21.795 D/UsageStatsService( 2066): User[0] type=0 b=1781420031791 e=1781420071791 cb=1781348849473 ce=1781420052440 disk=0 all=0
06-14 15:54:21.799 D/UsageStatsService( 2066): User[0] type=0 b=1781420031796 e=1781420071796 cb=1781348849473 ce=1781420052440 disk=0 all=0
06-14 15:54:21.802 D/UsageStatsService( 2066): User[0] type=0 b=1781420031800 e=1781420071800 cb=1781348849473 ce=1781420052440 disk=0 all=0
06-14 15:54:21.807 D/UsageStatsService( 2066): User[0] type=0 b=1781420031804 e=1781420071804 cb=1781348849473 ce=1781420052440 disk=0 all=0
06-14 15:54:21.811 D/UsageStatsService( 2066): User[0] type=0 b=1781420031808 e=1781420071808 cb=1781348849473 ce=1781420052440 disk=0 all=0
06-14 15:54:21.815 D/UsageStatsService( 2066): User[0] type=0 b=1781420031812 e=1781420071812 cb=1781348849473 ce=1781420052440 disk=0 all=0
06-14 15:54:21.819 D/UsageStatsService( 2066): User[0] type=0 b=1781420031816 e=1781420071816 cb=1781348849473 ce=1781420052440 disk=0 all=0
06-14 15:54:21.823 D/UsageStatsService( 2066): User[0] type=0 b=1781420031820 e=1781420071820 cb=1781348849473 ce=1781420052440 disk=0 all=0
06-14 15:54:21.984 D/SurfaceFlinger( 1374): captureDisplay from pid 1374 uid -1 display 4630946962717273473
06-14 15:54:22.090 D/UsageStatsService( 2066): User[0] type=0 b=1781420032088 e=1781420072088 cb=1781348849473 ce=1781420052440 disk=0 all=0
06-14 15:54:22.098 D/UsageStatsService( 2066): User[0] type=0 b=1781420032095 e=1781420072095 cb=1781348849473 ce=1781420052440 disk=0 all=0
06-14 15:54:22.101 D/UsageStatsService( 2066): User[0] type=0 b=1781420032099 e=1781420072099 cb=1781348849473 ce=1781420052440 disk=0 all=0
06-14 15:54:22.107 D/UsageStatsService( 2066): User[0] type=0 b=1781420032104 e=1781420072104 cb=1781348849473 ce=1781420052440 disk=0 all=0
06-14 15:54:22.110 D/UsageStatsService( 2066): User[0] type=0 b=1781420032108 e=1781420072108 cb=1781348849473 ce=1781420052440 disk=0 all=0
06-14 15:54:22.118 D/UsageStatsService( 2066): User[0] type=0 b=1781420032116 e=1781420072116 cb=1781348849473 ce=1781420052440 disk=0 all=0
06-14 15:54:22.123 D/UsageStatsService( 2066): User[0] type=0 b=1781420032120 e=1781420072120 cb=1781348849473 ce=1781420052440 disk=0 all=0
06-14 15:54:22.126 D/UsageStatsService( 2066): User[0] type=0 b=1781420032124 e=1781420072124 cb=1781348849473 ce=1781420052440 disk=0 all=0
06-14 15:54:22.130 D/UsageStatsService( 2066): User[0] type=0 b=1781420032128 e=1781420072128 cb=1781348849473 ce=1781420052440 disk=0 all=0
06-14 15:54:22.133 D/UsageStatsService( 2066): User[0] type=0 b=1781420032131 e=1781420072131 cb=1781348849473 ce=1781420052440 disk=0 all=0
06-14 15:54:22.136 D/UsageStatsService( 2066): User[0] type=0 b=1781420032134 e=1781420072134 cb=1781348849473 ce=1781420052440 disk=0 all=0
06-14 15:54:22.139 D/UsageStatsService( 2066): User[0] type=0 b=1781420032137 e=1781420072137 cb=1781348849473 ce=1781420052440 disk=0 all=0
06-14 15:54:22.141 D/UsageStatsService( 2066): User[0] type=0 b=1781420032139 e=1781420072139 cb=1781348849473 ce=1781420052440 disk=0 all=0
06-14 15:54:22.143 D/QmiClient( 1899): qmiServiceEventCallback recv msg id 74
06-14 15:54:22.143 D/QmiDsdClient( 1899): enter - onQmiServiceEventCallback msgId 74
06-14 15:54:22.143 D/QmiDsdClientEvent( 1899): qmiDsdClientNotifyLteCellInfoChangeEvent - RADIO_EVENT_LTE_CELL_INFO_CHANGE_IND
06-14 15:54:22.144 D/DsdProxy( 1899): handleMessage msg is 2201
06-14 15:54:22.144 D/DsdProxy( 1899): handleLteCellInfoChangeInd for instance 0
06-14 15:54:22.145 D/UsageStatsService( 2066): User[0] type=0 b=1781420032144 e=1781420072144 cb=1781348849473 ce=1781420052440 disk=0 all=0
06-14 15:54:22.145 D/SubsysRadioIndication( 4039): radioLteCAInfoInd
06-14 15:54:22.147 D/UsageStatsService( 2066): User[0] type=0 b=1781420032146 e=1781420072146 cb=1781348849473 ce=1781420052440 disk=0 all=0
06-14 15:54:22.147 D/QtiCellularNetwork( 4039): handleLteCaInfoChanged 0
06-14 15:54:22.147 D/QtiCellularNetwork( 4039): handleLteCaInfoChanged: deconfigured
06-14 15:54:22.148 D/SubsysBroadcastManager( 4039): onReceive action:android.intent.action.BATTERY_CHANGED
06-14 15:54:22.150 D/UsageStatsService( 2066): User[0] type=0 b=1781420032148 e=1781420072148 cb=1781348849473 ce=1781420052440 disk=0 all=0
06-14 15:54:22.150 I/SystemUi--Statusbar( 3476): BatteryControllerExt-->handleBroadcast() : broadcast = android.intent.action.BATTERY_CHANGED, charging = true, wirelessCharging = false, wirelessChargingReverse = false, pluggedIn = true, full = false, error = false, plugged = 2, status = 2, notifyCode = 0, wirelessReverseChgType = 0, level = 89
06-14 15:54:22.150 I/SystemUi--Statusbar( 3476): BatteryRepository-->model: BatteryStateModel:(level: 89, pluggedInWireless: false, charging: true, wirelessChargingReverse: false)
06-14 15:54:22.150 W/SystemUi--Keyguard( 3476): ChargingAnimationImpl-->BatteryStatus is same as last time , return
06-14 15:54:22.151 E/VendorNfcService( 7002): changeNfcStateByWirelessCharge: feature WIRELESS_CHARGING = true; mIsWirelessCharging: false; mIsReverseChargingSwitchOpen: false; mNfcWorkMode: 0; isOverSeaRegion() = true
06-14 15:54:22.152 D/DeviceStatisticsService(28314): onReceive: action= android.intent.action.BATTERY_CHANGED
06-14 15:54:22.152 D/UsageStatsService( 2066): User[0] type=0 b=1781420032150 e=1781420072150 cb=1781348849473 ce=1781420052440 disk=0 all=0
06-14 15:54:22.155 W/ActivityManager( 2066): Receiver with filter android.content.IntentFilter@43a987b already registered for pid 2066, callerPackage is android
06-14 15:54:22.155 D/UsageStatsService( 2066): User[0] type=0 b=1781420032154 e=1781420072154 cb=1781348849473 ce=1781420052440 disk=0 all=0
06-14 15:54:22.155 E/Battery ( 6222): a: getAISleepDuration: predictResult is null.
06-14 15:54:22.155 E/Battery ( 6222): ChargeProtectionUtils: mCanlendarTmp.isEmpty()!
06-14 15:54:22.157 D/UsageStatsService( 2066): User[0] type=0 b=1781420032156 e=1781420072156 cb=1781348849473 ce=1781420052440 disk=0 all=0
06-14 15:54:22.160 D/UsageStatsService( 2066): User[0] type=0 b=1781420032159 e=1781420072159 cb=1781348849473 ce=1781420052440 disk=0 all=0
06-14 15:54:22.162 D/UsageStatsService( 2066): User[0] type=0 b=1781420032161 e=1781420072161 cb=1781348849473 ce=1781420052440 disk=0 all=0
06-14 15:54:22.164 D/UsageStatsService( 2066): User[0] type=0 b=1781420032163 e=1781420072163 cb=1781348849473 ce=1781420052440 disk=0 all=0
06-14 15:54:22.166 D/UsageStatsService( 2066): User[0] type=0 b=1781420032165 e=1781420072165 cb=1781348849473 ce=1781420052440 disk=0 all=0
06-14 15:54:22.171 D/UsageStatsService( 2066): User[0] type=0 b=1781420032170 e=1781420072170 cb=1781348849473 ce=1781420052440 disk=0 all=0
06-14 15:54:22.172 D/QmiClient( 1899): qmiServiceEventCallback recv msg id 78
06-14 15:54:22.172 D/QmiNasClient( 1899): enter : onQmiServiceEventCallback msgId 78
06-14 15:54:22.172 D/QmiNasClientEvent( 1899): qmiNasClientNotifySysInfoEvent lte_ims_voice_avail_valid 1
06-14 15:54:22.172 D/NasProxy( 1899): handleMessage msg is 2101
06-14 15:54:22.172 D/NasProxy( 1899): handleNasSysInfoEvent for instance 0
06-14 15:54:22.174 D/QmiClient( 1899): qmiServiceEventCallback recv msg id 78
06-14 15:54:22.174 D/QmiNasClient( 1899): enter : onQmiServiceEventCallback msgId 78
06-14 15:54:22.174 D/UsageStatsService( 2066): User[0] type=0 b=1781420032172 e=1781420072172 cb=1781348849473 ce=1781420052440 disk=0 all=0
06-14 15:54:22.174 D/QmiNasClientEvent( 1899): qmiNasClientNotifySysInfoEvent lte_ims_voice_avail_valid 1
06-14 15:54:22.174 D/NasProxy( 1899): handleMessage msg is 2101
06-14 15:54:22.174 D/NasProxy( 1899): handleNasSysInfoEvent for instance 0
06-14 15:54:22.188 D/FusionLightExtImpl( 2066): processRawLux stop to shot
06-14 15:54:22.190 D/FusionLightExtImpl( 2066): processRawLux ShotOnce, after outEvent->light = 486.258148, comp_lux = 7.358172, RGB(99.000000, 132.000000, 152.000000), C = 8.000000, threshold = 1000, mBrightLevel = 50
06-14 15:54:22.204 W/IWlanNetworkService( 3909): 5417 > Response Processed
06-14 15:54:22.211 W/IWlanNetworkService( 3909): 5418 > Response Processed
06-14 15:54:22.245 W/Settings( 3875): Setting airplane_mode_on has moved from android.provider.Settings.System to android.provider.Settings.Global, returning read-only value.
06-14 15:54:22.254 I/QImsService( 3936): OplusPhoneStateTracker : onServiceStateChanged
06-14 15:54:22.256 D/SubsysEventListenerManager-SubsysTelephonyCallback[0]( 4039): onServiceStateChanged
06-14 15:54:22.256 D/MsimSubModeManager( 4039): registTelephonyEvent onServiceStateChanged eventId:3, VoiceRegState:0, DataRegState:0
06-14 15:54:22.256 I/QImsService( 3936): OplusPhoneStateTracker : onServiceStateChanged
06-14 15:54:22.256 D/MsimSubModeManager( 4039): getMsimSimServiceIn() i:0,mServiceState:0
06-14 15:54:22.256 D/MsimSubModeManager( 4039): getMsimSimServiceIn() i:1,mServiceState:1
06-14 15:54:22.258 I/LocationAccessPolicy( 2066): com.facebook.katana is aware of fine but the app-ops permission is specifically denied.
06-14 15:54:22.259 I/LocationAccessPolicy( 2066): com.facebook.katana is aware of coarse but the app-ops permission is specifically denied.
06-14 15:54:22.261 I/LocationAccessPolicy( 2066): com.instagram.android is aware of fine but the app-ops permission is specifically denied.
06-14 15:54:22.261 I/LocationAccessPolicy( 2066): com.instagram.android is aware of coarse but the app-ops permission is specifically denied.
06-14 15:54:22.263 I/OplusWifiSarManager( 2066): Received service state changed nrstate=0
06-14 15:54:22.266 W/ContextImpl( 2066): Calling a method in the system process without a qualified user: android.app.ContextImpl.sendBroadcastMultiplePermissions:1282 android.content.Context.sendBroadcastMultiplePermissions:2476 com.android.server.TelephonyRegistry.broadcastServiceStateChanged:3594 com.android.server.TelephonyRegistry.notifyServiceStateForPhoneId:1759 com.android.internal.telephony.ITelephonyRegistry$Stub.onTransact:534 
06-14 15:54:22.267 I/OplusHansManager ( 2066): unfreeze uid: 10524 com.ss.android.ugc.tiktok.lite pids: [9983] reason: AsyncBinder scene: LcdOn
06-14 15:54:22.268 I/OplusHansManager ( 2066): uid=10524, pkg=com.ss.android.ugc.tiktok.lite F exit(), F stay=2, reason=AsyncBinder
06-14 15:54:22.268 W/ContextImpl( 2066): Calling a method in the system process without a qualified user: android.app.ContextImpl.sendBroadcastMultiplePermissions:1315 com.android.server.TelephonyRegistry.broadcastServiceStateChanged:3599 com.android.server.TelephonyRegistry.notifyServiceStateForPhoneId:1759 com.android.internal.telephony.ITelephonyRegistry$Stub.onTransact:534 android.os.Binder.execTransactInternal:1392 
06-14 15:54:22.271 D/cellularState[0]( 4039): handleMessage: E msg.what=4
06-14 15:54:22.271 D/cellularState[0]( 4039): processMsg: WifiConnectedState
06-14 15:54:22.271 D/cellularState[0]( 4039): processMsg: NetworkAttachedState
06-14 15:54:22.271 D/cellularState[0]( 4039): processMsg: SimReadyState
06-14 15:54:22.271 D/cellularState[0]( 4039): processMsg: DefaultState
06-14 15:54:22.271 E/cellularState[0]( 4039):  - unhandledMessage: msg.what=4
06-14 15:54:22.271 D/cellularState[0]( 4039): handleMessage: X
06-14 15:54:22.273 W/ContextImpl( 2066): Calling a method in the system process without a qualified user: android.app.ContextImpl.sendBroadcastMultiplePermissions:1315 com.android.server.TelephonyRegistry.broadcastServiceStateChanged:3608 com.android.server.TelephonyRegistry.notifyServiceStateForPhoneId:1759 com.android.internal.telephony.ITelephonyRegistry$Stub.onTransact:534 android.os.Binder.execTransactInternal:1392 
06-14 15:54:22.274 W/ContextImpl( 2066): Calling a method in the system process without a qualified user: android.app.ContextImpl.sendBroadcastMultiplePermissions:1315 com.android.server.TelephonyRegistry.broadcastServiceStateChanged:3614 com.android.server.TelephonyRegistry.notifyServiceStateForPhoneId:1759 com.android.internal.telephony.ITelephonyRegistry$Stub.onTransact:534 android.os.Binder.execTransactInternal:1392 
06-14 15:54:22.275 D/cellularState[0]( 3924): handleMessage: E msg.what=4
06-14 15:54:22.275 D/cellularState[0]( 3924): processMsg: o
06-14 15:54:22.275 D/cellularState[0]( 3924): processMsg: i
06-14 15:54:22.275 D/cellularState[0]( 3924): processMsg: m
06-14 15:54:22.275 D/cellularState[0]( 3924): processMsg: h
06-14 15:54:22.275 E/cellularState[0]( 3924):  - unhandledMessage: msg.what=4
06-14 15:54:22.275 D/cellularState[0]( 3924): handleMessage: X
06-14 15:54:22.276 I/SystemUi--Keyguard( 3476): KeyguardUpdateMonitor-->action=android.intent.action.SERVICE_STATE subId=1 slotId=0
06-14 15:54:22.277 D/ServiceStateProvider( 3875): subId=1
06-14 15:54:22.283 D/SimStateHelper( 3476): slot:0, lock state:Bundle[mParcelledData.dataSize=56]
06-14 15:54:22.283 D/CellBroadcastReceiver(11384): onReceive Intent { act=android.intent.action.SERVICE_STATE flg=0x1000010 cmp=com.google.android.cellbroadcastreceiver/com.android.cellbroadcastreceiver.CellBroadcastReceiver (has extras) }
06-14 15:54:22.284 I/Telephony( 3875): g: onServiceStateChanged: newState=0, mServiceState=0
06-14 15:54:22.284 I/Telephony( 3875): isRttCurrentlySupported -- regular acct, hasVoiceAvailability: true
06-14 15:54:22.284 I/Telephony( 3875):  isRttSupported: false
06-14 15:54:22.284 I/Telephony( 3875):  isUserRttSettingOn: false
06-14 15:54:22.284 I/Telephony( 3875):  alwaysAllowWhileRoaming: false
06-14 15:54:22.284 I/Telephony( 3875):  isRoaming: false
06-14 15:54:22.284 I/Telephony( 3875):  isOnWfc: false
06-14 15:54:22.284 D/SimStateHelper( 3476): slot:1, lock state:Bundle[mParcelledData.dataSize=56]
06-14 15:54:22.284 D/SimStateHelper( 3476): needDisableMenu: slot1State=-1; slot2State=-1
06-14 15:54:22.284 D/SimStateHelper( 3476): needDisableMenu:false
06-14 15:54:22.286 D/SimStateHelper( 3476): slot:0, lock state:Bundle[mParcelledData.dataSize=56]
06-14 15:54:22.287 D/SimStateHelper( 3476): slot:1, lock state:Bundle[mParcelledData.dataSize=56]
06-14 15:54:22.287 D/SimStateHelper( 3476): needDisableMenu: slot1State=-1; slot2State=-1
06-14 15:54:22.287 D/SimStateHelper( 3476): needDisableMenu:false
06-14 15:54:22.288 I/SystemUi--Keyguard( 3476): OplusEmergencyButtonControllExImpl-->shouldUpdateEmergencyCallButton, isTablet:false  isWifiOnly(): false
06-14 15:54:22.289 I/SystemUi--Keyguard( 3476): OplusEmergencyButtonControllExImpl-->shouldUpdateEmergencyCallButton(), isInCall =false
06-14 15:54:22.294 W/KeyguardSecurityViewFlipper( 3476): onMeasure: widthSpec MeasureSpec: EXACTLY 1080 should be AT_MOST
06-14 15:54:22.294 W/KeyguardSecurityViewFlipper( 3476): onMeasure: heightSpec MeasureSpec: EXACTLY 2400 should be AT_MOST
06-14 15:54:22.295 W/KeyguardSecurityViewFlipper( 3476): onMeasure: widthSpec MeasureSpec: EXACTLY 1080 should be AT_MOST
06-14 15:54:22.295 W/KeyguardSecurityViewFlipper( 3476): onMeasure: heightSpec MeasureSpec: EXACTLY 2400 should be AT_MOST
06-14 15:54:22.296 D/OplusCustomizeRestrictionManagerService( 2066): ismmsreceiveDisabled null
06-14 15:54:22.296 E/OplusCustomizeRestrictionManagerService( 2066): getMobileDataMode error :s == null
06-14 15:54:22.297 D/OplusCustomizeSecurityManagerService( 2066): we can't find the BLOCK
06-14 15:54:22.306 D/InternationalRoamingNotification( 3875): init
06-14 15:54:22.306 D/InternationalRoamingNotification( 3875): do not createRoamingNotification for error version
06-14 15:54:22.313 D/PhoneInterfaceManager( 3875): QueryTelephonyChecker-getDataNetworkTypeForSubscriber: packageName = com.android.phone, isGrant = true
06-14 15:54:22.321 D/CellBroadcastReceiver(11384): onServiceStateChanged, ss: 0
06-14 15:54:22.321 D/CellBroadcastReceiver(11384): networkOperator: 44010
06-14 15:54:22.322 D/CellBroadcastReceiver(11384): update supported roaming operator as 
06-14 15:54:22.342 D/PhoneInterfaceManager( 3875): QueryTelephonyChecker-getDataNetworkTypeForSubscriber: packageName = com.google.android.apps.messaging, isGrant = true
06-14 15:54:22.384 W/System.err( 9983): FlagsHookHelper: skip hook flags method getInstanceHook
06-14 15:54:22.396 W/NaviWarn( 9983): StackPtr is not 8-byte aligned.
06-14 15:54:22.440 D/UsageStatsService( 2066): User[0] type=0 b=1781420032437 e=1781420072437 cb=1781348849473 ce=1781420052440 disk=0 all=0
06-14 15:54:22.447 D/UsageStatsService( 2066): User[0] type=0 b=1781420032444 e=1781420072444 cb=1781348849473 ce=1781420052440 disk=0 all=0
06-14 15:54:22.451 D/UsageStatsService( 2066): User[0] type=0 b=1781420032449 e=1781420072449 cb=1781348849473 ce=1781420052440 disk=0 all=0
06-14 15:54:22.455 D/UsageStatsService( 2066): User[0] type=0 b=1781420032452 e=1781420072452 cb=1781348849473 ce=1781420052440 disk=0 all=0
06-14 15:54:22.460 D/UsageStatsService( 2066): User[0] type=0 b=1781420032457 e=1781420072457 cb=1781348849473 ce=1781420052440 disk=0 all=0
06-14 15:54:22.469 D/UsageStatsService( 2066): User[0] type=0 b=1781420032466 e=1781420072466 cb=1781348849473 ce=1781420052440 disk=0 all=0
06-14 15:54:22.474 D/UsageStatsService( 2066): User[0] type=0 b=1781420032471 e=1781420072471 cb=1781348849473 ce=1781420052440 disk=0 all=0
06-14 15:54:22.479 D/UsageStatsService( 2066): User[0] type=0 b=1781420032476 e=1781420072476 cb=1781348849473 ce=1781420052440 disk=0 all=0
06-14 15:54:22.484 D/UsageStatsService( 2066): User[0] type=0 b=1781420032481 e=1781420072481 cb=1781348849473 ce=1781420052440 disk=0 all=0
06-14 15:54:22.488 D/UsageStatsService( 2066): User[0] type=0 b=1781420032485 e=1781420072485 cb=1781348849473 ce=1781420052440 disk=0 all=0
06-14 15:54:22.493 D/UsageStatsService( 2066): User[0] type=0 b=1781420032490 e=1781420072490 cb=1781348849473 ce=1781420052440 disk=0 all=0
06-14 15:54:22.497 D/UsageStatsService( 2066): User[0] type=0 b=1781420032495 e=1781420072495 cb=1781348849473 ce=1781420052440 disk=0 all=0
06-14 15:54:22.500 D/UsageStatsService( 2066): User[0] type=0 b=1781420032498 e=1781420072498 cb=1781348849473 ce=1781420052440 disk=0 all=0
06-14 15:54:22.503 D/UsageStatsService( 2066): User[0] type=0 b=1781420032501 e=1781420072501 cb=1781348849473 ce=1781420052440 disk=0 all=0
06-14 15:54:22.504 D/UsageStatsService( 2066): User[0] type=0 b=1781420032501 e=1781420072501 cb=1781348849473 ce=1781420052440 disk=0 all=0
06-14 15:54:22.507 D/UsageStatsService( 2066): User[0] type=0 b=1781420032505 e=1781420072505 cb=1781348849473 ce=1781420052440 disk=0 all=0
06-14 15:54:22.508 D/UsageStatsService( 2066): User[0] type=0 b=1781420032506 e=1781420072506 cb=1781348849473 ce=1781420052440 disk=0 all=0
06-14 15:54:22.510 D/UsageStatsService( 2066): User[0] type=0 b=1781420032508 e=1781420072508 cb=1781348849473 ce=1781420052440 disk=0 all=0
06-14 15:54:22.511 D/UsageStatsService( 2066): User[0] type=0 b=1781420032509 e=1781420072509 cb=1781348849473 ce=1781420052440 disk=0 all=0
06-14 15:54:22.514 D/UsageStatsService( 2066): User[0] type=0 b=1781420032512 e=1781420072512 cb=1781348849473 ce=1781420052440 disk=0 all=0
06-14 15:54:22.518 D/UsageStatsService( 2066): User[0] type=0 b=1781420032516 e=1781420072516 cb=1781348849473 ce=1781420052440 disk=0 all=0
06-14 15:54:22.523 D/UsageStatsService( 2066): User[0] type=0 b=1781420032521 e=1781420072521 cb=1781348849473 ce=1781420052440 disk=0 all=0
06-14 15:54:22.634 I/vendor.qti.bluetooth@1.0-ibs_handler( 1200): ProcessIbsCmd: Received IBS_WAKE_IND: 0xFD
06-14 15:54:22.634 D/vendor.qti.bluetooth@1.0-ibs_handler( 1200): SerialClockVote: vote for UART CLK ON
06-14 15:54:22.637 D/vendor.qti.bluetooth@1.0-wake_lock( 1200): Acquire wakelock is acquired 
06-14 15:54:22.637 I/vendor.qti.bluetooth@1.0-ibs_handler( 1200): ProcessIbsCmd: Writing IBS_WAKE_ACK
06-14 15:54:22.670 I/OplusHansManager ( 2066): unfreeze uid: 10370 com.facebook.orca pids: [5961] reason: AsyncBinder scene: LcdOn
06-14 15:54:22.670 I/OplusHansManager ( 2066): uid=10370, pkg=com.facebook.orca F exit(), F stay=2, reason=AsyncBinder
06-14 15:54:22.672 I/OplusHansManager ( 2066): unfreeze uid: 10487 com.instagram.barcelona pids: [10411] reason: AsyncBinder scene: LcdOn
06-14 15:54:22.673 I/OplusHansManager ( 2066): uid=10487, pkg=com.instagram.barcelona F exit(), F stay=2, reason=AsyncBinder
06-14 15:54:22.678 I/vendor.qti.bluetooth@1.0-ibs_handler( 1200): ProcessIbsCmd: Received IBS_SLEEP_IND: 0xFE
06-14 15:54:22.678 D/vendor.qti.bluetooth@1.0-ibs_handler( 1200): SerialClockVote: vote for UART CLK OFF
06-14 15:54:22.790 D/UsageStatsService( 2066): User[0] type=0 b=1781420032786 e=1781420072786 cb=1781348849473 ce=1781420052440 disk=0 all=0
06-14 15:54:22.796 D/UsageStatsService( 2066): User[0] type=0 b=1781420032794 e=1781420072794 cb=1781348849473 ce=1781420052440 disk=0 all=0
06-14 15:54:22.800 D/UsageStatsService( 2066): User[0] type=0 b=1781420032798 e=1781420072798 cb=1781348849473 ce=1781420052440 disk=0 all=0
06-14 15:54:22.804 D/UsageStatsService( 2066): User[0] type=0 b=1781420032801 e=1781420072801 cb=1781348849473 ce=1781420052440 disk=0 all=0
06-14 15:54:22.807 D/UsageStatsService( 2066): User[0] type=0 b=1781420032804 e=1781420072804 cb=1781348849473 ce=1781420052440 disk=0 all=0
06-14 15:54:22.810 D/UsageStatsService( 2066): User[0] type=0 b=1781420032808 e=1781420072808 cb=1781348849473 ce=1781420052440 disk=0 all=0
06-14 15:54:22.817 D/UsageStatsService( 2066): User[0] type=0 b=1781420032815 e=1781420072815 cb=1781348849473 ce=1781420052440 disk=0 all=0
06-14 15:54:22.823 D/UsageStatsService( 2066): User[0] type=0 b=1781420032821 e=1781420072821 cb=1781348849473 ce=1781420052440 disk=0 all=0
06-14 15:54:22.826 D/UsageStatsService( 2066): User[0] type=0 b=1781420032824 e=1781420072824 cb=1781348849473 ce=1781420052440 disk=0 all=0
06-14 15:54:22.828 D/vendor.qti.bluetooth@1.0-wake_lock( 1200): Release wakelock is released 
06-14 15:54:22.830 D/UsageStatsService( 2066): User[0] type=0 b=1781420032827 e=1781420072827 cb=1781348849473 ce=1781420052440 disk=0 all=0
06-14 15:54:22.833 D/UsageStatsService( 2066): User[0] type=0 b=1781420032831 e=1781420072831 cb=1781348849473 ce=1781420052440 disk=0 all=0
06-14 15:54:22.838 D/UsageStatsService( 2066): User[0] type=0 b=1781420032835 e=1781420072835 cb=1781348849473 ce=1781420052440 disk=0 all=0
06-14 15:54:22.840 D/UsageStatsService( 2066): User[0] type=0 b=1781420032838 e=1781420072838 cb=1781348849473 ce=1781420052440 disk=0 all=0
06-14 15:54:22.843 D/UsageStatsService( 2066): User[0] type=0 b=1781420032841 e=1781420072841 cb=1781348849473 ce=1781420052440 disk=0 all=0
06-14 15:54:22.846 D/UsageStatsService( 2066): User[0] type=0 b=1781420032844 e=1781420072844 cb=1781348849473 ce=1781420052440 disk=0 all=0
06-14 15:54:22.849 D/UsageStatsService( 2066): User[0] type=0 b=1781420032847 e=1781420072847 cb=1781348849473 ce=1781420052440 disk=0 all=0
06-14 15:54:22.852 D/UsageStatsService( 2066): User[0] type=0 b=1781420032850 e=1781420072850 cb=1781348849473 ce=1781420052440 disk=0 all=0
06-14 15:54:22.857 D/UsageStatsService( 2066): User[0] type=0 b=1781420032855 e=1781420072855 cb=1781348849473 ce=1781420052440 disk=0 all=0
06-14 15:54:22.860 D/UsageStatsService( 2066): User[0] type=0 b=1781420032858 e=1781420072858 cb=1781348849473 ce=1781420052440 disk=0 all=0
06-14 15:54:22.863 D/UsageStatsService( 2066): User[0] type=0 b=1781420032861 e=1781420072861 cb=1781348849473 ce=1781420052440 disk=0 all=0
06-14 15:54:22.865 D/UsageStatsService( 2066): User[0] type=0 b=1781420032863 e=1781420072863 cb=1781348849473 ce=1781420052440 disk=0 all=0
06-14 15:54:22.868 D/UsageStatsService( 2066): User[0] type=0 b=1781420032867 e=1781420072867 cb=1781348849473 ce=1781420052440 disk=0 all=0
06-14 15:54:22.872 D/UsageStatsService( 2066): User[0] type=0 b=1781420032870 e=1781420072870 cb=1781348849473 ce=1781420052440 disk=0 all=0
06-14 15:54:22.876 D/ShellSubscriberWorkerThread(12384): the first 8 bytes empty, and RestData length > 8 
06-14 15:54:23.140 D/UsageStatsService( 2066): User[0] type=0 b=1781420033137 e=1781420073137 cb=1781348849473 ce=1781420052440 disk=0 all=0
06-14 15:54:23.147 D/UsageStatsService( 2066): User[0] type=0 b=1781420033144 e=1781420073144 cb=1781348849473 ce=1781420052440 disk=0 all=0
06-14 15:54:23.151 D/UsageStatsService( 2066): User[0] type=0 b=1781420033148 e=1781420073148 cb=1781348849473 ce=1781420052440 disk=0 all=0
06-14 15:54:23.155 D/UsageStatsService( 2066): User[0] type=0 b=1781420033152 e=1781420073152 cb=1781348849473 ce=1781420052440 disk=0 all=0
06-14 15:54:23.159 D/UsageStatsService( 2066): User[0] type=0 b=1781420033157 e=1781420073157 cb=1781348849473 ce=1781420052440 disk=0 all=0
06-14 15:54:23.168 D/UsageStatsService( 2066): User[0] type=0 b=1781420033165 e=1781420073165 cb=1781348849473 ce=1781420052440 disk=0 all=0
06-14 15:54:23.174 D/UsageStatsService( 2066): User[0] type=0 b=1781420033171 e=1781420073171 cb=1781348849473 ce=1781420052440 disk=0 all=0
06-14 15:54:23.179 D/UsageStatsService( 2066): User[0] type=0 b=1781420033175 e=1781420073175 cb=1781348849473 ce=1781420052440 disk=0 all=0
06-14 15:54:23.184 D/UsageStatsService( 2066): User[0] type=0 b=1781420033181 e=1781420073181 cb=1781348849473 ce=1781420052440 disk=0 all=0
06-14 15:54:23.188 D/UsageStatsService( 2066): User[0] type=0 b=1781420033185 e=1781420073185 cb=1781348849473 ce=1781420052440 disk=0 all=0
06-14 15:54:23.191 D/UsageStatsService( 2066): User[0] type=0 b=1781420033188 e=1781420073188 cb=1781348849473 ce=1781420052440 disk=0 all=0
06-14 15:54:23.194 D/UsageStatsService( 2066): User[0] type=0 b=1781420033192 e=1781420073192 cb=1781348849473 ce=1781420052440 disk=0 all=0
06-14 15:54:23.198 D/UsageStatsService( 2066): User[0] type=0 b=1781420033196 e=1781420073196 cb=1781348849473 ce=1781420052440 disk=0 all=0
06-14 15:54:23.202 D/UsageStatsService( 2066): User[0] type=0 b=1781420033200 e=1781420073200 cb=1781348849473 ce=1781420052440 disk=0 all=0
06-14 15:54:23.206 D/UsageStatsService( 2066): User[0] type=0 b=1781420033204 e=1781420073204 cb=1781348849473 ce=1781420052440 disk=0 all=0
06-14 15:54:23.211 D/UsageStatsService( 2066): User[0] type=0 b=1781420033208 e=1781420073208 cb=1781348849473 ce=1781420052440 disk=0 all=0
06-14 15:54:23.214 D/UsageStatsService( 2066): User[0] type=0 b=1781420033212 e=1781420073212 cb=1781348849473 ce=1781420052440 disk=0 all=0
06-14 15:54:23.216 D/UsageStatsService( 2066): User[0] type=0 b=1781420033215 e=1781420073215 cb=1781348849473 ce=1781420052440 disk=0 all=0
06-14 15:54:23.223 D/UsageStatsService( 2066): User[0] type=0 b=1781420033220 e=1781420073220 cb=1781348849473 ce=1781420052440 disk=0 all=0
06-14 15:54:23.347 I/AiAiStatsd(32155): No op: the most recent atoms from the date 2026-06-12 have been uploaded.
06-14 15:54:23.356 D/WifiStaIfaceHidlImpl( 2066): getCachedScanData is not implemented by HIDL
06-14 15:54:23.362 D/OplusWifiSwitchStats( 2066): RSSI_CHANGED_ACTION wifiState=3
06-14 15:54:23.362 D/OplusGameFirstManager( 2066): oldAverRssi=-76,rssi=-77,newAverRssi=-76
06-14 15:54:23.364 I/QImsService( 3936): OplusWifiApmStateMgr : onReceive,wifiSignal: -77
06-14 15:54:23.365 I/SystemUi--Statusbar( 3476): NetworkController.WifiSignalController-->wifi Broadcast action = android.net.wifi.RSSI_CHANGED state=3 enabled=true connected=true isDefaultNetwork=true rssi=-77 level=2 wifiStandard = 5 statusLabel = null isDirty = false
06-14 15:54:23.366 D/QCNEJ/WlanStaInfoRelay( 3909): Received action: android.net.wifi.RSSI_CHANGED
06-14 15:54:23.372 D/WifiStatusTracker( 3476): mNetworkCallback onCapabilitiesChanged network:144 mPrimaryNetworkId:144
06-14 15:54:23.378 D/WifiStatusTracker( 3476): mNetworkCallback onCapabilitiesChanged network:144 mPrimaryNetworkId:144
06-14 15:54:23.381 E/TMMS-NetworkCallbackImpl( 7328): network ---> capability-changed, type: Wi-Fi.
06-14 15:54:23.389 I/BugleRcsEngine(32447): handleMessage processing message:[NOTIFY_UPTIME_IGNORE_STATE_CHANGED] with [non-null]:RcsEngineImpl reference [CONTEXT log_prefix="RcsEngineImpl[DUAL_REG]:[a751e14d-25f7]>Handler" thread_id=523 ]
06-14 15:54:23.390 I/BugleRcsEngine(32447): Cannot use CS.apk as it's battery optimized [CONTEXT thread_id=523 ]
06-14 15:54:23.392 I/SystemUi--Statusbar( 3476): NetworkController.WifiSignalController-->handleStatusUpdated state=3 enabled=true connected=true isDefaultNetwork=true rssi=-77 level=2 wifiStandard=5 statusLabel=null isDirty=false
06-14 15:54:23.393 D/SystemNetworkObserver( 2066): wifi network 144 nc changed, primary=true
06-14 15:54:23.393 D/SystemNetworkObserver( 2066): default network nc changed 144
06-14 15:54:23.393 I/BugleRcsEngine(32447): Connected state: [1], networkType: [WIFI] [CONTEXT thread_id=517 ]
06-14 15:54:23.394 V/com.readdle.spark.app.l( 8893): Network state changed RSMReachabilityFlags(reachableViaWiFi=true, hasInternetConnection=true, transient=false)
06-14 15:54:23.394 W/ProcessStats( 2066): Tracking association SourceState{74315be com.google.android.googlequicksearchbox:googleapp/10104 BTop #1019714} whose proc state 2 is better than process ProcessState{d764eb6 com.google.android.gms/10100 pkg=com.google.android.gms} proc state 3 (2 skipped)
06-14 15:54:23.394 D/OplusSlaNetworkManager( 2066): isPrimaryWifi:true network:144
06-14 15:54:23.395 I/ONet.Lan_LanConnectManager(31957): (LanConnectivityReceiver.java:10)onRssiChanged, but do not need sync to remote!
06-14 15:54:23.396 I/SystemUi--Statusbar( 3476): NetworkController.WifiSignalController-->handleStatusUpdated state=3 enabled=true connected=true isDefaultNetwork=true rssi=-77 level=2 wifiStandard=5 statusLabel=null isDirty=false
06-14 15:54:23.396 D/ConnectivityService( 2066): NetReassign [no changes] [c 0] [a 1] [i 1]
06-14 15:54:23.396 I/NullBinder(27202): NullBinder for android.net.action.RECOMMEND_NETWORKS triggering remote TransactionTooLargeException due to Service without Chimera impl, calling uid: 1000, calling pid: 0
06-14 15:54:23.396 W/.gms.persistent(27202): Large reply transaction of 2113536 bytes, interface descriptor , code 1
06-14 15:54:23.397 I/SystemUi--Statusbar( 3476): NetworkController.WifiSignalController-->handleStatusUpdated state=3 enabled=true connected=true isDefaultNetwork=true rssi=-77 level=2 wifiStandard=5 statusLabel=null isDirty=false
06-14 15:54:23.399 I/NullBinder(27202): NullBinder for android.net.action.RECOMMEND_NETWORKS triggering remote TransactionTooLargeException due to Service without Chimera impl, calling uid: 1000, calling pid: 0
06-14 15:54:23.399 W/.gms.persistent(27202): Large reply transaction of 2113536 bytes, interface descriptor , code 1
06-14 15:54:23.400 I/NearbyMediums(27202): Wifi changed new SSID: "aterm-37a24a-5p"
06-14 15:54:23.400 I/NearbyMediums(27202): WifiLanConnectivityInfo is not changed, skip notify.
06-14 15:54:23.428 D/OplusSmartBrightnessController( 2066): handleMessage MSG_LUX_CHANGED, mLux:486.18625 luxQueue=[486.25815, 486.25815, 486.28165, 486.28165, 486.0747, 486.0747, 486.0747]
06-14 15:54:23.490 D/UsageStatsService( 2066): User[0] type=0 b=1781420033487 e=1781420073487 cb=1781348849473 ce=1781420063393 disk=0 all=0
06-14 15:54:23.496 D/UsageStatsService( 2066): User[0] type=0 b=1781420033494 e=1781420073494 cb=1781348849473 ce=1781420063393 disk=0 all=0
06-14 15:54:23.500 D/UsageStatsService( 2066): User[0] type=0 b=1781420033498 e=1781420073498 cb=1781348849473 ce=1781420063393 disk=0 all=0
06-14 15:54:23.504 D/UsageStatsService( 2066): User[0] type=0 b=1781420033502 e=1781420073502 cb=1781348849473 ce=1781420063393 disk=0 all=0
06-14 15:54:23.507 D/UsageStatsService( 2066): User[0] type=0 b=1781420033505 e=1781420073505 cb=1781348849473 ce=1781420063393 disk=0 all=0
06-14 15:54:23.510 D/UsageStatsService( 2066): User[0] type=0 b=1781420033508 e=1781420073508 cb=1781348849473 ce=1781420063393 disk=0 all=0
06-14 15:54:23.518 D/UsageStatsService( 2066): User[0] type=0 b=1781420033516 e=1781420073516 cb=1781348849473 ce=1781420063393 disk=0 all=0
06-14 15:54:23.523 D/UsageStatsService( 2066): User[0] type=0 b=1781420033520 e=1781420073520 cb=1781348849473 ce=1781420063393 disk=0 all=0
06-14 15:54:23.527 D/UsageStatsService( 2066): User[0] type=0 b=1781420033524 e=1781420073524 cb=1781348849473 ce=1781420063393 disk=0 all=0
06-14 15:54:23.531 D/UsageStatsService( 2066): User[0] type=0 b=1781420033528 e=1781420073528 cb=1781348849473 ce=1781420063393 disk=0 all=0
06-14 15:54:23.534 D/UsageStatsService( 2066): User[0] type=0 b=1781420033532 e=1781420073532 cb=1781348849473 ce=1781420063393 disk=0 all=0
06-14 15:54:23.538 D/UsageStatsService( 2066): User[0] type=0 b=1781420033536 e=1781420073536 cb=1781348849473 ce=1781420063393 disk=0 all=0
06-14 15:54:23.542 D/UsageStatsService( 2066): User[0] type=0 b=1781420033539 e=1781420073539 cb=1781348849473 ce=1781420063393 disk=0 all=0
06-14 15:54:23.546 D/UsageStatsService( 2066): User[0] type=0 b=1781420033544 e=1781420073544 cb=1781348849473 ce=1781420063393 disk=0 all=0
06-14 15:54:23.550 D/UsageStatsService( 2066): User[0] type=0 b=1781420033547 e=1781420073547 cb=1781348849473 ce=1781420063393 disk=0 all=0
06-14 15:54:23.553 D/UsageStatsService( 2066): User[0] type=0 b=1781420033551 e=1781420073551 cb=1781348849473 ce=1781420063393 disk=0 all=0
06-14 15:54:23.559 D/UsageStatsService( 2066): User[0] type=0 b=1781420033556 e=1781420073556 cb=1781348849473 ce=1781420063393 disk=0 all=0
06-14 15:54:23.562 D/UsageStatsService( 2066): User[0] type=0 b=1781420033560 e=1781420073560 cb=1781348849473 ce=1781420063393 disk=0 all=0
06-14 15:54:23.566 D/UsageStatsService( 2066): User[0] type=0 b=1781420033563 e=1781420073563 cb=1781348849473 ce=1781420063393 disk=0 all=0
06-14 15:54:23.573 D/UsageStatsService( 2066): User[0] type=0 b=1781420033571 e=1781420073571 cb=1781348849473 ce=1781420063393 disk=0 all=0
06-14 15:54:23.628 D/DiagnoseService( 4039): handleMessage: 1001
06-14 15:54:23.643 D/QmiVsClient( 1899): getDiagPktVersionMismatchDb - enter
06-14 15:54:23.645 D/QmiVsClient( 1899): getDiagPktVersionMismatchDb callback - enter
06-14 15:54:23.645 D/VsProxy ( 1899): handleMessage msg is 4001
06-14 15:54:23.646 D/RadioProxy( 1899): getDiagPktVersionMismatchDb : response cb for instance 0
06-14 15:54:23.646 D/VendorService( 1899): getDiagPktVersionMismatchDb recordNumber 0
06-14 15:54:23.661 D/RadioProxyJ( 4039): [PHONE0][14695]< getDiagPktVersionMismatchDbResponse 
06-14 15:54:23.661 D/DiagnoseService( 4039): handleMessage: 1002
06-14 15:54:23.661 D/DiagnoseService( 4039): no diag packets with version mismatched
06-14 15:54:23.777 I/OplusHansManager ( 2066): uid=10524, pkg=com.ss.android.ugc.tiktok.lite can not transition from M to F. reason: AsyncBinder
06-14 15:54:23.840 D/UsageStatsService( 2066): User[0] type=0 b=1781420033837 e=1781420073837 cb=1781348849473 ce=1781420063393 disk=0 all=0
06-14 15:54:23.847 D/UsageStatsService( 2066): User[0] type=0 b=1781420033845 e=1781420073845 cb=1781348849473 ce=1781420063393 disk=0 all=0
06-14 15:54:23.851 D/UsageStatsService( 2066): User[0] type=0 b=1781420033848 e=1781420073848 cb=1781348849473 ce=1781420063393 disk=0 all=0
06-14 15:54:23.854 D/UsageStatsService( 2066): User[0] type=0 b=1781420033852 e=1781420073852 cb=1781348849473 ce=1781420063393 disk=0 all=0
06-14 15:54:23.860 D/UsageStatsService( 2066): User[0] type=0 b=1781420033857 e=1781420073857 cb=1781348849473 ce=1781420063393 disk=0 all=0
06-14 15:54:23.861 D/vendor.oplus.hardware.charger-V3-service( 1283): read content:,300,339,4294,4294,-324,500,3400,86,89,1,4,-1,5000,89,1,0,1,1,0,0,4435,0,0,0,4,0,0,0,-2740,0,1,1,0,0
06-14 15:54:23.861 D/vendor.oplus.hardware.charger-V3-service( 1283): , ret_value:101
06-14 15:54:23.862 D/vendor.oplus.hardware.charger-V3-service( 1283): gmtime: 2026-06-14-15-54-23
06-14 15:54:23.867 D/UsageStatsService( 2066): User[0] type=0 b=1781420033865 e=1781420073865 cb=1781348849473 ce=1781420063393 disk=0 all=0
06-14 15:54:23.873 D/UsageStatsService( 2066): User[0] type=0 b=1781420033870 e=1781420073871 cb=1781348849473 ce=1781420063393 disk=0 all=0
06-14 15:54:23.876 D/UsageStatsService( 2066): User[0] type=0 b=1781420033874 e=1781420073874 cb=1781348849473 ce=1781420063393 disk=0 all=0
06-14 15:54:23.879 D/UsageStatsService( 2066): User[0] type=0 b=1781420033877 e=1781420073877 cb=1781348849473 ce=1781420063393 disk=0 all=0
06-14 15:54:23.884 D/UsageStatsService( 2066): User[0] type=0 b=1781420033881 e=1781420073881 cb=1781348849473 ce=1781420063393 disk=0 all=0
06-14 15:54:23.889 D/UsageStatsService( 2066): User[0] type=0 b=1781420033887 e=1781420073887 cb=1781348849473 ce=1781420063393 disk=0 all=0
06-14 15:54:23.894 D/UsageStatsService( 2066): User[0] type=0 b=1781420033890 e=1781420073890 cb=1781348849473 ce=1781420063393 disk=0 all=0
06-14 15:54:23.897 D/UsageStatsService( 2066): User[0] type=0 b=1781420033894 e=1781420073894 cb=1781348849473 ce=1781420063393 disk=0 all=0
06-14 15:54:23.900 D/UsageStatsService( 2066): User[0] type=0 b=1781420033898 e=1781420073898 cb=1781348849473 ce=1781420063393 disk=0 all=0
06-14 15:54:23.903 D/UsageStatsService( 2066): User[0] type=0 b=1781420033901 e=1781420073901 cb=1781348849473 ce=1781420063393 disk=0 all=0
06-14 15:54:23.906 D/UsageStatsService( 2066): User[0] type=0 b=1781420033904 e=1781420073904 cb=1781348849473 ce=1781420063393 disk=0 all=0
06-14 15:54:23.910 D/UsageStatsService( 2066): User[0] type=0 b=1781420033908 e=1781420073908 cb=1781348849473 ce=1781420063393 disk=0 all=0
06-14 15:54:23.914 D/UsageStatsService( 2066): User[0] type=0 b=1781420033912 e=1781420073912 cb=1781348849473 ce=1781420063393 disk=0 all=0
06-14 15:54:23.919 D/UsageStatsService( 2066): User[0] type=0 b=1781420033917 e=1781420073917 cb=1781348849473 ce=1781420063393 disk=0 all=0
06-14 15:54:23.922 D/UsageStatsService( 2066): User[0] type=0 b=1781420033920 e=1781420073920 cb=1781348849473 ce=1781420063393 disk=0 all=0
06-14 15:54:24.173 I/OplusHansManager ( 2066): uid=10370, pkg=com.facebook.orca can not transition from M to F. reason: AsyncBinder
06-14 15:54:24.177 I/OplusHansManager ( 2066): uid=10487, pkg=com.instagram.barcelona can not transition from M to F. reason: AsyncBinder
06-14 15:54:24.180 W/System.err( 9983): FlagsHookHelper: skip hook flags method getInstanceHook
06-14 15:54:24.188 D/UsageStatsService( 2066): User[0] type=0 b=1781420034187 e=1781420074187 cb=1781348849473 ce=1781420063393 disk=0 all=0
06-14 15:54:24.189 W/NaviWarn( 9983): StackPtr is not 8-byte aligned.
06-14 15:54:24.190 D/UsageStatsService( 2066): User[0] type=0 b=1781420034189 e=1781420074189 cb=1781348849473 ce=1781420063393 disk=0 all=0
06-14 15:54:24.195 D/UsageStatsService( 2066): User[0] type=0 b=1781420034194 e=1781420074194 cb=1781348849473 ce=1781420063393 disk=0 all=0
06-14 15:54:24.200 D/UsageStatsService( 2066): User[0] type=0 b=1781420034199 e=1781420074199 cb=1781348849473 ce=1781420063393 disk=0 all=0
06-14 15:54:24.202 D/UsageStatsService( 2066): User[0] type=0 b=1781420034201 e=1781420074201 cb=1781348849473 ce=1781420063393 disk=0 all=0
06-14 15:54:24.205 D/UsageStatsService( 2066): User[0] type=0 b=1781420034204 e=1781420074204 cb=1781348849473 ce=1781420063393 disk=0 all=0
06-14 15:54:24.209 D/UsageStatsService( 2066): User[0] type=0 b=1781420034207 e=1781420074207 cb=1781348849473 ce=1781420063393 disk=0 all=0
06-14 15:54:24.218 D/UsageStatsService( 2066): User[0] type=0 b=1781420034215 e=1781420074215 cb=1781348849473 ce=1781420063393 disk=0 all=0
06-14 15:54:24.223 D/UsageStatsService( 2066): User[0] type=0 b=1781420034221 e=1781420074221 cb=1781348849473 ce=1781420063393 disk=0 all=0
06-14 15:54:24.227 D/UsageStatsService( 2066): User[0] type=0 b=1781420034224 e=1781420074224 cb=1781348849473 ce=1781420063393 disk=0 all=0
06-14 15:54:24.230 D/UsageStatsService( 2066): User[0] type=0 b=1781420034228 e=1781420074228 cb=1781348849473 ce=1781420063393 disk=0 all=0
06-14 15:54:24.233 D/UsageStatsService( 2066): User[0] type=0 b=1781420034231 e=1781420074231 cb=1781348849473 ce=1781420063393 disk=0 all=0
06-14 15:54:24.236 D/UsageStatsService( 2066): User[0] type=0 b=1781420034234 e=1781420074234 cb=1781348849473 ce=1781420063393 disk=0 all=0
06-14 15:54:24.239 D/UsageStatsService( 2066): User[0] type=0 b=1781420034237 e=1781420074237 cb=1781348849473 ce=1781420063393 disk=0 all=0
06-14 15:54:24.242 D/UsageStatsService( 2066): User[0] type=0 b=1781420034239 e=1781420074239 cb=1781348849473 ce=1781420063393 disk=0 all=0
06-14 15:54:24.244 D/UsageStatsService( 2066): User[0] type=0 b=1781420034243 e=1781420074243 cb=1781348849473 ce=1781420063393 disk=0 all=0
06-14 15:54:24.246 D/UsageStatsService( 2066): User[0] type=0 b=1781420034245 e=1781420074245 cb=1781348849473 ce=1781420063393 disk=0 all=0
06-14 15:54:24.250 D/UsageStatsService( 2066): User[0] type=0 b=1781420034248 e=1781420074248 cb=1781348849473 ce=1781420063393 disk=0 all=0
06-14 15:54:24.252 D/UsageStatsService( 2066): User[0] type=0 b=1781420034250 e=1781420074250 cb=1781348849473 ce=1781420063393 disk=0 all=0
06-14 15:54:24.256 D/UsageStatsService( 2066): User[0] type=0 b=1781420034254 e=1781420074254 cb=1781348849473 ce=1781420063393 disk=0 all=0
06-14 15:54:24.258 D/UsageStatsService( 2066): User[0] type=0 b=1781420034257 e=1781420074257 cb=1781348849473 ce=1781420063393 disk=0 all=0
06-14 15:54:24.261 D/UsageStatsService( 2066): User[0] type=0 b=1781420034259 e=1781420074259 cb=1781348849473 ce=1781420063393 disk=0 all=0
06-14 15:54:24.263 D/UsageStatsService( 2066): User[0] type=0 b=1781420034262 e=1781420074262 cb=1781348849473 ce=1781420063393 disk=0 all=0
06-14 15:54:24.266 D/UsageStatsService( 2066): User[0] type=0 b=1781420034264 e=1781420074264 cb=1781348849473 ce=1781420063393 disk=0 all=0
06-14 15:54:24.272 D/UsageStatsService( 2066): User[0] type=0 b=1781420034270 e=1781420074270 cb=1781348849473 ce=1781420063393 disk=0 all=0
06-14 15:54:24.432 D/VRR [OTI]( 1374): handleIdle from 1 to 0
06-14 15:54:24.432 D/VRR [OTI-HW]( 1374): isStateReady 0
06-14 15:54:24.433 I/[UAH_CLIENT_WRAPPER]( 2066): [UahNotifyWapper] inputflinger, src:1000, type:0
06-14 15:54:24.433 I/[UAH_CLIENT]( 2066): uahRuleCtl, ruleId:1000, status:0
06-14 15:54:24.435 D/system_server( 2066): addOrUpdateWindow: set 7be6eaf com.android.launcher/com.android.launcher.Launcher firstDownTimeInTarget to 355419148150000
06-14 15:54:24.435 D/system_server( 2066): addOrUpdateWindow: set 3ea7026 com.android.systemui.wallpapers.ImageWallpaper firstDownTimeInTarget to 355419148150000
06-14 15:54:24.435 I/[UAH_CLIENT_WRAPPER]( 2066): [UahEventAcquireWrapper] eventId:OSENSE_ACTION_TOUCH_BOOST, scene:none, identity:inputflinger, timeout:150
06-14 15:54:24.435 D/system_server( 2066): addOrUpdateWindow: set [Gesture Monitor] OplusExInputReceiver1 firstDownTimeInTarget to 355419148150000
06-14 15:54:24.436 I/[UAH_CLIENT]( 2066): UahEventAcquire, cmdid:37, pkg:none, identity:inputflinger
06-14 15:54:24.437 D/PowerManagerService( 2066): userActivityNoUpdateLocked: groupId=0, eventTime=355419148, event=touch, flags=0x0, uid=1000
06-14 15:54:24.440 D/VRR [OTI-HW]( 1374): rate range: min {id=0, hwcId=0, resolution=1080x2400, refreshRate=60.00 Hz, dpi=409.43x409.13, group=0} cur {id=1, hwcId=1, resolution=1080x2400, refreshRate=90.00 Hz, dpi=409.43x409.13, group=0} max {id=1, hwcId=1, resolution=1080x2400, refreshRate=90.00 Hz, dpi=409.43x409.13, group=0}
06-14 15:54:24.440 D/VRR [OTI-HW]( 1374): keep rate.
06-14 15:54:24.442 D/DisplayPowerController[0]( 2066): requestPowerState: policy=BRIGHT, useProximitySensor=false, screenBrightnessOverride=-1.0, useAutoBrightness=false, screenAutoBrightnessAdjustmentOverride=NaN, screenLowPowerBrightnessFactor=1.0, blockScreenOn=false, lowPowerMode=false, boostScreenBrightness=false, dozeScreenBrightness=NaN, dozeScreenState=UNKNOWN, waitForNegativeProximity=false displayReady=false pendingRequest=true
06-14 15:54:24.443 D/DisplayManagerServiceExtImpl( 2066): request size(1,1),dpc=com.android.server.display.DisplayPowerController@2898860 size(0,1),flags=0X200F,id(0,0,local:4630946962717273473),enable=true,ready=false,waitForNegativeProximity=false policy=BRIGHT,useProximitySensor=false,dozeState=UNKNOWN,screenBrightnessOverride=-1.000000,useAuto=false,lowPower=false,lowPowerFactor=1.000000
06-14 15:54:24.444 I/OplusSmartBrightnessController( 2066): handleBrightnessTotalRateType displayId[0]=dim->automatic
06-14 15:54:24.444 D/OplusFeatureHDREnhanceBrightness( 2066): setAnimating : displayId[0]=true
06-14 15:54:24.444 D/OplusFeatureReduceBrightness( 2066): setAnimating : animating = true
06-14 15:54:24.444 D/OplusFeatureEdrEnhanceBrightness( 2066): setAnimating: true
06-14 15:54:24.444 D/OplusFeaturePwEdrEnhanceBrightness( 2066): setAnimating: true
06-14 15:54:24.445 D/OGG_Detector( 2066): D:done mCurrStatus: 0
06-14 15:54:24.447 D/DpcExtImpl[0]( 2066): Animating brightness: target=50->1079,rate=27->1600,type=automatic,byUse=false local:4630946962717273473
06-14 15:54:24.447 D/DpcExtImpl[0]( 2066): RECORD:onUpdatePowerState policy:3 state:2 brightness:1079
06-14 15:54:24.447 D/DisplayPowerController[0]( 2066): updatePowerStateInternal policy:DIM->BRIGHT,state:ON->ON policy=BRIGHT, useProximitySensor=false, screenBrightnessOverride=-1.0, useAutoBrightness=false, screenAutoBrightnessAdjustmentOverride=NaN, screenLowPowerBrightnessFactor=1.0, blockScreenOn=false, lowPowerMode=false, boostScreenBrightness=false, dozeScreenBrightness=NaN, dozeScreenState=UNKNOWN
06-14 15:54:24.465 I/MediaSyncManager_7342_18313( 7342): SettingsContentObserver onChange onSync true
06-14 15:54:24.467 D/AudioManagerExtImpl( 7342): getStreamVolume packageName=com.xiaomi.wearable, index=3, streamType=3
06-14 15:54:24.468 D/AudioManagerExtImpl(10411): getStreamVolume packageName=com.instagram.barcelona, index=3, streamType=3
06-14 15:54:24.471 D/OplusAtlasService( 4962): getAttributeByAppName module:oplus-getStreamMaxVolume packageName:com.instagram.barcelona
06-14 15:54:24.471 D/OplusAtlasService( 4962): getAttributeByAppName module:oplus-getStreamMaxVolume packageName:com.facebook.katana
06-14 15:54:24.472 D/DpcExtImpl[0]( 2066): Animating brightness: target=1079->1079,rate=1600->27,type=automatic,byUse=false local:4630946962717273473
06-14 15:54:24.473 I/MediaSyncManager_7342_18313( 7342): SettingsContentObserver onChange onSync true
06-14 15:54:24.477 D/DisplayManagerService( 2066): Ignore redundant display event 0/4 to 10251/7534
06-14 15:54:24.477 D/DisplayManagerService( 2066): Ignore redundant display event 0/4 to 10524/9983
06-14 15:54:24.477 D/DisplayManagerService( 2066): Ignore redundant display event 0/4 to 10308/13845
06-14 15:54:24.477 D/DisplayManagerService( 2066): Ignore redundant display event 0/4 to 10306/16729
06-14 15:54:24.477 D/DisplayManagerService( 2066): Ignore redundant display event 0/4 to 10275/18659
06-14 15:54:24.477 D/DisplayManagerService( 2066): Ignore redundant display event 0/4 to 10139/20183
06-14 15:54:24.477 D/DisplayManagerService( 2066): Ignore redundant display event 0/4 to 10139/20484
06-14 15:54:24.477 D/DisplayManagerService( 2066): Ignore redundant display event 0/4 to 10296/20868
06-14 15:54:24.477 D/DisplayManagerService( 2066): Ignore redundant display event 0/4 to 10310/21102
06-14 15:54:24.477 D/DisplayManagerService( 2066): Ignore redundant display event 0/4 to 10683/22722
06-14 15:54:24.478 D/AudioManagerExtImpl( 5961): getStreamVolume packageName=com.facebook.orca, index=16, streamType=1
06-14 15:54:24.482 D/DisplayManagerService( 2066): Ignore redundant display event 0/4 to 10251/7534
06-14 15:54:24.482 D/DisplayManagerService( 2066): Ignore redundant display event 0/4 to 10524/9983
06-14 15:54:24.482 D/DisplayManagerService( 2066): Ignore redundant display event 0/4 to 10308/13845
06-14 15:54:24.482 D/DisplayManagerService( 2066): Ignore redundant display event 0/4 to 10306/16729
06-14 15:54:24.482 D/DisplayManagerService( 2066): Ignore redundant display event 0/4 to 10275/18659
06-14 15:54:24.482 D/DisplayManagerService( 2066): Ignore redundant display event 0/4 to 10139/20183
06-14 15:54:24.482 D/DisplayManagerService( 2066): Ignore redundant display event 0/4 to 10139/20484
06-14 15:54:24.482 D/DisplayManagerService( 2066): Ignore redundant display event 0/4 to 10296/20868
06-14 15:54:24.482 D/DisplayManagerService( 2066): Ignore redundant display event 0/4 to 10310/21102
06-14 15:54:24.482 D/DisplayManagerService( 2066): Ignore redundant display event 0/4 to 10683/22722
06-14 15:54:24.482 D/AudioManagerExtImpl(18659): getStreamVolume normal, volume index=16
06-14 15:54:24.483 D/AudioManagerExtImpl(18659): getStreamVolume too fast, volume index=16, package=com.facebook.katana
06-14 15:54:24.483 D/AudioManagerExtImpl(18659): getStreamVolume too fast, volume index=16, package=com.facebook.katana
06-14 15:54:24.484 D/AudioManagerExtImpl( 7342): getStreamVolume packageName=com.xiaomi.wearable, index=3, streamType=3
06-14 15:54:24.484 D/AudioManagerExtImpl(16729): getStreamVolume normal, volume index=3
06-14 15:54:24.484 D/AudioManagerExtImpl(16729): getStreamVolume too fast, volume index=3, package=com.twitter.android
06-14 15:54:24.484 D/AudioManagerExtImpl(16729): getStreamVolume too fast, volume index=3, package=com.twitter.android
06-14 15:54:24.484 D/AudioManagerExtImpl(16729): getStreamVolume too fast, volume index=3, package=com.twitter.android
06-14 15:54:24.484 I/MediaSyncManager_7342_18313( 7342): SettingsContentObserver onChange onSync true
06-14 15:54:24.485 D/AudioManagerExtImpl(10411): getStreamVolume packageName=com.instagram.barcelona, index=3, streamType=3
06-14 15:54:24.485 D/AudioManagerExtImpl( 5961): getStreamVolume packageName=com.facebook.orca, index=16, streamType=1
06-14 15:54:24.486 D/OplusAtlasService( 4962): getAttributeByAppName module:oplus-getStreamMaxVolume packageName:com.instagram.barcelona
06-14 15:54:24.487 D/AudioManagerExtImpl( 7342): getStreamVolume packageName=com.xiaomi.wearable, index=3, streamType=3
06-14 15:54:24.488 I/MediaSyncManager_7342_18313( 7342): SettingsContentObserver onChange onSync true
06-14 15:54:24.490 D/AudioManagerExtImpl(16729): getStreamVolume too fast, volume index=3, package=com.twitter.android
06-14 15:54:24.490 D/AudioManagerExtImpl( 7342): getStreamVolume packageName=com.xiaomi.wearable, index=3, streamType=3
06-14 15:54:24.490 I/MediaSyncManager_7342_18313( 7342): SettingsContentObserver onChange onSync true
06-14 15:54:24.491 D/DisplayManagerService( 2066): Ignore redundant display event 0/4 to 10251/7534
06-14 15:54:24.491 D/AudioManagerExtImpl(18659): getStreamVolume too fast, volume index=16, package=com.facebook.katana
06-14 15:54:24.491 D/DisplayManagerService( 2066): Ignore redundant display event 0/4 to 10524/9983
06-14 15:54:24.491 D/DisplayManagerService( 2066): Ignore redundant display event 0/4 to 10308/13845
06-14 15:54:24.491 D/DisplayManagerService( 2066): Ignore redundant display event 0/4 to 10306/16729
06-14 15:54:24.491 D/DisplayManagerService( 2066): Ignore redundant display event 0/4 to 10275/18659
06-14 15:54:24.491 D/DisplayManagerService( 2066): Ignore redundant display event 0/4 to 10139/20183
06-14 15:54:24.491 D/DisplayManagerService( 2066): Ignore redundant display event 0/4 to 10139/20484
06-14 15:54:24.491 D/DisplayManagerService( 2066): Ignore redundant display event 0/4 to 10296/20868
06-14 15:54:24.491 D/DisplayManagerService( 2066): Ignore redundant display event 0/4 to 10310/21102
06-14 15:54:24.491 D/DisplayManagerService( 2066): Ignore redundant display event 0/4 to 10683/22722
06-14 15:54:24.493 D/AudioManagerExtImpl( 7342): getStreamVolume packageName=com.xiaomi.wearable, index=3, streamType=3
06-14 15:54:24.493 D/AudioManagerExtImpl( 5961): getStreamVolume packageName=com.facebook.orca, index=16, streamType=1
06-14 15:54:24.494 I/MediaSyncManager_7342_18313( 7342): SettingsContentObserver onChange onSync true
06-14 15:54:24.494 D/AudioManagerExtImpl(16729): getStreamVolume too fast, volume index=3, package=com.twitter.android
06-14 15:54:24.496 D/AudioManagerExtImpl(18659): getStreamVolume too fast, volume index=16, package=com.facebook.katana
06-14 15:54:24.496 D/AudioManagerExtImpl( 7342): getStreamVolume packageName=com.xiaomi.wearable, index=3, streamType=3
06-14 15:54:24.498 D/AudioManagerExtImpl(10411): getStreamVolume packageName=com.instagram.barcelona, index=3, streamType=3
06-14 15:54:24.499 D/OplusAtlasService( 4962): getAttributeByAppName module:oplus-getStreamMaxVolume packageName:com.instagram.barcelona
06-14 15:54:24.499 D/OplusAtlasService( 4962): getAttributeByAppName module:oplus-getStreamMaxVolume packageName:com.facebook.katana
06-14 15:54:24.500 I/MediaSyncManager_7342_18313( 7342): SettingsContentObserver onChange onSync true
06-14 15:54:24.500 D/AudioManagerExtImpl(18659): getStreamVolume too fast, volume index=16, package=com.facebook.katana
06-14 15:54:24.501 D/AudioManagerExtImpl(18659): getStreamVolume too fast, volume index=16, package=com.facebook.katana
06-14 15:54:24.501 D/DisplayManagerService( 2066): Ignore redundant display event 0/4 to 10251/7534
06-14 15:54:24.501 D/DisplayManagerService( 2066): Ignore redundant display event 0/4 to 10524/9983
06-14 15:54:24.501 D/DisplayManagerService( 2066): Ignore redundant display event 0/4 to 10308/13845
06-14 15:54:24.502 D/DisplayManagerService( 2066): Ignore redundant display event 0/4 to 10306/16729
06-14 15:54:24.502 D/DisplayManagerService( 2066): Ignore redundant display event 0/4 to 10275/18659
06-14 15:54:24.502 D/DisplayManagerService( 2066): Ignore redundant display event 0/4 to 10139/20183
06-14 15:54:24.502 D/DisplayManagerService( 2066): Ignore redundant display event 0/4 to 10139/20484
06-14 15:54:24.502 D/DisplayManagerService( 2066): Ignore redundant display event 0/4 to 10296/20868
06-14 15:54:24.502 D/DisplayManagerService( 2066): Ignore redundant display event 0/4 to 10310/21102
06-14 15:54:24.502 D/DisplayManagerService( 2066): Ignore redundant display event 0/4 to 10683/22722
06-14 15:54:24.502 D/AudioManagerExtImpl(16729): getStreamVolume too fast, volume index=3, package=com.twitter.android
06-14 15:54:24.503 D/AudioManagerExtImpl( 7342): getStreamVolume packageName=com.xiaomi.wearable, index=3, streamType=3
06-14 15:54:24.503 D/AudioManagerExtImpl(16729): getStreamVolume too fast, volume index=3, package=com.twitter.android
06-14 15:54:24.504 D/OplusAtlasService( 4962): getAttributeByAppName module:oplus-getStreamMaxVolume packageName:com.facebook.katana
06-14 15:54:24.504 D/AudioManagerExtImpl(18659): getStreamVolume too fast, volume index=16, package=com.facebook.katana
06-14 15:54:24.505 I/MediaSyncManager_7342_32197( 7342): SettingsContentObserver onChange onSync true
06-14 15:54:24.505 D/AudioManagerExtImpl( 5961): getStreamVolume packageName=com.facebook.orca, index=16, streamType=1
06-14 15:54:24.505 D/AudioManagerExtImpl(10411): getStreamVolume packageName=com.instagram.barcelona, index=3, streamType=3
06-14 15:54:24.506 D/AudioManagerExtImpl(18659): getStreamVolume too fast, volume index=16, package=com.facebook.katana
06-14 15:54:24.506 D/OplusAtlasService( 4962): getAttributeByAppName module:oplus-getStreamMaxVolume packageName:com.instagram.barcelona
06-14 15:54:24.509 D/AudioManagerExtImpl(10411): getStreamVolume packageName=com.instagram.barcelona, index=3, streamType=3
06-14 15:54:24.509 D/AudioManagerExtImpl( 7342): getStreamVolume packageName=com.xiaomi.wearable, index=3, streamType=3
06-14 15:54:24.509 E/UAH_JNI ( 2066): uah_event_acquire ! cmdId: 69 ,strPkg: , strIdent: OplusActivityManagerServiceEnhance, timeout: 0
06-14 15:54:24.509 I/[UAH_CLIENT]( 2066): UahEventAcquire, cmdid:69, pkg:none, identity:OplusActivityManagerServiceEnhance
06-14 15:54:24.510 I/MediaSyncManager_7342_18313( 7342): SettingsContentObserver onChange onSync true
06-14 15:54:24.512 D/AudioManagerExtImpl(16729): getStreamVolume too fast, volume index=3, package=com.twitter.android
06-14 15:54:24.512 D/AudioManagerExtImpl(18659): getStreamVolume too fast, volume index=16, package=com.facebook.katana
06-14 15:54:24.513 D/OplusAtlasService( 4962): getAttributeByAppName module:oplus-getStreamMaxVolume packageName:com.facebook.katana
06-14 15:54:24.513 D/DisplayManagerService( 2066): Ignore redundant display event 0/4 to 10251/7534
06-14 15:54:24.513 D/DisplayManagerService( 2066): Ignore redundant display event 0/4 to 10524/9983
06-14 15:54:24.513 D/DisplayManagerService( 2066): Ignore redundant display event 0/4 to 10308/13845
06-14 15:54:24.513 D/DisplayManagerService( 2066): Ignore redundant display event 0/4 to 10306/16729
06-14 15:54:24.513 D/DisplayManagerService( 2066): Ignore redundant display event 0/4 to 10275/18659
06-14 15:54:24.513 D/DisplayManagerService( 2066): Ignore redundant display event 0/4 to 10139/20183
06-14 15:54:24.513 D/DisplayManagerService( 2066): Ignore redundant display event 0/4 to 10139/20484
06-14 15:54:24.513 D/DisplayManagerService( 2066): Ignore redundant display event 0/4 to 10296/20868
06-14 15:54:24.513 D/DisplayManagerService( 2066): Ignore redundant display event 0/4 to 10310/21102
06-14 15:54:24.513 D/DisplayManagerService( 2066): Ignore redundant display event 0/4 to 10683/22722
06-14 15:54:24.514 D/TracePrintUtil( 3730): asyncTraceBegin add 503
06-14 15:54:24.514 D/AudioManagerExtImpl( 7342): getStreamVolume packageName=com.xiaomi.wearable, index=3, streamType=3
06-14 15:54:24.515 D/OplusAtlasService( 4962): getAttributeByAppName module:oplus-getStreamMaxVolume packageName:com.instagram.barcelona
06-14 15:54:24.515 D/AudioManagerExtImpl( 5961): getStreamVolume packageName=com.facebook.orca, index=16, streamType=1
06-14 15:54:24.515 I/MediaSyncManager_7342_18313( 7342): SettingsContentObserver onChange onSync true
06-14 15:54:24.514 D/AudioManagerExtImpl(18659): getStreamVolume too fast, volume index=16, package=com.facebook.katana
06-14 15:54:24.518 D/AudioManagerExtImpl(18659): getStreamVolume too fast, volume index=16, package=com.facebook.katana
06-14 15:54:24.518 D/AudioManagerExtImpl(16729): getStreamVolume too fast, volume index=3, package=com.twitter.android
06-14 15:54:24.518 D/AudioManagerExtImpl( 7342): getStreamVolume packageName=com.xiaomi.wearable, index=3, streamType=3
06-14 15:54:24.519 D/OplusAtlasService( 4962): getAttributeByAppName module:oplus-getStreamMaxVolume packageName:com.facebook.katana
06-14 15:54:24.520 D/AudioManagerExtImpl(18659): getStreamVolume too fast, volume index=16, package=com.facebook.katana
06-14 15:54:24.521 D/AudioManagerExtImpl( 5961): getStreamVolume packageName=com.facebook.orca, index=16, streamType=1
06-14 15:54:24.521 D/AudioManagerExtImpl(10411): getStreamVolume packageName=com.instagram.barcelona, index=3, streamType=3
06-14 15:54:24.521 D/PowerManagerService( 2066): userActivityNoUpdateLocked: groupId=0, eventTime=355419251, event=touch, flags=0x0, uid=1000
06-14 15:54:24.521 D/OplusAtlasService( 4962): getAttributeByAppName module:oplus-getStreamMaxVolume packageName:com.instagram.barcelona
06-14 15:54:24.524 D/DisplayManagerService( 2066): Ignore redundant display event 0/4 to 10251/7534
06-14 15:54:24.524 D/DisplayManagerService( 2066): Ignore redundant display event 0/4 to 10524/9983
06-14 15:54:24.524 D/DisplayManagerService( 2066): Ignore redundant display event 0/4 to 10308/13845
06-14 15:54:24.524 D/DisplayManagerService( 2066): Ignore redundant display event 0/4 to 10306/16729
06-14 15:54:24.524 D/DisplayManagerService( 2066): Ignore redundant display event 0/4 to 10275/18659
06-14 15:54:24.524 D/DisplayManagerService( 2066): Ignore redundant display event 0/4 to 10139/20183
06-14 15:54:24.524 D/DisplayManagerService( 2066): Ignore redundant display event 0/4 to 10139/20484
06-14 15:54:24.524 D/DisplayManagerService( 2066): Ignore redundant display event 0/4 to 10296/20868
06-14 15:54:24.524 D/DisplayManagerService( 2066): Ignore redundant display event 0/4 to 10310/21102
06-14 15:54:24.524 D/DisplayManagerService( 2066): Ignore redundant display event 0/4 to 10683/22722
06-14 15:54:24.524 D/OplusAtlasService( 4962): getAttributeByAppName module:oplus-getStreamMaxVolume packageName:com.facebook.katana
06-14 15:54:24.525 I/MediaSyncManager_7342_18313( 7342): SettingsContentObserver onChange onSync true
06-14 15:54:24.528 D/AudioManagerExtImpl(18659): getStreamVolume normal, volume index=16
06-14 15:54:24.528 D/AudioManagerExtImpl(18659): getStreamVolume too fast, volume index=16, package=com.facebook.katana
06-14 15:54:24.528 D/AudioManagerExtImpl( 7342): getStreamVolume packageName=com.xiaomi.wearable, index=3, streamType=3
06-14 15:54:24.529 D/AudioManagerExtImpl(10411): getStreamVolume packageName=com.instagram.barcelona, index=3, streamType=3
06-14 15:54:24.529 I/MediaSyncManager_7342_18313( 7342): SettingsContentObserver onChange onSync true
06-14 15:54:24.530 D/OplusAtlasService( 4962): getAttributeByAppName module:oplus-getStreamMaxVolume packageName:com.instagram.barcelona
06-14 15:54:24.531 I/[UAH_CLIENT]( 1231): UahPlatformResAcquire
06-14 15:54:24.531 I/[UAH_CLIENT]( 1231): UahEventAcquire, cmdid:-3, pkg:2066 2578, identity:qcom-perfd
06-14 15:54:24.532 D/AudioManagerExtImpl(16729): getStreamVolume normal, volume index=3
06-14 15:54:24.532 D/AudioManagerExtImpl(16729): getStreamVolume too fast, volume index=3, package=com.twitter.android
06-14 15:54:24.532 D/AudioManagerExtImpl( 5961): getStreamVolume packageName=com.facebook.orca, index=16, streamType=1
06-14 15:54:24.533 I/[UAH_CLIENT]( 1231): UahPlatformResAcquire
06-14 15:54:24.534 I/[UAH_CLIENT]( 1231): UahEventAcquire, cmdid:-3, pkg:2066 2578, identity:qcom-perfd
06-14 15:54:24.533 D/AudioManagerExtImpl( 7342): getStreamVolume packageName=com.xiaomi.wearable, index=3, streamType=3
06-14 15:54:24.534 D/OplusAtlasService( 4962): getAttributeByAppName module:oplus-getStreamMaxVolume packageName:com.facebook.katana
06-14 15:54:24.534 E/ANDR-PERF-RESOURCEQS( 1231): Resource with major=15, minor=0 not supported
06-14 15:54:24.534 E/ANDR-PERF-RESOURCEQS( 1231): Resource with major=15, minor=0 not supported
06-14 15:54:24.536 E/ANDR-PERF-RESOURCEQS( 1231): Resource with major=15, minor=0 not supported
06-14 15:54:24.536 E/ANDR-PERF-RESOURCEQS( 1231): Resource with major=15, minor=0 not supported
06-14 15:54:24.536 D/AudioManagerExtImpl(18659): getStreamVolume too fast, volume index=16, package=com.facebook.katana
06-14 15:54:24.536 D/AudioManagerExtImpl(10411): getStreamVolume packageName=com.instagram.barcelona, index=3, streamType=3
06-14 15:54:24.538 D/OplusAtlasService( 4962): getAttributeByAppName module:oplus-getStreamMaxVolume packageName:com.instagram.barcelona
06-14 15:54:24.539 D/UsageStatsService( 2066): User[0] type=0 b=1781420034536 e=1781420074536 cb=1781348849473 ce=1781420063393 disk=0 all=0
06-14 15:54:24.539 I/MediaSyncManager_7342_18313( 7342): SettingsContentObserver onChange onSync true
06-14 15:54:24.540 D/UsageStatsService( 2066): User[0] type=0 b=1781420034539 e=1781420074539 cb=1781348849473 ce=1781420063393 disk=0 all=0
06-14 15:54:24.540 D/AudioManagerExtImpl(18659): getStreamVolume too fast, volume index=16, package=com.facebook.katana
06-14 15:54:24.542 I/[UAH_CLIENT_WRAPPER]( 2066): [UahNotifyWapper] inputflinger, src:1000, type:1
06-14 15:54:24.542 I/[UAH_CLIENT]( 2066): uahRuleCtl, ruleId:1000, status:1
06-14 15:54:24.543 D/OplusAtlasService( 4962): getAttributeByAppName module:oplus-getStreamMaxVolume packageName:com.facebook.katana
06-14 15:54:24.543 D/AudioManagerExtImpl(18659): getStreamVolume too fast, volume index=16, package=com.facebook.katana
06-14 15:54:24.544 D/AudioManagerExtImpl(16729): getStreamVolume too fast, volume index=3, package=com.twitter.android
06-14 15:54:24.544 D/AudioManagerExtImpl( 7342): getStreamVolume packageName=com.xiaomi.wearable, index=3, streamType=3
06-14 15:54:24.545 I/MediaSyncManager_7342_18313( 7342): SettingsContentObserver onChange onSync true
06-14 15:54:24.545 D/AudioManagerExtImpl(16729): getStreamVolume too fast, volume index=3, package=com.twitter.android
06-14 15:54:24.545 D/DisplayManagerService( 2066): Ignore redundant display event 0/4 to 10251/7534
06-14 15:54:24.545 D/AudioManagerExtImpl( 5961): getStreamVolume packageName=com.facebook.orca, index=16, streamType=1
06-14 15:54:24.545 D/DisplayManagerService( 2066): Ignore redundant display event 0/4 to 10524/9983
06-14 15:54:24.545 D/DisplayManagerService( 2066): Ignore redundant display event 0/4 to 10308/13845
06-14 15:54:24.545 D/DisplayManagerService( 2066): Ignore redundant display event 0/4 to 10306/16729
06-14 15:54:24.545 D/DisplayManagerService( 2066): Ignore redundant display event 0/4 to 10275/18659
06-14 15:54:24.545 D/DisplayManagerService( 2066): Ignore redundant display event 0/4 to 10139/20183
06-14 15:54:24.545 D/DisplayManagerService( 2066): Ignore redundant display event 0/4 to 10139/20484
06-14 15:54:24.545 D/DisplayManagerService( 2066): Ignore redundant display event 0/4 to 10296/20868
06-14 15:54:24.545 D/DisplayManagerService( 2066): Ignore redundant display event 0/4 to 10310/21102
06-14 15:54:24.545 D/DisplayManagerService( 2066): Ignore redundant display event 0/4 to 10683/22722
06-14 15:54:24.545 D/AudioManagerExtImpl(10411): getStreamVolume packageName=com.instagram.barcelona, index=3, streamType=3
06-14 15:54:24.545 W/SettingsProvider( 2066): notifyForSettingsChange delay for screen_brightness, value: 203, delta: 9, lastNotifyTimestamp: 355419267, minInterval: 10
06-14 15:54:24.546 I/[UAH_CLIENT]( 1231): UahPlatformResAcquire
06-14 15:54:24.546 I/[UAH_CLIENT]( 1231): UahEventAcquire, cmdid:-3, pkg:2066 2578, identity:qcom-perfd
06-14 15:54:24.546 D/OplusAtlasService( 4962): getAttributeByAppName module:oplus-getStreamMaxVolume packageName:com.instagram.barcelona
06-14 15:54:24.547 D/UsageStatsService( 2066): User[0] type=0 b=1781420034545 e=1781420074545 cb=1781348849473 ce=1781420063393 disk=0 all=0
06-14 15:54:24.547 D/AudioManagerExtImpl(18659): getStreamVolume too fast, volume index=16, package=com.facebook.katana
06-14 15:54:24.548 E/ANDR-PERF-RESOURCEQS( 1231): Resource with major=15, minor=0 not supported
06-14 15:54:24.548 E/ANDR-PERF-RESOURCEQS( 1231): Resource with major=15, minor=0 not supported
06-14 15:54:24.550 D/AudioManagerExtImpl(16729): getStreamVolume too fast, volume index=3, package=com.twitter.android
06-14 15:54:24.550 D/AudioManagerExtImpl( 7342): getStreamVolume packageName=com.xiaomi.wearable, index=3, streamType=3
06-14 15:54:24.550 D/AudioManagerExtImpl(18659): getStreamVolume too fast, volume index=16, package=com.facebook.katana
06-14 15:54:24.550 I/MediaSyncManager_7342_18313( 7342): SettingsContentObserver onChange onSync true
06-14 15:54:24.550 I/[UAH_CLIENT]( 1231): UahRelease, handle:117947
06-14 15:54:24.550 D/UsageStatsService( 2066): User[0] type=0 b=1781420034549 e=1781420074549 cb=1781348849473 ce=1781420063393 disk=0 all=0
06-14 15:54:24.552 D/AudioManagerExtImpl( 5961): getStreamVolume packageName=com.facebook.orca, index=16, streamType=1
06-14 15:54:24.552 D/OplusAtlasService( 4962): getAttributeByAppName module:oplus-getStreamMaxVolume packageName:com.facebook.katana
06-14 15:54:24.552 D/AudioManagerExtImpl(10411): getStreamVolume packageName=com.instagram.barcelona, index=3, streamType=3
06-14 15:54:24.553 D/AudioManagerExtImpl(18659): getStreamVolume too fast, volume index=16, package=com.facebook.katana
06-14 15:54:24.553 D/UsageStatsService( 2066): User[0] type=0 b=1781420034551 e=1781420074551 cb=1781348849473 ce=1781420063393 disk=0 all=0
06-14 15:54:24.553 D/AudioManagerExtImpl( 7342): getStreamVolume packageName=com.xiaomi.wearable, index=3, streamType=3
06-14 15:54:24.553 D/OplusAtlasService( 4962): getAttributeByAppName module:oplus-getStreamMaxVolume packageName:com.instagram.barcelona
06-14 15:54:24.555 D/DisplayManagerService( 2066): Ignore redundant display event 0/4 to 10251/7534
06-14 15:54:24.555 D/DisplayManagerService( 2066): Ignore redundant display event 0/4 to 10524/9983
06-14 15:54:24.555 D/DisplayManagerService( 2066): Ignore redundant display event 0/4 to 10308/13845
06-14 15:54:24.555 D/DisplayManagerService( 2066): Ignore redundant display event 0/4 to 10306/16729
06-14 15:54:24.555 D/DisplayManagerService( 2066): Ignore redundant display event 0/4 to 10275/18659
06-14 15:54:24.555 D/DisplayManagerService( 2066): Ignore redundant display event 0/4 to 10139/20183
06-14 15:54:24.555 D/DisplayManagerService( 2066): Ignore redundant display event 0/4 to 10139/20484
06-14 15:54:24.555 D/DisplayManagerService( 2066): Ignore redundant display event 0/4 to 10296/20868
06-14 15:54:24.555 D/DisplayManagerService( 2066): Ignore redundant display event 0/4 to 10310/21102
06-14 15:54:24.555 D/DisplayManagerService( 2066): Ignore redundant display event 0/4 to 10683/22722
06-14 15:54:24.555 D/UsageStatsService( 2066): User[0] type=0 b=1781420034554 e=1781420074554 cb=1781348849473 ce=1781420063393 disk=0 all=0
06-14 15:54:24.556 I/MediaSyncManager_7342_18313( 7342): SettingsContentObserver onChange onSync true
06-14 15:54:24.556 D/AudioManagerExtImpl(16729): getStreamVolume too fast, volume index=3, package=com.twitter.android
06-14 15:54:24.557 D/AudioManagerExtImpl(18659): getStreamVolume too fast, volume index=16, package=com.facebook.katana
06-14 15:54:24.556 D/AudioManagerExtImpl(10411): getStreamVolume packageName=com.instagram.barcelona, index=3, streamType=3
06-14 15:54:24.558 D/UsageStatsService( 2066): User[0] type=0 b=1781420034557 e=1781420074557 cb=1781348849473 ce=1781420063393 disk=0 all=0
06-14 15:54:24.558 D/OplusAtlasService( 4962): getAttributeByAppName module:oplus-getStreamMaxVolume packageName:com.facebook.katana
06-14 15:54:24.559 D/AudioManagerExtImpl(18659): getStreamVolume too fast, volume index=16, package=com.facebook.katana
06-14 15:54:24.559 D/OplusAtlasService( 4962): getAttributeByAppName module:oplus-getStreamMaxVolume packageName:com.instagram.barcelona
06-14 15:54:24.559 D/AudioManagerExtImpl(18659): getStreamVolume too fast, volume index=16, package=com.facebook.katana
06-14 15:54:24.560 D/DisplayManagerService( 2066): Ignore redundant display event 0/4 to 10251/7534
06-14 15:54:24.560 D/AudioManagerExtImpl(16729): getStreamVolume too fast, volume index=3, package=com.twitter.android
06-14 15:54:24.560 D/DisplayManagerService( 2066): Ignore redundant display event 0/4 to 10524/9983
06-14 15:54:24.560 D/DisplayManagerService( 2066): Ignore redundant display event 0/4 to 10308/13845
06-14 15:54:24.560 D/DisplayManagerService( 2066): Ignore redundant display event 0/4 to 10306/16729
06-14 15:54:24.560 D/DisplayManagerService( 2066): Ignore redundant display event 0/4 to 10275/18659
06-14 15:54:24.560 D/DisplayManagerService( 2066): Ignore redundant display event 0/4 to 10139/20183
06-14 15:54:24.560 D/DisplayManagerService( 2066): Ignore redundant display event 0/4 to 10139/20484
06-14 15:54:24.560 D/DisplayManagerService( 2066): Ignore redundant display event 0/4 to 10296/20868
06-14 15:54:24.560 D/DisplayManagerService( 2066): Ignore redundant display event 0/4 to 10310/21102
06-14 15:54:24.560 D/DisplayManagerService( 2066): Ignore redundant display event 0/4 to 10683/22722
06-14 15:54:24.561 D/AudioManagerExtImpl( 5961): getStreamVolume packageName=com.facebook.orca, index=16, streamType=1
06-14 15:54:24.562 D/AudioManagerExtImpl( 7342): getStreamVolume packageName=com.xiaomi.wearable, index=3, streamType=3
06-14 15:54:24.562 I/MediaSyncManager_7342_18313( 7342): SettingsContentObserver onChange onSync true
06-14 15:54:24.562 D/AudioManagerExtImpl(16729): getStreamVolume too fast, volume index=3, package=com.twitter.android
06-14 15:54:24.562 D/OplusAtlasService( 4962): getAttributeByAppName module:oplus-getStreamMaxVolume packageName:com.facebook.katana
06-14 15:54:24.563 D/AudioManagerExtImpl(18659): getStreamVolume too fast, volume index=16, package=com.facebook.katana
06-14 15:54:24.563 D/AudioManagerExtImpl(18659): getStreamVolume too fast, volume index=16, package=com.facebook.katana
06-14 15:54:24.565 D/AudioManagerExtImpl(10411): getStreamVolume packageName=com.instagram.barcelona, index=3, streamType=3
06-14 15:54:24.566 W/SettingsProvider( 2066): notifyForSettingsChange delay for actual_screen_brightness, value: 238, delta: 9, lastNotifyTimestamp: 355419288, minInterval: 10
06-14 15:54:24.566 D/OplusAtlasService( 4962): getAttributeByAppName module:oplus-getStreamMaxVolume packageName:com.instagram.barcelona
06-14 15:54:24.566 D/AudioManagerExtImpl( 7342): getStreamVolume packageName=com.xiaomi.wearable, index=3, streamType=3
06-14 15:54:24.567 I/MediaSyncManager_7342_18313( 7342): SettingsContentObserver onChange onSync true
06-14 15:54:24.569 D/OplusAtlasService( 4962): getAttributeByAppName module:oplus-getStreamMaxVolume packageName:com.facebook.katana
06-14 15:54:24.569 D/AudioManagerExtImpl(16729): getStreamVolume too fast, volume index=3, package=com.twitter.android
06-14 15:54:24.571 D/DisplayManagerService( 2066): Ignore redundant display event 0/4 to 10251/7534
06-14 15:54:24.571 D/DisplayManagerService( 2066): Ignore redundant display event 0/4 to 10524/9983
06-14 15:54:24.571 D/DisplayManagerService( 2066): Ignore redundant display event 0/4 to 10308/13845
06-14 15:54:24.571 D/DisplayManagerService( 2066): Ignore redundant display event 0/4 to 10306/16729
06-14 15:54:24.571 D/DisplayManagerService( 2066): Ignore redundant display event 0/4 to 10275/18659
06-14 15:54:24.571 D/DisplayManagerService( 2066): Ignore redundant display event 0/4 to 10139/20183
06-14 15:54:24.571 D/DisplayManagerService( 2066): Ignore redundant display event 0/4 to 10139/20484
06-14 15:54:24.571 D/DisplayManagerService( 2066): Ignore redundant display event 0/4 to 10296/20868
06-14 15:54:24.571 D/DisplayManagerService( 2066): Ignore redundant display event 0/4 to 10310/21102
06-14 15:54:24.571 D/DisplayManagerService( 2066): Ignore redundant display event 0/4 to 10683/22722
06-14 15:54:24.572 D/UsageStatsService( 2066): User[0] type=0 b=1781420034566 e=1781420074566 cb=1781348849473 ce=1781420063393 disk=0 all=0
06-14 15:54:24.573 D/UsageStatsService( 2066): User[0] type=0 b=1781420034572 e=1781420074572 cb=1781348849473 ce=1781420063393 disk=0 all=0
06-14 15:54:24.574 D/AudioManagerExtImpl(18659): getStreamVolume normal, volume index=16
06-14 15:54:24.574 D/TracePrintUtil( 3730): asyncTraceEnd remove 503,windAnimTagArray.size = 0
06-14 15:54:24.574 D/TracePrintUtil( 3730): onWindowAnimationEnd
06-14 15:54:24.574 D/AudioManagerExtImpl(18659): getStreamVolume too fast, volume index=16, package=com.facebook.katana
06-14 15:54:24.575 E/UAH_JNI ( 2066): uah_release ! handle: 117945
06-14 15:54:24.575 I/[UAH_CLIENT]( 2066): UahRelease, handle:117945
06-14 15:54:24.575 D/AudioManagerExtImpl( 5961): getStreamVolume packageName=com.facebook.orca, index=16, streamType=1
06-14 15:54:24.576 D/AudioManagerExtImpl( 7342): getStreamVolume packageName=com.xiaomi.wearable, index=3, streamType=3
06-14 15:54:24.576 D/ViewRootImplExtImpl( 3730): the up motion event handled by client, just return
06-14 15:54:24.577 I/Quality ( 3730): Skipped: false 4 cost 48.466698 refreshRate 11162514 bit true processName com.android.launcher
06-14 15:54:24.578 D/AudioManagerExtImpl(10411): getStreamVolume packageName=com.instagram.barcelona, index=3, streamType=3
06-14 15:54:24.578 D/TracePrintUtil( 3730): asyncTraceBegin add 504
06-14 15:54:24.578 E/UAH_JNI ( 2066): uah_event_acquire ! cmdId: 7 ,strPkg: , strIdent: OplusActivityManagerServiceEnhance, timeout: 321
06-14 15:54:24.578 I/[UAH_CLIENT]( 2066): UahEventAcquire, cmdid:7, pkg:none, identity:OplusActivityManagerServiceEnhance
06-14 15:54:24.578 D/UsageStatsService( 2066): User[0] type=0 b=1781420034576 e=1781420074576 cb=1781348849473 ce=1781420063393 disk=0 all=0
06-14 15:54:24.579 I/MediaSyncManager_7342_18313( 7342): SettingsContentObserver onChange onSync true
06-14 15:54:24.579 D/AudioManagerExtImpl(16729): getStreamVolume normal, volume index=3
06-14 15:54:24.580 D/OplusAtlasService( 4962): getAttributeByAppName module:oplus-getStreamMaxVolume packageName:com.instagram.barcelona
06-14 15:54:24.581 D/UsageStatsService( 2066): User[0] type=0 b=1781420034579 e=1781420074579 cb=1781348849473 ce=1781420063393 disk=0 all=0
06-14 15:54:24.581 D/ShellSubscriberWorkerThread(12384): the first 8 bytes empty, and RestData length > 8 
06-14 15:54:24.583 D/DisplayManagerService( 2066): Ignore redundant display event 0/4 to 10251/7534
06-14 15:54:24.583 D/DisplayManagerService( 2066): Ignore redundant display event 0/4 to 10524/9983
06-14 15:54:24.583 D/DisplayManagerService( 2066): Ignore redundant display event 0/4 to 10308/13845
06-14 15:54:24.583 D/DisplayManagerService( 2066): Ignore redundant display event 0/4 to 10306/16729
06-14 15:54:24.583 D/DisplayManagerService( 2066): Ignore redundant display event 0/4 to 10275/18659
06-14 15:54:24.583 D/DisplayManagerService( 2066): Ignore redundant display event 0/4 to 10139/20183
06-14 15:54:24.583 D/DisplayManagerService( 2066): Ignore redundant display event 0/4 to 10139/20484
06-14 15:54:24.583 D/DisplayManagerService( 2066): Ignore redundant display event 0/4 to 10296/20868
06-14 15:54:24.583 D/DisplayManagerService( 2066): Ignore redundant display event 0/4 to 10310/21102
06-14 15:54:24.583 D/DisplayManagerService( 2066): Ignore redundant display event 0/4 to 10683/22722
06-14 15:54:24.583 D/AudioManagerExtImpl(18659): getStreamVolume too fast, volume index=16, package=com.facebook.katana
06-14 15:54:24.584 D/UsageStatsService( 2066): User[0] type=0 b=1781420034581 e=1781420074581 cb=1781348849473 ce=1781420063393 disk=0 all=0
06-14 15:54:24.585 D/AudioManagerExtImpl(16729): getStreamVolume too fast, volume index=3, package=com.twitter.android
06-14 15:54:24.586 D/AudioManagerExtImpl( 7342): getStreamVolume packageName=com.xiaomi.wearable, index=3, streamType=3
06-14 15:54:24.586 I/MediaSyncManager_7342_18313( 7342): SettingsContentObserver onChange onSync true
06-14 15:54:24.588 D/AudioManagerExtImpl(18659): getStreamVolume too fast, volume index=16, package=com.facebook.katana
06-14 15:54:24.588 D/AudioManagerExtImpl( 5961): getStreamVolume packageName=com.facebook.orca, index=16, streamType=1
06-14 15:54:24.589 D/UsageStatsService( 2066): User[0] type=0 b=1781420034585 e=1781420074585 cb=1781348849473 ce=1781420063393 disk=0 all=0
06-14 15:54:24.589 D/AudioManagerExtImpl( 7342): getStreamVolume packageName=com.xiaomi.wearable, index=3, streamType=3
06-14 15:54:24.589 W/SettingsProvider( 2066): notifyForSettingsChange delay for screen_brightness, value: 274, delta: 9, lastNotifyTimestamp: 355419311, minInterval: 10
06-14 15:54:24.589 D/AudioManagerExtImpl(16729): getStreamVolume too fast, volume index=3, package=com.twitter.android
06-14 15:54:24.589 I/MediaSyncManager_7342_18313( 7342): SettingsContentObserver onChange onSync true
06-14 15:54:24.590 D/AudioManagerExtImpl(10411): getStreamVolume packageName=com.instagram.barcelona, index=3, streamType=3
06-14 15:54:24.590 D/OplusAtlasService( 4962): getAttributeByAppName module:oplus-getStreamMaxVolume packageName:com.facebook.katana
06-14 15:54:24.592 D/UsageStatsService( 2066): User[0] type=0 b=1781420034590 e=1781420074590 cb=1781348849473 ce=1781420063393 disk=0 all=0
06-14 15:54:24.594 D/UsageStatsService( 2066): User[0] type=0 b=1781420034593 e=1781420074593 cb=1781348849473 ce=1781420063393 disk=0 all=0
06-14 15:54:24.594 D/AudioManagerExtImpl(18659): getStreamVolume too fast, volume index=16, package=com.facebook.katana
06-14 15:54:24.594 D/AudioManagerExtImpl( 7342): getStreamVolume packageName=com.xiaomi.wearable, index=3, streamType=3
06-14 15:54:24.595 I/MediaSyncManager_7342_18313( 7342): SettingsContentObserver onChange onSync true
06-14 15:54:24.595 D/AudioManagerExtImpl(16729): getStreamVolume too fast, volume index=3, package=com.twitter.android
06-14 15:54:24.595 D/DisplayManagerService( 2066): Ignore redundant display event 0/4 to 10251/7534
06-14 15:54:24.595 D/DisplayManagerService( 2066): Ignore redundant display event 0/4 to 10524/9983
06-14 15:54:24.595 D/DisplayManagerService( 2066): Ignore redundant display event 0/4 to 10308/13845
06-14 15:54:24.595 D/DisplayManagerService( 2066): Ignore redundant display event 0/4 to 10306/16729
06-14 15:54:24.595 D/DisplayManagerService( 2066): Ignore redundant display event 0/4 to 10275/18659
06-14 15:54:24.595 D/DisplayManagerService( 2066): Ignore redundant display event 0/4 to 10139/20183
06-14 15:54:24.595 D/DisplayManagerService( 2066): Ignore redundant display event 0/4 to 10139/20484
06-14 15:54:24.595 D/DisplayManagerService( 2066): Ignore redundant display event 0/4 to 10296/20868
06-14 15:54:24.596 D/DisplayManagerService( 2066): Ignore redundant display event 0/4 to 10310/21102
06-14 15:54:24.596 D/DisplayManagerService( 2066): Ignore redundant display event 0/4 to 10683/22722
06-14 15:54:24.598 D/UsageStatsService( 2066): User[0] type=0 b=1781420034596 e=1781420074596 cb=1781348849473 ce=1781420063393 disk=0 all=0
06-14 15:54:24.598 D/AudioManagerExtImpl(16729): getStreamVolume too fast, volume index=3, package=com.twitter.android
06-14 15:54:24.598 D/AudioManagerExtImpl( 5961): getStreamVolume packageName=com.facebook.orca, index=16, streamType=1
06-14 15:54:24.599 D/AudioManagerExtImpl( 7342): getStreamVolume packageName=com.xiaomi.wearable, index=3, streamType=3
06-14 15:54:24.597 D/AudioManagerExtImpl(18659): getStreamVolume too fast, volume index=16, package=com.facebook.katana
06-14 15:54:24.600 D/UsageStatsService( 2066): User[0] type=0 b=1781420034599 e=1781420074599 cb=1781348849473 ce=1781420063393 disk=0 all=0
06-14 15:54:24.600 D/AudioManagerExtImpl(18659): getStreamVolume too fast, volume index=16, package=com.facebook.katana
06-14 15:54:24.601 I/MediaSyncManager_7342_18313( 7342): SettingsContentObserver onChange onSync true
06-14 15:54:24.602 D/UsageStatsService( 2066): User[0] type=0 b=1781420034601 e=1781420074601 cb=1781348849473 ce=1781420063393 disk=0 all=0
06-14 15:54:24.603 D/OplusAtlasService( 4962): getAttributeByAppName module:oplus-getStreamMaxVolume packageName:com.instagram.barcelona
06-14 15:54:24.606 D/OplusAtlasService( 4962): getAttributeByAppName module:oplus-getStreamMaxVolume packageName:com.facebook.katana
06-14 15:54:24.606 D/UsageStatsService( 2066): User[0] type=0 b=1781420034604 e=1781420074604 cb=1781348849473 ce=1781420063393 disk=0 all=0
06-14 15:54:24.606 I/vendor.qti.bluetooth@1.0-ibs_handler( 1200): ProcessIbsCmd: Received IBS_WAKE_IND: 0xFD
06-14 15:54:24.606 D/vendor.qti.bluetooth@1.0-ibs_handler( 1200): SerialClockVote: vote for UART CLK ON
06-14 15:54:24.607 D/DisplayManagerService( 2066): Ignore redundant display event 0/4 to 10251/7534
06-14 15:54:24.607 D/DisplayManagerService( 2066): Ignore redundant display event 0/4 to 10524/9983
06-14 15:54:24.607 D/DisplayManagerService( 2066): Ignore redundant display event 0/4 to 10308/13845
06-14 15:54:24.607 D/DisplayManagerService( 2066): Ignore redundant display event 0/4 to 10306/16729
06-14 15:54:24.607 D/DisplayManagerService( 2066): Ignore redundant display event 0/4 to 10275/18659
06-14 15:54:24.607 D/DisplayManagerService( 2066): Ignore redundant display event 0/4 to 10139/20183
06-14 15:54:24.607 D/DisplayManagerService( 2066): Ignore redundant display event 0/4 to 10139/20484
06-14 15:54:24.607 D/DisplayManagerService( 2066): Ignore redundant display event 0/4 to 10296/20868
06-14 15:54:24.607 D/DisplayManagerService( 2066): Ignore redundant display event 0/4 to 10310/21102
06-14 15:54:24.607 D/DisplayManagerService( 2066): Ignore redundant display event 0/4 to 10683/22722
06-14 15:54:24.608 D/AudioManagerExtImpl( 7342): getStreamVolume packageName=com.xiaomi.wearable, index=3, streamType=3
06-14 15:54:24.608 D/AudioManagerExtImpl(16729): getStreamVolume too fast, volume index=3, package=com.twitter.android
06-14 15:54:24.607 D/vendor.qti.bluetooth@1.0-wake_lock( 1200): Acquire wakelock is acquired 
06-14 15:54:24.608 I/vendor.qti.bluetooth@1.0-ibs_handler( 1200): ProcessIbsCmd: Writing IBS_WAKE_ACK
06-14 15:54:24.609 D/UsageStatsService( 2066): User[0] type=0 b=1781420034606 e=1781420074606 cb=1781348849473 ce=1781420063393 disk=0 all=0
06-14 15:54:24.610 D/AudioManagerExtImpl(18659): getStreamVolume too fast, volume index=16, package=com.facebook.katana
06-14 15:54:24.610 I/MediaSyncManager_7342_18313( 7342): SettingsContentObserver onChange onSync true
06-14 15:54:24.611 D/AudioManagerExtImpl(18659): getStreamVolume too fast, volume index=16, package=com.facebook.katana
06-14 15:54:24.612 D/AudioManagerExtImpl(16729): getStreamVolume too fast, volume index=3, package=com.twitter.android
06-14 15:54:24.612 D/OplusAtlasService( 4962): getAttributeByAppName module:oplus-getStreamMaxVolume packageName:com.facebook.katana
06-14 15:54:24.613 D/AudioManagerExtImpl(18659): getStreamVolume too fast, volume index=16, package=com.facebook.katana
06-14 15:54:24.613 D/AudioManagerExtImpl( 5961): getStreamVolume packageName=com.facebook.orca, index=16, streamType=1
06-14 15:54:24.613 I/bt_stack(17806): [INFO:btm_devctl.cc(1308)] BTM_BT_Quality_Report_VSE_CBack: BQR sub event, report length: 55
06-14 15:54:24.613 I/bt_btif_vendor(17806): btif_vendor_bqr_delivery_event: len: 55, addr: 08:16:d5:a4:f9:3e, lmp_ver: 13, manufacturer_id: 688, lmp_subver: 789
06-14 15:54:24.614 I/BluetoothVendorJni(17806): bqr_delivery_callback
06-14 15:54:24.614 D/AudioManagerExtImpl( 7342): getStreamVolume packageName=com.xiaomi.wearable, index=3, streamType=3
06-14 15:54:24.614 D/UsageStatsService( 2066): User[0] type=0 b=1781420034612 e=1781420074612 cb=1781348849473 ce=1781420063393 disk=0 all=0
06-14 15:54:24.614 I/MediaSyncManager_7342_18313( 7342): SettingsContentObserver onChange onSync true
06-14 15:54:24.617 D/AudioManagerExtImpl( 7342): getStreamVolume packageName=com.xiaomi.wearable, index=3, streamType=3
06-14 15:54:24.617 D/DisplayManagerService( 2066): Ignore redundant display event 0/4 to 10251/7534
06-14 15:54:24.617 D/DisplayManagerService( 2066): Ignore redundant display event 0/4 to 10524/9983
06-14 15:54:24.617 D/DisplayManagerService( 2066): Ignore redundant display event 0/4 to 10308/13845
06-14 15:54:24.617 D/DisplayManagerService( 2066): Ignore redundant display event 0/4 to 10306/16729
06-14 15:54:24.617 D/DisplayManagerService( 2066): Ignore redundant display event 0/4 to 10275/18659
06-14 15:54:24.617 D/DisplayManagerService( 2066): Ignore redundant display event 0/4 to 10139/20183
06-14 15:54:24.617 D/DisplayManagerService( 2066): Ignore redundant display event 0/4 to 10139/20484
06-14 15:54:24.617 D/DisplayManagerService( 2066): Ignore redundant display event 0/4 to 10296/20868
06-14 15:54:24.617 D/DisplayManagerService( 2066): Ignore redundant display event 0/4 to 10310/21102
06-14 15:54:24.617 D/DisplayManagerService( 2066): Ignore redundant display event 0/4 to 10683/22722
06-14 15:54:24.617 I/MediaSyncManager_7342_32197( 7342): SettingsContentObserver onChange onSync true
06-14 15:54:24.618 D/UsageStatsService( 2066): User[0] type=0 b=1781420034615 e=1781420074615 cb=1781348849473 ce=1781420063393 disk=0 all=0
06-14 15:54:24.620 I/BluetoothVendorService(17806): BQR: {
06-14 15:54:24.620 I/BluetoothVendorService(17806):   mAddr: 08:16:D5:A4:F9:3E, mLmpVer: 0x0D, mLmpSubVer: 0x0315, mManufacturerId: 0x02B0, mName: Xiaomi Smart Band 9 F93E, mBluetoothClass: 1f00,
06-14 15:54:24.620 I/BluetoothVendorService(17806):   BqrCommon: {
06-14 15:54:24.620 I/BluetoothVendorService(17806):     mQualityReportId: Quality monitor(0x01), mPacketType: TYPE_NULL(0x02), mConnectionHandle: 0x0003, mConnectionRole: 0(0), mTxPowerLevel: 9, mRssi: -47, mSnr: 0, mUnusedAfhChannelCount: 23,
06-14 15:54:24.620 I/BluetoothVendorService(17806):     mAfhSelectUnidealChannelCount: 4, mLsto: 8000, mPiconetClock: 0x091540A1, mRetransmissionCount: 0, mNoRxCount: 0, mNakCount: 0, mLastTxAckTimestamp: 0x00000000, mFlowOffCount: 0,
06-14 15:54:24.620 I/BluetoothVendorService(17806):     mLastFlowOnTimestamp: 0x0FFFFFEE, mOverflowCount: 0, mUnderflowCount: 0, mAddr: 08:16:D5:A4:F9:3E, mCalFailedItemCount: 0
06-14 15:54:24.620 I/BluetoothVendorService(17806):   }
06-14 15:54:24.620 I/BluetoothVendorService(17806): }
06-14 15:54:24.621 D/AudioManagerExtImpl( 7342): getStreamVolume packageName=com.xiaomi.wearable, index=3, streamType=3
06-14 15:54:24.621 D/AudioManagerExtImpl(18659): getStreamVolume normal, volume index=16
06-14 15:54:24.621 I/MediaSyncManager_7342_32197( 7342): SettingsContentObserver onChange onSync true
06-14 15:54:24.622 D/OplusBluetoothQoSManager(17806): received bqr xx 
06-14 15:54:24.622 I/oplus_bt_dual_sync(17806): stack_down_sync_action: type=18, len=17
06-14 15:54:24.622 I/oplus_bt_qos_monitor(17806): get_oplus_qos_data getting qos data
06-14 15:54:24.623 D/OplusAtlasService( 4962): getAttributeByAppName module:oplus-getStreamMaxVolume packageName:com.facebook.katana
06-14 15:54:24.623 D/AudioManagerExtImpl( 5961): getStreamVolume packageName=com.facebook.orca, index=16, streamType=1
06-14 15:54:24.624 D/AudioManagerExtImpl(18659): getStreamVolume too fast, volume index=16, package=com.facebook.katana
06-14 15:54:24.625 D/UsageStatsService( 2066): User[0] type=0 b=1781420034620 e=1781420074620 cb=1781348849473 ce=1781420063393 disk=0 all=0
06-14 15:54:24.625 D/AudioManagerExtImpl(10411): getStreamVolume packageName=com.instagram.barcelona, index=3, streamType=3
06-14 15:54:24.626 D/OplusAtlasService( 4962): getAttributeByAppName module:oplus-getStreamMaxVolume packageName:com.instagram.barcelona
06-14 15:54:24.626 D/AudioManagerExtImpl(16729): getStreamVolume normal, volume index=3
06-14 15:54:24.626 D/AudioManagerExtImpl(16729): getStreamVolume too fast, volume index=3, package=com.twitter.android
06-14 15:54:24.627 D/AudioManagerExtImpl( 7342): getStreamVolume packageName=com.xiaomi.wearable, index=3, streamType=3
06-14 15:54:24.627 I/MediaSyncManager_7342_32197( 7342): SettingsContentObserver onChange onSync true
06-14 15:54:24.629 D/AudioManagerExtImpl( 7342): getStreamVolume packageName=com.xiaomi.wearable, index=3, streamType=3
06-14 15:54:24.629 I/MediaSyncManager_7342_32197( 7342): SettingsContentObserver onChange onSync true
06-14 15:54:24.629 D/AudioManagerExtImpl(10411): getStreamVolume packageName=com.instagram.barcelona, index=3, streamType=3
06-14 15:54:24.630 D/DisplayManagerService( 2066): Ignore redundant display event 0/4 to 10251/7534
06-14 15:54:24.630 D/DisplayManagerService( 2066): Ignore redundant display event 0/4 to 10524/9983
06-14 15:54:24.630 D/DisplayManagerService( 2066): Ignore redundant display event 0/4 to 10308/13845
06-14 15:54:24.630 D/DisplayManagerService( 2066): Ignore redundant display event 0/4 to 10306/16729
06-14 15:54:24.631 D/DisplayManagerService( 2066): Ignore redundant display event 0/4 to 10275/18659
06-14 15:54:24.631 D/DisplayManagerService( 2066): Ignore redundant display event 0/4 to 10139/20183
06-14 15:54:24.631 D/DisplayManagerService( 2066): Ignore redundant display event 0/4 to 10139/20484
06-14 15:54:24.631 D/DisplayManagerService( 2066): Ignore redundant display event 0/4 to 10296/20868
06-14 15:54:24.631 D/DisplayManagerService( 2066): Ignore redundant display event 0/4 to 10310/21102
06-14 15:54:24.631 D/DisplayManagerService( 2066): Ignore redundant display event 0/4 to 10683/22722
06-14 15:54:24.631 D/OplusAtlasService( 4962): getAttributeByAppName module:oplus-getStreamMaxVolume packageName:com.instagram.barcelona
06-14 15:54:24.631 D/OplusAtlasService( 4962): getAttributeByAppName module:oplus-getStreamMaxVolume packageName:com.facebook.katana
06-14 15:54:24.633 D/AudioManagerExtImpl(18659): getStreamVolume too fast, volume index=16, package=com.facebook.katana
06-14 15:54:24.633 D/AudioManagerExtImpl(18659): getStreamVolume too fast, volume index=16, package=com.facebook.katana
06-14 15:54:24.633 D/AudioManagerExtImpl( 7342): getStreamVolume packageName=com.xiaomi.wearable, index=3, streamType=3
06-14 15:54:24.634 I/MediaSyncManager_7342_18313( 7342): SettingsContentObserver onChange onSync true
06-14 15:54:24.634 D/AudioManagerExtImpl(18659): getStreamVolume too fast, volume index=16, package=com.facebook.katana
06-14 15:54:24.634 D/AudioManagerExtImpl( 5961): getStreamVolume packageName=com.facebook.orca, index=16, streamType=1
06-14 15:54:24.635 D/AudioManagerExtImpl(16729): getStreamVolume too fast, volume index=3, package=com.twitter.android
06-14 15:54:24.637 D/AudioManagerExtImpl( 7342): getStreamVolume packageName=com.xiaomi.wearable, index=3, streamType=3
06-14 15:54:24.639 I/MediaSyncManager_7342_18313( 7342): SettingsContentObserver onChange onSync true
06-14 15:54:24.639 D/AudioManagerExtImpl(16729): getStreamVolume too fast, volume index=3, package=com.twitter.android
06-14 15:54:24.641 D/AudioManagerExtImpl(16729): getStreamVolume too fast, volume index=3, package=com.twitter.android
06-14 15:54:24.642 D/AudioManagerExtImpl(10411): getStreamVolume packageName=com.instagram.barcelona, index=3, streamType=3
06-14 15:54:24.644 D/AudioManagerExtImpl(18659): getStreamVolume too fast, volume index=16, package=com.facebook.katana
06-14 15:54:24.642 D/AudioManagerExtImpl( 5961): getStreamVolume packageName=com.facebook.orca, index=16, streamType=1
06-14 15:54:24.645 D/AudioManagerExtImpl(18659): getStreamVolume too fast, volume index=16, package=com.facebook.katana
06-14 15:54:24.645 D/AudioManagerExtImpl(16729): getStreamVolume too fast, volume index=3, package=com.twitter.android
06-14 15:54:24.648 D/AudioManagerExtImpl( 7342): getStreamVolume packageName=com.xiaomi.wearable, index=3, streamType=3
06-14 15:54:24.648 D/OplusAtlasService( 4962): getAttributeByAppName module:oplus-getStreamMaxVolume packageName:com.instagram.barcelona
06-14 15:54:24.649 D/OplusAtlasService( 4962): getAttributeByAppName module:oplus-getStreamMaxVolume packageName:com.facebook.katana
06-14 15:54:24.649 D/DisplayManagerService( 2066): Ignore redundant display event 0/4 to 10251/7534
06-14 15:54:24.649 D/DisplayManagerService( 2066): Ignore redundant display event 0/4 to 10524/9983
06-14 15:54:24.649 D/DisplayManagerService( 2066): Ignore redundant display event 0/4 to 10308/13845
06-14 15:54:24.649 D/DisplayManagerService( 2066): Ignore redundant display event 0/4 to 10306/16729
06-14 15:54:24.649 D/DisplayManagerService( 2066): Ignore redundant display event 0/4 to 10275/18659
06-14 15:54:24.649 D/DisplayManagerService( 2066): Ignore redundant display event 0/4 to 10139/20183
06-14 15:54:24.649 I/MediaSyncManager_7342_18313( 7342): SettingsContentObserver onChange onSync true
06-14 15:54:24.649 D/DisplayManagerService( 2066): Ignore redundant display event 0/4 to 10139/20484
06-14 15:54:24.649 D/DisplayManagerService( 2066): Ignore redundant display event 0/4 to 10296/20868
06-14 15:54:24.649 D/DisplayManagerService( 2066): Ignore redundant display event 0/4 to 10310/21102
06-14 15:54:24.649 D/DisplayManagerService( 2066): Ignore redundant display event 0/4 to 10683/22722
06-14 15:54:24.651 I/[UAH_CLIENT]( 1231): UahRelease, handle:117946
06-14 15:54:24.651 D/AudioManagerExtImpl(18659): getStreamVolume too fast, volume index=16, package=com.facebook.katana
06-14 15:54:24.652 I/vendor.qti.bluetooth@1.0-ibs_handler( 1200): ProcessIbsCmd: Received IBS_SLEEP_IND: 0xFE
06-14 15:54:24.652 D/AudioManagerExtImpl( 7342): getStreamVolume packageName=com.xiaomi.wearable, index=3, streamType=3
06-14 15:54:24.652 D/vendor.qti.bluetooth@1.0-ibs_handler( 1200): SerialClockVote: vote for UART CLK OFF
06-14 15:54:24.652 D/AudioManagerExtImpl(18659): getStreamVolume too fast, volume index=16, package=com.facebook.katana
06-14 15:54:24.654 D/AudioManagerExtImpl(16729): getStreamVolume too fast, volume index=3, package=com.twitter.android
06-14 15:54:24.654 D/DisplayManagerService( 2066): Ignore redundant display event 0/4 to 10251/7534
06-14 15:54:24.654 D/DisplayManagerService( 2066): Ignore redundant display event 0/4 to 10524/9983
06-14 15:54:24.654 D/DisplayManagerService( 2066): Ignore redundant display event 0/4 to 10308/13845
06-14 15:54:24.654 D/DisplayManagerService( 2066): Ignore redundant display event 0/4 to 10306/16729
06-14 15:54:24.654 D/DisplayManagerService( 2066): Ignore redundant display event 0/4 to 10275/18659
06-14 15:54:24.655 D/DisplayManagerService( 2066): Ignore redundant display event 0/4 to 10139/20183
06-14 15:54:24.655 D/DisplayManagerService( 2066): Ignore redundant display event 0/4 to 10139/20484
06-14 15:54:24.655 D/DisplayManagerService( 2066): Ignore redundant display event 0/4 to 10296/20868
06-14 15:54:24.655 D/DisplayManagerService( 2066): Ignore redundant display event 0/4 to 10310/21102
06-14 15:54:24.655 D/DisplayManagerService( 2066): Ignore redundant display event 0/4 to 10683/22722
06-14 15:54:24.655 D/AudioManagerExtImpl( 5961): getStreamVolume packageName=com.facebook.orca, index=16, streamType=1
06-14 15:54:24.656 D/OplusAtlasService( 4962): getAttributeByAppName module:oplus-getStreamMaxVolume packageName:com.facebook.katana
06-14 15:54:24.657 I/MediaSyncManager_7342_32197( 7342): SettingsContentObserver onChange onSync true
06-14 15:54:24.662 D/AudioManagerExtImpl(16729): getStreamVolume too fast, volume index=3, package=com.twitter.android
06-14 15:54:24.662 D/DisplayManagerService( 2066): Ignore redundant display event 0/4 to 10251/7534
06-14 15:54:24.662 D/DisplayManagerService( 2066): Ignore redundant display event 0/4 to 10524/9983
06-14 15:54:24.662 D/DisplayManagerService( 2066): Ignore redundant display event 0/4 to 10308/13845
06-14 15:54:24.662 D/DisplayManagerService( 2066): Ignore redundant display event 0/4 to 10306/16729
06-14 15:54:24.662 D/DisplayManagerService( 2066): Ignore redundant display event 0/4 to 10275/18659
06-14 15:54:24.662 D/DisplayManagerService( 2066): Ignore redundant display event 0/4 to 10139/20183
06-14 15:54:24.662 D/DisplayManagerService( 2066): Ignore redundant display event 0/4 to 10139/20484
06-14 15:54:24.662 D/DisplayManagerService( 2066): Ignore redundant display event 0/4 to 10296/20868
06-14 15:54:24.662 D/DisplayManagerService( 2066): Ignore redundant display event 0/4 to 10310/21102
06-14 15:54:24.662 D/DisplayManagerService( 2066): Ignore redundant display event 0/4 to 10683/22722
06-14 15:54:24.664 D/AudioManagerExtImpl(16729): getStreamVolume too fast, volume index=3, package=com.twitter.android
06-14 15:54:24.665 D/AudioManagerExtImpl( 7342): getStreamVolume packageName=com.xiaomi.wearable, index=3, streamType=3
06-14 15:54:24.665 I/MediaSyncManager_7342_32197( 7342): SettingsContentObserver onChange onSync true
06-14 15:54:24.665 D/AudioManagerExtImpl(18659): getStreamVolume normal, volume index=3
06-14 15:54:24.666 D/AudioManagerExtImpl(18659): getStreamVolume too fast, volume index=3, package=com.facebook.katana
06-14 15:54:24.666 D/AudioManagerExtImpl(10411): getStreamVolume packageName=com.instagram.barcelona, index=3, streamType=3
06-14 15:54:24.667 D/OplusAtlasService( 4962): getAttributeByAppName module:oplus-getStreamMaxVolume packageName:com.instagram.barcelona
06-14 15:54:24.667 D/AudioManagerExtImpl( 5961): getStreamVolume packageName=com.facebook.orca, index=16, streamType=1
06-14 15:54:24.667 D/AudioManagerExtImpl(18659): getStreamVolume too fast, volume index=3, package=com.facebook.katana
06-14 15:54:24.666 D/OplusSmartBrightnessController( 2066): handleMessage MSG_LUX_CHANGED, mLux:486.0747 luxQueue=[486.0747, 486.0747, 486.0747, 486.0747, 486.0747, 486.0747]
06-14 15:54:24.670 D/OplusAtlasService( 4962): getAttributeByAppName module:oplus-getStreamMaxVolume packageName:com.facebook.katana
06-14 15:54:24.671 D/AudioManagerExtImpl(18659): getStreamVolume too fast, volume index=3, package=com.facebook.katana
06-14 15:54:24.672 D/AudioManagerExtImpl(10411): getStreamVolume packageName=com.instagram.barcelona, index=3, streamType=3
06-14 15:54:24.673 D/AudioManagerExtImpl( 7342): getStreamVolume packageName=com.xiaomi.wearable, index=3, streamType=3
06-14 15:54:24.673 I/MediaSyncManager_7342_18313( 7342): SettingsContentObserver onChange onSync true
06-14 15:54:24.673 D/OplusAtlasService( 4962): getAttributeByAppName module:oplus-getStreamMaxVolume packageName:com.instagram.barcelona
06-14 15:54:24.678 D/DisplayManagerService( 2066): Ignore redundant display event 0/4 to 10251/7534
06-14 15:54:24.679 D/DisplayManagerService( 2066): Ignore redundant display event 0/4 to 10524/9983
06-14 15:54:24.679 D/DisplayManagerService( 2066): Ignore redundant display event 0/4 to 10308/13845
06-14 15:54:24.679 D/DisplayManagerService( 2066): Ignore redundant display event 0/4 to 10306/16729
06-14 15:54:24.679 D/DisplayManagerService( 2066): Ignore redundant display event 0/4 to 10275/18659
06-14 15:54:24.679 D/DisplayManagerService( 2066): Ignore redundant display event 0/4 to 10139/20183
06-14 15:54:24.679 D/DisplayManagerService( 2066): Ignore redundant display event 0/4 to 10139/20484
06-14 15:54:24.679 D/DisplayManagerService( 2066): Ignore redundant display event 0/4 to 10296/20868
06-14 15:54:24.679 D/DisplayManagerService( 2066): Ignore redundant display event 0/4 to 10310/21102
06-14 15:54:24.679 D/DisplayManagerService( 2066): Ignore redundant display event 0/4 to 10683/22722
06-14 15:54:24.679 D/AudioManagerExtImpl(18659): getStreamVolume too fast, volume index=3, package=com.facebook.katana
06-14 15:54:24.680 D/OplusAtlasService( 4962): getAttributeByAppName module:oplus-getStreamMaxVolume packageName:com.facebook.katana
06-14 15:54:24.680 D/AudioManagerExtImpl( 5961): getStreamVolume packageName=com.facebook.orca, index=16, streamType=1
06-14 15:54:24.681 D/AudioManagerExtImpl(18659): getStreamVolume too fast, volume index=3, package=com.facebook.katana
06-14 15:54:24.682 D/AudioManagerExtImpl( 7342): getStreamVolume packageName=com.xiaomi.wearable, index=3, streamType=3
06-14 15:54:24.682 I/MediaSyncManager_7342_18313( 7342): SettingsContentObserver onChange onSync true
06-14 15:54:24.684 D/DisplayManagerService( 2066): Ignore redundant display event 0/4 to 10251/7534
06-14 15:54:24.684 D/DisplayManagerService( 2066): Ignore redundant display event 0/4 to 10524/9983
06-14 15:54:24.684 D/DisplayManagerService( 2066): Ignore redundant display event 0/4 to 10308/13845
06-14 15:54:24.684 D/DisplayManagerService( 2066): Ignore redundant display event 0/4 to 10306/16729
06-14 15:54:24.684 D/DisplayManagerService( 2066): Ignore redundant display event 0/4 to 10275/18659
06-14 15:54:24.684 D/DisplayManagerService( 2066): Ignore redundant display event 0/4 to 10139/20183
06-14 15:54:24.684 D/DisplayManagerService( 2066): Ignore redundant display event 0/4 to 10139/20484
06-14 15:54:24.684 D/DisplayManagerService( 2066): Ignore redundant display event 0/4 to 10296/20868
06-14 15:54:24.684 D/DisplayManagerService( 2066): Ignore redundant display event 0/4 to 10310/21102
06-14 15:54:24.684 D/DisplayManagerService( 2066): Ignore redundant display event 0/4 to 10683/22722
06-14 15:54:24.684 D/AudioManagerExtImpl(18659): getStreamVolume too fast, volume index=3, package=com.facebook.katana
06-14 15:54:24.686 D/AudioManagerExtImpl( 7342): getStreamVolume packageName=com.xiaomi.wearable, index=3, streamType=3
06-14 15:54:24.687 I/MediaSyncManager_7342_18313( 7342): SettingsContentObserver onChange onSync true
06-14 15:54:24.687 D/AudioManagerExtImpl( 5961): getStreamVolume packageName=com.facebook.orca, index=16, streamType=1
06-14 15:54:24.687 D/AudioManagerExtImpl(16729): getStreamVolume normal, volume index=3
06-14 15:54:24.687 D/AudioManagerExtImpl(16729): getStreamVolume too fast, volume index=3, package=com.twitter.android
06-14 15:54:24.687 D/AudioManagerExtImpl(16729): getStreamVolume too fast, volume index=3, package=com.twitter.android
06-14 15:54:24.687 D/AudioManagerExtImpl(16729): getStreamVolume too fast, volume index=3, package=com.twitter.android
06-14 15:54:24.688 D/AudioManagerExtImpl(16729): getStreamVolume too fast, volume index=3, package=com.twitter.android
06-14 15:54:24.688 D/OplusAtlasService( 4962): getAttributeByAppName module:oplus-getStreamMaxVolume packageName:com.facebook.katana
06-14 15:54:24.689 D/AudioManagerExtImpl(18659): getStreamVolume too fast, volume index=3, package=com.facebook.katana
06-14 15:54:24.689 D/AudioManagerExtImpl(10411): getStreamVolume packageName=com.instagram.barcelona, index=3, streamType=3
06-14 15:54:24.690 D/AudioManagerExtImpl( 7342): getStreamVolume packageName=com.xiaomi.wearable, index=3, streamType=3
06-14 15:54:24.690 I/MediaSyncManager_7342_18313( 7342): SettingsContentObserver onChange onSync true
06-14 15:54:24.690 D/OplusAtlasService( 4962): getAttributeByAppName module:oplus-getStreamMaxVolume packageName:com.instagram.barcelona
06-14 15:54:24.694 D/AudioManagerExtImpl( 7342): getStreamVolume packageName=com.xiaomi.wearable, index=3, streamType=3
06-14 15:54:24.694 D/AudioManagerExtImpl(10411): getStreamVolume packageName=com.instagram.barcelona, index=3, streamType=3
06-14 15:54:24.694 I/MediaSyncManager_7342_32197( 7342): SettingsContentObserver onChange onSync true
06-14 15:54:24.694 D/OplusAtlasService( 4962): getAttributeByAppName module:oplus-getStreamMaxVolume packageName:com.instagram.barcelona
06-14 15:54:24.695 D/AudioManagerExtImpl(16729): getStreamVolume too fast, volume index=3, package=com.twitter.android
06-14 15:54:24.695 D/AudioManagerExtImpl(18659): getStreamVolume too fast, volume index=3, package=com.facebook.katana
06-14 15:54:24.696 D/DisplayManagerService( 2066): Ignore redundant display event 0/4 to 10251/7534
06-14 15:54:24.696 D/DisplayManagerService( 2066): Ignore redundant display event 0/4 to 10524/9983
06-14 15:54:24.696 D/DisplayManagerService( 2066): Ignore redundant display event 0/4 to 10308/13845
06-14 15:54:24.696 D/DisplayManagerService( 2066): Ignore redundant display event 0/4 to 10306/16729
06-14 15:54:24.696 D/DisplayManagerService( 2066): Ignore redundant display event 0/4 to 10275/18659
06-14 15:54:24.696 D/DisplayManagerService( 2066): Ignore redundant display event 0/4 to 10139/20183
06-14 15:54:24.696 D/DisplayManagerService( 2066): Ignore redundant display event 0/4 to 10139/20484
06-14 15:54:24.696 D/DisplayManagerService( 2066): Ignore redundant display event 0/4 to 10296/20868
06-14 15:54:24.696 D/DisplayManagerService( 2066): Ignore redundant display event 0/4 to 10310/21102
06-14 15:54:24.696 D/DisplayManagerService( 2066): Ignore redundant display event 0/4 to 10683/22722
06-14 15:54:24.698 D/AudioManagerExtImpl(18659): getStreamVolume too fast, volume index=3, package=com.facebook.katana
06-14 15:54:24.699 D/AudioManagerExtImpl(16729): getStreamVolume too fast, volume index=3, package=com.twitter.android
06-14 15:54:24.699 D/OplusAtlasService( 4962): getAttributeByAppName module:oplus-getStreamMaxVolume packageName:com.facebook.katana
06-14 15:54:24.699 D/AudioManagerExtImpl( 5961): getStreamVolume packageName=com.facebook.orca, index=16, streamType=1
06-14 15:54:24.700 D/AudioManagerExtImpl( 7342): getStreamVolume packageName=com.xiaomi.wearable, index=3, streamType=3
06-14 15:54:24.700 I/MediaSyncManager_7342_32197( 7342): SettingsContentObserver onChange onSync true
06-14 15:54:24.701 D/AudioManagerExtImpl(18659): getStreamVolume too fast, volume index=3, package=com.facebook.katana
06-14 15:54:24.701 D/AudioManagerExtImpl(10411): getStreamVolume packageName=com.instagram.barcelona, index=3, streamType=3
06-14 15:54:24.701 D/OplusAtlasService( 4962): getAttributeByAppName module:oplus-getStreamMaxVolume packageName:com.instagram.barcelona
06-14 15:54:24.702 D/AudioManagerExtImpl( 7342): getStreamVolume packageName=com.xiaomi.wearable, index=3, streamType=3
06-14 15:54:24.702 I/MediaSyncManager_7342_32197( 7342): SettingsContentObserver onChange onSync true
06-14 15:54:24.704 D/AudioManagerExtImpl(10411): getStreamVolume packageName=com.instagram.barcelona, index=3, streamType=3
06-14 15:54:24.704 D/AudioManagerExtImpl( 7342): getStreamVolume packageName=com.xiaomi.wearable, index=3, streamType=3
06-14 15:54:24.704 I/MediaSyncManager_7342_32197( 7342): SettingsContentObserver onChange onSync true
06-14 15:54:24.705 D/OplusAtlasService( 4962): getAttributeByAppName module:oplus-getStreamMaxVolume packageName:com.instagram.barcelona
06-14 15:54:24.707 D/AudioManagerExtImpl( 7342): getStreamVolume packageName=com.xiaomi.wearable, index=3, streamType=3
06-14 15:54:24.707 I/MediaSyncManager_7342_32197( 7342): SettingsContentObserver onChange onSync true
06-14 15:54:24.709 D/AudioManagerExtImpl(16729): getStreamVolume too fast, volume index=3, package=com.twitter.android
06-14 15:54:24.710 D/DisplayManagerService( 2066): Ignore redundant display event 0/4 to 10251/7534
06-14 15:54:24.710 D/DisplayManagerService( 2066): Ignore redundant display event 0/4 to 10524/9983
06-14 15:54:24.710 D/DisplayManagerService( 2066): Ignore redundant display event 0/4 to 10308/13845
06-14 15:54:24.710 D/DisplayManagerService( 2066): Ignore redundant display event 0/4 to 10306/16729
06-14 15:54:24.710 D/DisplayManagerService( 2066): Ignore redundant display event 0/4 to 10275/18659
06-14 15:54:24.710 D/DisplayManagerService( 2066): Ignore redundant display event 0/4 to 10139/20183
06-14 15:54:24.710 D/DisplayManagerService( 2066): Ignore redundant display event 0/4 to 10139/20484
06-14 15:54:24.710 D/DisplayManagerService( 2066): Ignore redundant display event 0/4 to 10296/20868
06-14 15:54:24.710 D/DisplayManagerService( 2066): Ignore redundant display event 0/4 to 10310/21102
06-14 15:54:24.710 D/DisplayManagerService( 2066): Ignore redundant display event 0/4 to 10683/22722
06-14 15:54:24.710 D/OplusAtlasService( 4962): getAttributeByAppName module:oplus-getStreamMaxVolume packageName:com.facebook.katana
06-14 15:54:24.711 D/AudioManagerExtImpl( 7342): getStreamVolume packageName=com.xiaomi.wearable, index=3, streamType=3
06-14 15:54:24.711 I/MediaSyncManager_7342_32197( 7342): SettingsContentObserver onChange onSync true
06-14 15:54:24.711 D/AudioManagerExtImpl( 5961): getStreamVolume packageName=com.facebook.orca, index=16, streamType=1
06-14 15:54:24.712 D/AudioManagerExtImpl(10411): getStreamVolume packageName=com.instagram.barcelona, index=3, streamType=3
06-14 15:54:24.713 D/AudioManagerExtImpl(18659): getStreamVolume normal, volume index=16
06-14 15:54:24.713 D/OplusAtlasService( 4962): getAttributeByAppName module:oplus-getStreamMaxVolume packageName:com.instagram.barcelona
06-14 15:54:24.713 D/AudioManagerExtImpl(18659): getStreamVolume too fast, volume index=16, package=com.facebook.katana
06-14 15:54:24.714 D/AudioManagerExtImpl(16729): getStreamVolume too fast, volume index=3, package=com.twitter.android
06-14 15:54:24.714 D/AudioManagerExtImpl(18659): getStreamVolume too fast, volume index=16, package=com.facebook.katana
06-14 15:54:24.715 D/AudioManagerExtImpl( 7342): getStreamVolume packageName=com.xiaomi.wearable, index=3, streamType=3
06-14 15:54:24.715 D/AudioManagerExtImpl( 5961): getStreamVolume packageName=com.facebook.orca, index=16, streamType=1
06-14 15:54:24.716 D/AudioManagerExtImpl(10411): getStreamVolume packageName=com.instagram.barcelona, index=3, streamType=3
06-14 15:54:24.716 I/MediaSyncManager_7342_32197( 7342): SettingsContentObserver onChange onSync true
06-14 15:54:24.718 D/OplusAtlasService( 4962): getAttributeByAppName module:oplus-getStreamMaxVolume packageName:com.instagram.barcelona
06-14 15:54:24.719 D/DisplayManagerService( 2066): Ignore redundant display event 0/4 to 10251/7534
06-14 15:54:24.719 D/AudioManagerExtImpl(18659): getStreamVolume too fast, volume index=16, package=com.facebook.katana
06-14 15:54:24.719 D/DisplayManagerService( 2066): Ignore redundant display event 0/4 to 10524/9983
06-14 15:54:24.719 D/DisplayManagerService( 2066): Ignore redundant display event 0/4 to 10308/13845
06-14 15:54:24.719 D/DisplayManagerService( 2066): Ignore redundant display event 0/4 to 10306/16729
06-14 15:54:24.719 D/DisplayManagerService( 2066): Ignore redundant display event 0/4 to 10275/18659
06-14 15:54:24.719 D/DisplayManagerService( 2066): Ignore redundant display event 0/4 to 10139/20183
06-14 15:54:24.719 D/DisplayManagerService( 2066): Ignore redundant display event 0/4 to 10139/20484
06-14 15:54:24.719 D/DisplayManagerService( 2066): Ignore redundant display event 0/4 to 10296/20868
06-14 15:54:24.719 D/DisplayManagerService( 2066): Ignore redundant display event 0/4 to 10310/21102
06-14 15:54:24.719 D/DisplayManagerService( 2066): Ignore redundant display event 0/4 to 10683/22722
06-14 15:54:24.719 D/AudioManagerExtImpl(16729): getStreamVolume too fast, volume index=3, package=com.twitter.android
06-14 15:54:24.721 D/OplusAtlasService( 4962): getAttributeByAppName module:oplus-getStreamMaxVolume packageName:com.facebook.katana
06-14 15:54:24.722 D/AudioManagerExtImpl( 5961): getStreamVolume packageName=com.facebook.orca, index=16, streamType=1
06-14 15:54:24.722 D/AudioManagerExtImpl(18659): getStreamVolume too fast, volume index=16, package=com.facebook.katana
06-14 15:54:24.723 D/AudioManagerExtImpl(18659): getStreamVolume too fast, volume index=16, package=com.facebook.katana
06-14 15:54:24.723 D/AudioManagerExtImpl(16729): getStreamVolume too fast, volume index=3, package=com.twitter.android
06-14 15:54:24.723 D/AudioManagerExtImpl( 7342): getStreamVolume packageName=com.xiaomi.wearable, index=3, streamType=3
06-14 15:54:24.723 I/MediaSyncManager_7342_32197( 7342): SettingsContentObserver onChange onSync true
06-14 15:54:24.724 D/OplusAtlasService( 4962): getAttributeByAppName module:oplus-getStreamMaxVolume packageName:com.facebook.katana
06-14 15:54:24.725 D/AudioManagerExtImpl(18659): getStreamVolume too fast, volume index=16, package=com.facebook.katana
06-14 15:54:24.725 D/AudioManagerExtImpl( 7342): getStreamVolume packageName=com.xiaomi.wearable, index=3, streamType=3
06-14 15:54:24.726 D/AudioManagerExtImpl(10411): getStreamVolume packageName=com.instagram.barcelona, index=3, streamType=3
06-14 15:54:24.726 D/OplusAtlasService( 4962): getAttributeByAppName module:oplus-getStreamMaxVolume packageName:com.instagram.barcelona
06-14 15:54:24.727 I/MediaSyncManager_7342_32197( 7342): SettingsContentObserver onChange onSync true
06-14 15:54:24.729 D/AudioManagerExtImpl(18659): getStreamVolume too fast, volume index=16, package=com.facebook.katana
06-14 15:54:24.730 D/DisplayManagerService( 2066): Ignore redundant display event 0/4 to 10251/7534
06-14 15:54:24.730 D/DisplayManagerService( 2066): Ignore redundant display event 0/4 to 10524/9983
06-14 15:54:24.730 D/DisplayManagerService( 2066): Ignore redundant display event 0/4 to 10308/13845
06-14 15:54:24.730 D/DisplayManagerService( 2066): Ignore redundant display event 0/4 to 10306/16729
06-14 15:54:24.730 D/DisplayManagerService( 2066): Ignore redundant display event 0/4 to 10275/18659
06-14 15:54:24.730 D/DisplayManagerService( 2066): Ignore redundant display event 0/4 to 10139/20183
06-14 15:54:24.731 D/AudioManagerExtImpl( 7342): getStreamVolume packageName=com.xiaomi.wearable, index=3, streamType=3
06-14 15:54:24.731 I/MediaSyncManager_7342_32197( 7342): SettingsContentObserver onChange onSync true
06-14 15:54:24.730 D/DisplayManagerService( 2066): Ignore redundant display event 0/4 to 10139/20484
06-14 15:54:24.731 D/DisplayManagerService( 2066): Ignore redundant display event 0/4 to 10296/20868
06-14 15:54:24.731 D/DisplayManagerService( 2066): Ignore redundant display event 0/4 to 10310/21102
06-14 15:54:24.731 D/DisplayManagerService( 2066): Ignore redundant display event 0/4 to 10683/22722
06-14 15:54:24.732 D/AudioManagerExtImpl(16729): getStreamVolume normal, volume index=3
06-14 15:54:24.734 D/AudioManagerExtImpl(16729): getStreamVolume too fast, volume index=3, package=com.twitter.android
06-14 15:54:24.734 D/AudioManagerExtImpl( 5961): getStreamVolume packageName=com.facebook.orca, index=16, streamType=1
06-14 15:54:24.734 D/AudioManagerExtImpl(18659): getStreamVolume too fast, volume index=16, package=com.facebook.katana
06-14 15:54:24.734 D/OplusAtlasService( 4962): getAttributeByAppName module:oplus-getStreamMaxVolume packageName:com.facebook.katana
06-14 15:54:24.735 D/AudioManagerExtImpl(10411): getStreamVolume packageName=com.instagram.barcelona, index=3, streamType=3
06-14 15:54:24.735 D/OplusAtlasService( 4962): getAttributeByAppName module:oplus-getStreamMaxVolume packageName:com.instagram.barcelona
06-14 15:54:24.735 D/AudioManagerExtImpl(18659): getStreamVolume too fast, volume index=16, package=com.facebook.katana
06-14 15:54:24.736 D/AudioManagerExtImpl( 7342): getStreamVolume packageName=com.xiaomi.wearable, index=3, streamType=3
06-14 15:54:24.738 I/MediaSyncManager_7342_32197( 7342): SettingsContentObserver onChange onSync true
06-14 15:54:24.740 D/AudioManagerExtImpl(16729): getStreamVolume too fast, volume index=3, package=com.twitter.android
06-14 15:54:24.740 D/AudioManagerExtImpl( 7342): getStreamVolume packageName=com.xiaomi.wearable, index=3, streamType=3
06-14 15:54:24.740 D/DisplayManagerService( 2066): Ignore redundant display event 0/4 to 10251/7534
06-14 15:54:24.740 D/DisplayManagerService( 2066): Ignore redundant display event 0/4 to 10524/9983
06-14 15:54:24.740 D/DisplayManagerService( 2066): Ignore redundant display event 0/4 to 10308/13845
06-14 15:54:24.740 D/DisplayManagerService( 2066): Ignore redundant display event 0/4 to 10306/16729
06-14 15:54:24.740 D/DisplayManagerService( 2066): Ignore redundant display event 0/4 to 10275/18659
06-14 15:54:24.740 D/DisplayManagerService( 2066): Ignore redundant display event 0/4 to 10139/20183
06-14 15:54:24.740 D/DisplayManagerService( 2066): Ignore redundant display event 0/4 to 10139/20484
06-14 15:54:24.740 D/DisplayManagerService( 2066): Ignore redundant display event 0/4 to 10296/20868
06-14 15:54:24.740 D/DisplayManagerService( 2066): Ignore redundant display event 0/4 to 10310/21102
06-14 15:54:24.740 D/AudioManagerExtImpl(18659): getStreamVolume too fast, volume index=16, package=com.facebook.katana
06-14 15:54:24.740 D/DisplayManagerService( 2066): Ignore redundant display event 0/4 to 10683/22722
06-14 15:54:24.740 D/OplusAtlasService( 4962): getAttributeByAppName module:oplus-getStreamMaxVolume packageName:com.facebook.katana
06-14 15:54:24.741 D/AudioManagerExtImpl(10411): getStreamVolume packageName=com.instagram.barcelona, index=3, streamType=3
06-14 15:54:24.742 D/AudioManagerExtImpl(18659): getStreamVolume too fast, volume index=16, package=com.facebook.katana
06-14 15:54:24.742 D/OplusAtlasService( 4962): getAttributeByAppName module:oplus-getStreamMaxVolume packageName:com.instagram.barcelona
06-14 15:54:24.743 I/MediaSyncManager_7342_32197( 7342): SettingsContentObserver onChange onSync true
06-14 15:54:24.744 D/AudioManagerExtImpl(16729): getStreamVolume too fast, volume index=3, package=com.twitter.android
06-14 15:54:24.745 D/AudioManagerExtImpl( 5961): getStreamVolume packageName=com.facebook.orca, index=16, streamType=1
06-14 15:54:24.745 D/OplusAtlasService( 4962): getAttributeByAppName module:oplus-getStreamMaxVolume packageName:com.facebook.katana
06-14 15:54:24.746 D/AudioManagerExtImpl(18659): getStreamVolume too fast, volume index=16, package=com.facebook.katana
06-14 15:54:24.746 D/AudioManagerExtImpl( 7342): getStreamVolume packageName=com.xiaomi.wearable, index=3, streamType=3
06-14 15:54:24.747 D/AudioManagerExtImpl(18659): getStreamVolume too fast, volume index=16, package=com.facebook.katana
06-14 15:54:24.748 D/AudioManagerExtImpl(10411): getStreamVolume packageName=com.instagram.barcelona, index=3, streamType=3
06-14 15:54:24.748 D/OplusAtlasService( 4962): getAttributeByAppName module:oplus-getStreamMaxVolume packageName:com.instagram.barcelona
06-14 15:54:24.750 I/MediaSyncManager_7342_32197( 7342): SettingsContentObserver onChange onSync true
06-14 15:54:24.751 D/DisplayManagerService( 2066): Ignore redundant display event 0/4 to 10251/7534
06-14 15:54:24.752 D/DisplayManagerService( 2066): Ignore redundant display event 0/4 to 10524/9983
06-14 15:54:24.752 D/DisplayManagerService( 2066): Ignore redundant display event 0/4 to 10308/13845
06-14 15:54:24.752 D/DisplayManagerService( 2066): Ignore redundant display event 0/4 to 10306/16729
06-14 15:54:24.752 D/DisplayManagerService( 2066): Ignore redundant display event 0/4 to 10275/18659
06-14 15:54:24.752 D/DisplayManagerService( 2066): Ignore redundant display event 0/4 to 10139/20183
06-14 15:54:24.752 D/DisplayManagerService( 2066): Ignore redundant display event 0/4 to 10139/20484
06-14 15:54:24.752 D/DisplayManagerService( 2066): Ignore redundant display event 0/4 to 10296/20868
06-14 15:54:24.752 D/DisplayManagerService( 2066): Ignore redundant display event 0/4 to 10310/21102
06-14 15:54:24.752 D/DisplayManagerService( 2066): Ignore redundant display event 0/4 to 10683/22722
06-14 15:54:24.752 D/AudioManagerExtImpl(16729): getStreamVolume too fast, volume index=3, package=com.twitter.android
06-14 15:54:24.752 D/AudioManagerExtImpl(18659): getStreamVolume too fast, volume index=16, package=com.facebook.katana
06-14 15:54:24.753 D/AudioManagerExtImpl(10411): getStreamVolume packageName=com.instagram.barcelona, index=3, streamType=3
06-14 15:54:24.754 D/OplusAtlasService( 4962): getAttributeByAppName module:oplus-getStreamMaxVolume packageName:com.instagram.barcelona
06-14 15:54:24.754 D/AudioManagerExtImpl(16729): getStreamVolume too fast, volume index=3, package=com.twitter.android
06-14 15:54:24.755 D/AudioManagerExtImpl( 5961): getStreamVolume packageName=com.facebook.orca, index=16, streamType=1
06-14 15:54:24.755 D/AudioManagerExtImpl( 7342): getStreamVolume packageName=com.xiaomi.wearable, index=3, streamType=3
06-14 15:54:24.755 I/MediaSyncManager_7342_32197( 7342): SettingsContentObserver onChange onSync true
06-14 15:54:24.756 D/OplusAtlasService( 4962): getAttributeByAppName module:oplus-getStreamMaxVolume packageName:com.facebook.katana
06-14 15:54:24.757 D/AudioManagerExtImpl(10411): getStreamVolume packageName=com.instagram.barcelona, index=3, streamType=3
06-14 15:54:24.757 D/AudioManagerExtImpl(18659): getStreamVolume normal, volume index=16
06-14 15:54:24.757 D/AudioManagerExtImpl(18659): getStreamVolume too fast, volume index=16, package=com.facebook.katana
06-14 15:54:24.757 D/AudioManagerExtImpl( 7342): getStreamVolume packageName=com.xiaomi.wearable, index=3, streamType=3
06-14 15:54:24.758 D/OplusAtlasService( 4962): getAttributeByAppName module:oplus-getStreamMaxVolume packageName:com.instagram.barcelona
06-14 15:54:24.760 D/AudioManagerExtImpl(10411): getStreamVolume packageName=com.instagram.barcelona, index=3, streamType=3
06-14 15:54:24.761 D/OplusAtlasService( 4962): getAttributeByAppName module:oplus-getStreamMaxVolume packageName:com.instagram.barcelona
06-14 15:54:24.761 I/MediaSyncManager_7342_32197( 7342): SettingsContentObserver onChange onSync true
06-14 15:54:24.763 D/DisplayManagerService( 2066): Ignore redundant display event 0/4 to 10251/7534
06-14 15:54:24.763 D/DisplayManagerService( 2066): Ignore redundant display event 0/4 to 10524/9983
06-14 15:54:24.763 D/DisplayManagerService( 2066): Ignore redundant display event 0/4 to 10308/13845
06-14 15:54:24.763 D/DisplayManagerService( 2066): Ignore redundant display event 0/4 to 10306/16729
06-14 15:54:24.763 D/DisplayManagerService( 2066): Ignore redundant display event 0/4 to 10275/18659
06-14 15:54:24.763 D/DisplayManagerService( 2066): Ignore redundant display event 0/4 to 10139/20183
06-14 15:54:24.763 D/DisplayManagerService( 2066): Ignore redundant display event 0/4 to 10139/20484
06-14 15:54:24.763 D/DisplayManagerService( 2066): Ignore redundant display event 0/4 to 10296/20868
06-14 15:54:24.763 D/DisplayManagerService( 2066): Ignore redundant display event 0/4 to 10310/21102
06-14 15:54:24.763 D/DisplayManagerService( 2066): Ignore redundant display event 0/4 to 10683/22722
06-14 15:54:24.763 D/AudioManagerExtImpl(18659): getStreamVolume too fast, volume index=16, package=com.facebook.katana
06-14 15:54:24.764 D/AudioManagerExtImpl(16729): getStreamVolume too fast, volume index=3, package=com.twitter.android
06-14 15:54:24.764 D/OplusAtlasService( 4962): getAttributeByAppName module:oplus-getStreamMaxVolume packageName:com.facebook.katana
06-14 15:54:24.765 D/AudioManagerExtImpl(18659): getStreamVolume too fast, volume index=16, package=com.facebook.katana
06-14 15:54:24.766 D/AudioManagerExtImpl( 7342): getStreamVolume packageName=com.xiaomi.wearable, index=3, streamType=3
06-14 15:54:24.767 I/MediaSyncManager_7342_18313( 7342): SettingsContentObserver onChange onSync true
06-14 15:54:24.767 D/AudioManagerExtImpl(16729): getStreamVolume too fast, volume index=3, package=com.twitter.android
06-14 15:54:24.767 D/AudioManagerExtImpl(18659): getStreamVolume too fast, volume index=16, package=com.facebook.katana
06-14 15:54:24.767 D/AudioManagerExtImpl( 5961): getStreamVolume packageName=com.facebook.orca, index=16, streamType=1
06-14 15:54:24.768 D/OplusAtlasService( 4962): getAttributeByAppName module:oplus-getStreamMaxVolume packageName:com.facebook.katana
06-14 15:54:24.768 D/AudioManagerExtImpl(10411): getStreamVolume packageName=com.instagram.barcelona, index=3, streamType=3
06-14 15:54:24.768 D/AudioManagerExtImpl( 7342): getStreamVolume packageName=com.xiaomi.wearable, index=3, streamType=3
06-14 15:54:24.769 D/OplusAtlasService( 4962): getAttributeByAppName module:oplus-getStreamMaxVolume packageName:com.instagram.barcelona
06-14 15:54:24.769 D/AudioManagerExtImpl(18659): getStreamVolume too fast, volume index=16, package=com.facebook.katana
06-14 15:54:24.772 D/AudioManagerExtImpl(10411): getStreamVolume packageName=com.instagram.barcelona, index=3, streamType=3
06-14 15:54:24.772 I/MediaSyncManager_7342_18313( 7342): SettingsContentObserver onChange onSync true
06-14 15:54:24.773 D/OplusAtlasService( 4962): getAttributeByAppName module:oplus-getStreamMaxVolume packageName:com.instagram.barcelona
06-14 15:54:24.774 D/DisplayManagerService( 2066): Ignore redundant display event 0/4 to 10251/7534
06-14 15:54:24.774 D/DisplayManagerService( 2066): Ignore redundant display event 0/4 to 10524/9983
06-14 15:54:24.774 D/DisplayManagerService( 2066): Ignore redundant display event 0/4 to 10308/13845
06-14 15:54:24.774 D/DisplayManagerService( 2066): Ignore redundant display event 0/4 to 10306/16729
06-14 15:54:24.774 D/DisplayManagerService( 2066): Ignore redundant display event 0/4 to 10275/18659
06-14 15:54:24.774 D/DisplayManagerService( 2066): Ignore redundant display event 0/4 to 10139/20183
06-14 15:54:24.774 D/DisplayManagerService( 2066): Ignore redundant display event 0/4 to 10139/20484
06-14 15:54:24.774 D/DisplayManagerService( 2066): Ignore redundant display event 0/4 to 10296/20868
06-14 15:54:24.774 D/DisplayManagerService( 2066): Ignore redundant display event 0/4 to 10310/21102
06-14 15:54:24.774 D/DisplayManagerService( 2066): Ignore redundant display event 0/4 to 10683/22722
06-14 15:54:24.774 D/AudioManagerExtImpl( 7342): getStreamVolume packageName=com.xiaomi.wearable, index=3, streamType=3
06-14 15:54:24.777 D/AudioManagerExtImpl( 5961): getStreamVolume packageName=com.facebook.orca, index=16, streamType=1
06-14 15:54:24.777 D/AudioManagerExtImpl(18659): getStreamVolume too fast, volume index=16, package=com.facebook.katana
06-14 15:54:24.778 D/AudioManagerExtImpl(16729): getStreamVolume normal, volume index=3
06-14 15:54:24.779 D/AudioManagerExtImpl(16729): getStreamVolume too fast, volume index=3, package=com.twitter.android
06-14 15:54:24.779 D/OplusAtlasService( 4962): getAttributeByAppName module:oplus-getStreamMaxVolume packageName:com.facebook.katana
06-14 15:54:24.779 I/MediaSyncManager_7342_18313( 7342): SettingsContentObserver onChange onSync true
06-14 15:54:24.779 D/AudioManagerExtImpl(18659): getStreamVolume too fast, volume index=16, package=com.facebook.katana
06-14 15:54:24.782 D/AudioManagerExtImpl( 7342): getStreamVolume packageName=com.xiaomi.wearable, index=3, streamType=3
06-14 15:54:24.783 I/MediaSyncManager_7342_18313( 7342): SettingsContentObserver onChange onSync true
06-14 15:54:24.783 D/AudioManagerExtImpl(10411): getStreamVolume packageName=com.instagram.barcelona, index=3, streamType=3
06-14 15:54:24.784 D/AudioManagerExtImpl(18659): getStreamVolume too fast, volume index=16, package=com.facebook.katana
06-14 15:54:24.785 D/OplusAtlasService( 4962): getAttributeByAppName module:oplus-getStreamMaxVolume packageName:com.instagram.barcelona
06-14 15:54:24.785 D/DisplayManagerService( 2066): Ignore redundant display event 0/4 to 10251/7534
06-14 15:54:24.785 D/DisplayManagerService( 2066): Ignore redundant display event 0/4 to 10524/9983
06-14 15:54:24.785 D/DisplayManagerService( 2066): Ignore redundant display event 0/4 to 10308/13845
06-14 15:54:24.785 D/DisplayManagerService( 2066): Ignore redundant display event 0/4 to 10306/16729
06-14 15:54:24.785 D/DisplayManagerService( 2066): Ignore redundant display event 0/4 to 10275/18659
06-14 15:54:24.785 D/DisplayManagerService( 2066): Ignore redundant display event 0/4 to 10139/20183
06-14 15:54:24.785 D/AudioManagerExtImpl( 7342): getStreamVolume packageName=com.xiaomi.wearable, index=3, streamType=3
06-14 15:54:24.785 D/DisplayManagerService( 2066): Ignore redundant display event 0/4 to 10139/20484
06-14 15:54:24.785 D/DisplayManagerService( 2066): Ignore redundant display event 0/4 to 10296/20868
06-14 15:54:24.785 D/DisplayManagerService( 2066): Ignore redundant display event 0/4 to 10310/21102
06-14 15:54:24.785 D/DisplayManagerService( 2066): Ignore redundant display event 0/4 to 10683/22722
06-14 15:54:24.786 D/AudioManagerExtImpl(16729): getStreamVolume too fast, volume index=3, package=com.twitter.android
06-14 15:54:24.786 I/MediaSyncManager_7342_18313( 7342): SettingsContentObserver onChange onSync true
06-14 15:54:24.789 D/AudioManagerExtImpl(18659): getStreamVolume too fast, volume index=16, package=com.facebook.katana
06-14 15:54:24.790 D/AudioManagerExtImpl(16729): getStreamVolume too fast, volume index=3, package=com.twitter.android
06-14 15:54:24.790 D/OplusAtlasService( 4962): getAttributeByAppName module:oplus-getStreamMaxVolume packageName:com.facebook.katana
06-14 15:54:24.790 D/AudioManagerExtImpl( 7342): getStreamVolume packageName=com.xiaomi.wearable, index=3, streamType=3
06-14 15:54:24.790 D/AudioManagerExtImpl(10411): getStreamVolume packageName=com.instagram.barcelona, index=3, streamType=3
06-14 15:54:24.791 D/AudioManagerExtImpl( 5961): getStreamVolume packageName=com.facebook.orca, index=16, streamType=1
06-14 15:54:24.791 D/AudioManagerExtImpl(18659): getStreamVolume too fast, volume index=16, package=com.facebook.katana
06-14 15:54:24.791 D/OplusAtlasService( 4962): getAttributeByAppName module:oplus-getStreamMaxVolume packageName:com.instagram.barcelona
06-14 15:54:24.795 I/MediaSyncManager_7342_18313( 7342): SettingsContentObserver onChange onSync true
06-14 15:54:24.796 D/AudioManagerExtImpl(10411): getStreamVolume packageName=com.instagram.barcelona, index=3, streamType=3
06-14 15:54:24.797 D/OplusAtlasService( 4962): getAttributeByAppName module:oplus-getStreamMaxVolume packageName:com.instagram.barcelona
06-14 15:54:24.798 D/AudioManagerExtImpl(16729): getStreamVolume too fast, volume index=3, package=com.twitter.android
06-14 15:54:24.799 D/AudioManagerExtImpl( 5961): getStreamVolume packageName=com.facebook.orca, index=16, streamType=1
06-14 15:54:24.800 D/OplusAtlasService( 4962): getAttributeByAppName module:oplus-getStreamMaxVolume packageName:com.facebook.katana
06-14 15:54:24.800 D/AudioManagerExtImpl(18659): getStreamVolume normal, volume index=16
06-14 15:54:24.801 D/DisplayManagerService( 2066): Ignore redundant display event 0/4 to 10251/7534
06-14 15:54:24.801 D/DisplayManagerService( 2066): Ignore redundant display event 0/4 to 10524/9983
06-14 15:54:24.801 D/DisplayManagerService( 2066): Ignore redundant display event 0/4 to 10308/13845
06-14 15:54:24.801 D/DisplayManagerService( 2066): Ignore redundant display event 0/4 to 10306/16729
06-14 15:54:24.801 D/AudioManagerExtImpl(18659): getStreamVolume too fast, volume index=16, package=com.facebook.katana
06-14 15:54:24.802 D/DisplayManagerService( 2066): Ignore redundant display event 0/4 to 10275/18659
06-14 15:54:24.802 D/AudioManagerExtImpl(10411): getStreamVolume packageName=com.instagram.barcelona, index=3, streamType=3
06-14 15:54:24.802 D/DisplayManagerService( 2066): Ignore redundant display event 0/4 to 10139/20183
06-14 15:54:24.802 D/DisplayManagerService( 2066): Ignore redundant display event 0/4 to 10139/20484
06-14 15:54:24.802 D/DisplayManagerService( 2066): Ignore redundant display event 0/4 to 10296/20868
06-14 15:54:24.802 D/DisplayManagerService( 2066): Ignore redundant display event 0/4 to 10310/21102
06-14 15:54:24.802 D/DisplayManagerService( 2066): Ignore redundant display event 0/4 to 10683/22722
06-14 15:54:24.802 D/vendor.qti.bluetooth@1.0-wake_lock( 1200): Release wakelock is released 
06-14 15:54:24.802 D/OplusAtlasService( 4962): getAttributeByAppName module:oplus-getStreamMaxVolume packageName:com.instagram.barcelona
06-14 15:54:24.803 D/AudioManagerExtImpl(16729): getStreamVolume too fast, volume index=3, package=com.twitter.android
06-14 15:54:24.803 D/AudioManagerExtImpl(18659): getStreamVolume too fast, volume index=16, package=com.facebook.katana
06-14 15:54:24.804 D/OplusAtlasService( 4962): getAttributeByAppName module:oplus-getStreamMaxVolume packageName:com.facebook.katana
06-14 15:54:24.804 D/AudioManagerExtImpl( 7342): getStreamVolume packageName=com.xiaomi.wearable, index=3, streamType=3
06-14 15:54:24.805 I/MediaSyncManager_7342_18313( 7342): SettingsContentObserver onChange onSync true
06-14 15:54:24.805 D/AudioManagerExtImpl(18659): getStreamVolume too fast, volume index=16, package=com.facebook.katana
06-14 15:54:24.805 D/AudioManagerExtImpl(10411): getStreamVolume packageName=com.instagram.barcelona, index=3, streamType=3
06-14 15:54:24.806 D/AudioManagerExtImpl( 5961): getStreamVolume packageName=com.facebook.orca, index=16, streamType=1
06-14 15:54:24.806 D/AudioManagerExtImpl( 7342): getStreamVolume packageName=com.xiaomi.wearable, index=3, streamType=3
06-14 15:54:24.806 D/OplusAtlasService( 4962): getAttributeByAppName module:oplus-getStreamMaxVolume packageName:com.instagram.barcelona
06-14 15:54:24.808 D/AudioManagerExtImpl(10411): getStreamVolume packageName=com.instagram.barcelona, index=3, streamType=3
06-14 15:54:24.808 D/OplusAtlasService( 4962): getAttributeByAppName module:oplus-getStreamMaxVolume packageName:com.instagram.barcelona
06-14 15:54:24.811 D/AudioManagerExtImpl(10411): getStreamVolume packageName=com.instagram.barcelona, index=3, streamType=3
06-14 15:54:24.811 D/OplusAtlasService( 4962): getAttributeByAppName module:oplus-getStreamMaxVolume packageName:com.instagram.barcelona
06-14 15:54:24.813 D/AudioManagerExtImpl(10411): getStreamVolume packageName=com.instagram.barcelona, index=3, streamType=3
06-14 15:54:24.813 D/OplusAtlasService( 4962): getAttributeByAppName module:oplus-getStreamMaxVolume packageName:com.instagram.barcelona
06-14 15:54:24.816 I/MediaSyncManager_7342_18313( 7342): SettingsContentObserver onChange onSync true
06-14 15:54:24.817 D/AudioManagerExtImpl(18659): getStreamVolume too fast, volume index=16, package=com.facebook.katana
06-14 15:54:24.818 D/DisplayManagerService( 2066): Ignore redundant display event 0/4 to 10251/7534
06-14 15:54:24.818 D/DisplayManagerService( 2066): Ignore redundant display event 0/4 to 10524/9983
06-14 15:54:24.818 D/DisplayManagerService( 2066): Ignore redundant display event 0/4 to 10308/13845
06-14 15:54:24.818 D/DisplayManagerService( 2066): Ignore redundant display event 0/4 to 10306/16729
06-14 15:54:24.818 D/DisplayManagerService( 2066): Ignore redundant display event 0/4 to 10275/18659
06-14 15:54:24.818 D/DisplayManagerService( 2066): Ignore redundant display event 0/4 to 10139/20183
06-14 15:54:24.818 D/DisplayManagerService( 2066): Ignore redundant display event 0/4 to 10139/20484
06-14 15:54:24.818 D/DisplayManagerService( 2066): Ignore redundant display event 0/4 to 10296/20868
06-14 15:54:24.818 D/DisplayManagerService( 2066): Ignore redundant display event 0/4 to 10310/21102
06-14 15:54:24.818 D/DisplayManagerService( 2066): Ignore redundant display event 0/4 to 10683/22722
06-14 15:54:24.819 D/AudioManagerExtImpl(18659): getStreamVolume too fast, volume index=16, package=com.facebook.katana
06-14 15:54:24.819 D/AudioManagerExtImpl(10411): getStreamVolume packageName=com.instagram.barcelona, index=3, streamType=3
06-14 15:54:24.820 D/AudioManagerExtImpl( 7342): getStreamVolume packageName=com.xiaomi.wearable, index=3, streamType=3
06-14 15:54:24.820 D/OplusAtlasService( 4962): getAttributeByAppName module:oplus-getStreamMaxVolume packageName:com.instagram.barcelona
06-14 15:54:24.821 I/MediaSyncManager_7342_18313( 7342): SettingsContentObserver onChange onSync true
06-14 15:54:24.821 D/AudioManagerExtImpl( 5961): getStreamVolume packageName=com.facebook.orca, index=16, streamType=1
06-14 15:54:24.821 D/OplusAtlasService( 4962): getAttributeByAppName module:oplus-getStreamMaxVolume packageName:com.facebook.katana
06-14 15:54:24.823 D/AudioManagerExtImpl(16729): getStreamVolume normal, volume index=3
06-14 15:54:24.823 D/AudioManagerExtImpl(16729): getStreamVolume too fast, volume index=3, package=com.twitter.android
06-14 15:54:24.823 D/AudioManagerExtImpl(10411): getStreamVolume packageName=com.instagram.barcelona, index=3, streamType=3
06-14 15:54:24.823 D/AudioManagerExtImpl(18659): getStreamVolume too fast, volume index=16, package=com.facebook.katana
06-14 15:54:24.824 D/OplusAtlasService( 4962): getAttributeByAppName module:oplus-getStreamMaxVolume packageName:com.instagram.barcelona
06-14 15:54:24.824 D/AudioManagerExtImpl( 7342): getStreamVolume packageName=com.xiaomi.wearable, index=3, streamType=3
06-14 15:54:24.827 D/AudioManagerExtImpl(10411): getStreamVolume packageName=com.instagram.barcelona, index=3, streamType=3
06-14 15:54:24.827 D/OplusAtlasService( 4962): getAttributeByAppName module:oplus-getStreamMaxVolume packageName:com.instagram.barcelona
06-14 15:54:24.828 I/MediaSyncManager_7342_18313( 7342): SettingsContentObserver onChange onSync true
06-14 15:54:24.829 D/DisplayManagerService( 2066): Ignore redundant display event 0/4 to 10251/7534
06-14 15:54:24.829 D/DisplayManagerService( 2066): Ignore redundant display event 0/4 to 10524/9983
06-14 15:54:24.829 D/DisplayManagerService( 2066): Ignore redundant display event 0/4 to 10308/13845
06-14 15:54:24.829 D/DisplayManagerService( 2066): Ignore redundant display event 0/4 to 10306/16729
06-14 15:54:24.829 D/DisplayManagerService( 2066): Ignore redundant display event 0/4 to 10275/18659
06-14 15:54:24.829 D/DisplayManagerService( 2066): Ignore redundant display event 0/4 to 10139/20183
06-14 15:54:24.829 D/DisplayManagerService( 2066): Ignore redundant display event 0/4 to 10139/20484
06-14 15:54:24.829 D/DisplayManagerService( 2066): Ignore redundant display event 0/4 to 10296/20868
06-14 15:54:24.829 D/DisplayManagerService( 2066): Ignore redundant display event 0/4 to 10310/21102
06-14 15:54:24.829 D/DisplayManagerService( 2066): Ignore redundant display event 0/4 to 10683/22722
06-14 15:54:24.829 D/AudioManagerExtImpl(18659): getStreamVolume too fast, volume index=16, package=com.facebook.katana
06-14 15:54:24.830 D/AudioManagerExtImpl(16729): getStreamVolume too fast, volume index=3, package=com.twitter.android
06-14 15:54:24.831 D/AudioManagerExtImpl(18659): getStreamVolume too fast, volume index=16, package=com.facebook.katana
06-14 15:54:24.831 D/OplusAtlasService( 4962): getAttributeByAppName module:oplus-getStreamMaxVolume packageName:com.facebook.katana
06-14 15:54:24.832 D/AudioManagerExtImpl( 7342): getStreamVolume packageName=com.xiaomi.wearable, index=3, streamType=3
06-14 15:54:24.832 D/AudioManagerExtImpl(18659): getStreamVolume too fast, volume index=16, package=com.facebook.katana
06-14 15:54:24.832 I/MediaSyncManager_7342_18313( 7342): SettingsContentObserver onChange onSync true
06-14 15:54:24.833 D/AudioManagerExtImpl(16729): getStreamVolume too fast, volume index=3, package=com.twitter.android
06-14 15:54:24.834 D/AudioManagerExtImpl( 5961): getStreamVolume packageName=com.facebook.orca, index=16, streamType=1
06-14 15:54:24.834 D/AudioManagerExtImpl(10411): getStreamVolume packageName=com.instagram.barcelona, index=3, streamType=3
06-14 15:54:24.835 D/OplusAtlasService( 4962): getAttributeByAppName module:oplus-getStreamMaxVolume packageName:com.facebook.katana
06-14 15:54:24.835 D/OplusAtlasService( 4962): getAttributeByAppName module:oplus-getStreamMaxVolume packageName:com.instagram.barcelona
06-14 15:54:24.835 D/AudioManagerExtImpl( 7342): getStreamVolume packageName=com.xiaomi.wearable, index=3, streamType=3
06-14 15:54:24.835 D/AudioManagerExtImpl(18659): getStreamVolume too fast, volume index=16, package=com.facebook.katana
06-14 15:54:24.837 D/AudioManagerExtImpl(10411): getStreamVolume packageName=com.instagram.barcelona, index=3, streamType=3
06-14 15:54:24.838 D/OplusAtlasService( 4962): getAttributeByAppName module:oplus-getStreamMaxVolume packageName:com.instagram.barcelona
06-14 15:54:24.839 I/MediaSyncManager_7342_18313( 7342): SettingsContentObserver onChange onSync true
06-14 15:54:24.840 D/AudioManagerExtImpl( 7342): getStreamVolume packageName=com.xiaomi.wearable, index=3, streamType=3
06-14 15:54:24.842 D/AudioManagerExtImpl(16729): getStreamVolume too fast, volume index=3, package=com.twitter.android
06-14 15:54:24.842 D/AudioManagerExtImpl( 5961): getStreamVolume packageName=com.facebook.orca, index=16, streamType=1
06-14 15:54:24.842 D/AudioManagerExtImpl(10411): getStreamVolume packageName=com.instagram.barcelona, index=3, streamType=3
06-14 15:54:24.842 D/DisplayManagerService( 2066): Ignore redundant display event 0/4 to 10251/7534
06-14 15:54:24.843 D/OplusAtlasService( 4962): getAttributeByAppName module:oplus-getStreamMaxVolume packageName:com.facebook.katana
06-14 15:54:24.843 I/MediaSyncManager_7342_18313( 7342): SettingsContentObserver onChange onSync true
06-14 15:54:24.843 D/DisplayManagerService( 2066): Ignore redundant display event 0/4 to 10524/9983
06-14 15:54:24.843 D/DisplayManagerService( 2066): Ignore redundant display event 0/4 to 10308/13845
06-14 15:54:24.843 D/DisplayManagerService( 2066): Ignore redundant display event 0/4 to 10306/16729
06-14 15:54:24.843 D/DisplayManagerService( 2066): Ignore redundant display event 0/4 to 10275/18659
06-14 15:54:24.843 D/DisplayManagerService( 2066): Ignore redundant display event 0/4 to 10139/20183
06-14 15:54:24.843 D/DisplayManagerService( 2066): Ignore redundant display event 0/4 to 10139/20484
06-14 15:54:24.843 D/DisplayManagerService( 2066): Ignore redundant display event 0/4 to 10296/20868
06-14 15:54:24.843 D/DisplayManagerService( 2066): Ignore redundant display event 0/4 to 10310/21102
06-14 15:54:24.843 D/DisplayManagerService( 2066): Ignore redundant display event 0/4 to 10683/22722
06-14 15:54:24.845 D/AudioManagerExtImpl(16729): getStreamVolume too fast, volume index=3, package=com.twitter.android
06-14 15:54:24.845 D/OplusAtlasService( 4962): getAttributeByAppName module:oplus-getStreamMaxVolume packageName:com.instagram.barcelona
06-14 15:54:24.846 D/AudioManagerExtImpl(18659): getStreamVolume normal, volume index=16
06-14 15:54:24.846 D/AudioManagerExtImpl(18659): getStreamVolume too fast, volume index=16, package=com.facebook.katana
06-14 15:54:24.846 D/AudioManagerExtImpl( 7342): getStreamVolume packageName=com.xiaomi.wearable, index=3, streamType=3
06-14 15:54:24.846 D/AudioManagerExtImpl( 5961): getStreamVolume packageName=com.facebook.orca, index=16, streamType=1
06-14 15:54:24.849 D/AudioManagerExtImpl(10411): getStreamVolume packageName=com.instagram.barcelona, index=3, streamType=3
06-14 15:54:24.849 D/OplusAtlasService( 4962): getAttributeByAppName module:oplus-getStreamMaxVolume packageName:com.instagram.barcelona
06-14 15:54:24.850 I/MediaSyncManager_7342_18313( 7342): SettingsContentObserver onChange onSync true
06-14 15:54:24.852 D/AudioManagerExtImpl( 7342): getStreamVolume packageName=com.xiaomi.wearable, index=3, streamType=3
06-14 15:54:24.852 D/AudioManagerExtImpl(16729): getStreamVolume too fast, volume index=3, package=com.twitter.android
06-14 15:54:24.852 D/AudioManagerExtImpl(18659): getStreamVolume too fast, volume index=16, package=com.facebook.katana
06-14 15:54:24.854 D/DisplayManagerService( 2066): Ignore redundant display event 0/4 to 10251/7534
06-14 15:54:24.854 D/DisplayManagerService( 2066): Ignore redundant display event 0/4 to 10524/9983
06-14 15:54:24.854 D/DisplayManagerService( 2066): Ignore redundant display event 0/4 to 10308/13845
06-14 15:54:24.854 D/DisplayManagerService( 2066): Ignore redundant display event 0/4 to 10306/16729
06-14 15:54:24.854 D/DisplayManagerService( 2066): Ignore redundant display event 0/4 to 10275/18659
06-14 15:54:24.854 D/DisplayManagerService( 2066): Ignore redundant display event 0/4 to 10139/20183
06-14 15:54:24.854 D/DisplayManagerService( 2066): Ignore redundant display event 0/4 to 10139/20484
06-14 15:54:24.854 D/DisplayManagerService( 2066): Ignore redundant display event 0/4 to 10296/20868
06-14 15:54:24.854 D/DisplayManagerService( 2066): Ignore redundant display event 0/4 to 10310/21102
06-14 15:54:24.854 D/DisplayManagerService( 2066): Ignore redundant display event 0/4 to 10683/22722
06-14 15:54:24.854 D/AudioManagerExtImpl( 5961): getStreamVolume packageName=com.facebook.orca, index=16, streamType=1
06-14 15:54:24.854 D/AudioManagerExtImpl(10411): getStreamVolume packageName=com.instagram.barcelona, index=3, streamType=3
06-14 15:54:24.855 D/OplusAtlasService( 4962): getAttributeByAppName module:oplus-getStreamMaxVolume packageName:com.facebook.katana
06-14 15:54:24.855 D/OplusAtlasService( 4962): getAttributeByAppName module:oplus-getStreamMaxVolume packageName:com.instagram.barcelona
06-14 15:54:24.856 D/AudioManagerExtImpl(18659): getStreamVolume too fast, volume index=16, package=com.facebook.katana
06-14 15:54:24.856 I/MediaSyncManager_7342_18313( 7342): SettingsContentObserver onChange onSync true
06-14 15:54:24.858 D/AudioManagerExtImpl(18659): getStreamVolume too fast, volume index=16, package=com.facebook.katana
06-14 15:54:24.858 D/OplusAtlasService( 4962): getAttributeByAppName module:oplus-getStreamMaxVolume packageName:com.facebook.katana
06-14 15:54:24.858 D/AudioManagerExtImpl( 7342): getStreamVolume packageName=com.xiaomi.wearable, index=3, streamType=3
06-14 15:54:24.858 D/AudioManagerExtImpl(18659): getStreamVolume too fast, volume index=16, package=com.facebook.katana
06-14 15:54:24.859 D/AudioManagerExtImpl(16729): getStreamVolume too fast, volume index=3, package=com.twitter.android
06-14 15:54:24.860 D/AudioManagerExtImpl( 5961): getStreamVolume packageName=com.facebook.orca, index=16, streamType=1
06-14 15:54:24.860 D/AudioManagerExtImpl(10411): getStreamVolume packageName=com.instagram.barcelona, index=3, streamType=3
06-14 15:54:24.861 D/OplusAtlasService( 4962): getAttributeByAppName module:oplus-getStreamMaxVolume packageName:com.instagram.barcelona
06-14 15:54:24.862 I/MediaSyncManager_7342_18313( 7342): SettingsContentObserver onChange onSync true
06-14 15:54:24.865 D/AudioManagerExtImpl( 7342): getStreamVolume packageName=com.xiaomi.wearable, index=3, streamType=3
06-14 15:54:24.865 D/AudioManagerExtImpl(18659): getStreamVolume too fast, volume index=16, package=com.facebook.katana
06-14 15:54:24.865 D/OplusAtlasService( 4962): getAttributeByAppName module:oplus-getStreamMaxVolume packageName:com.facebook.katana
06-14 15:54:24.866 D/AudioManagerExtImpl(10411): getStreamVolume packageName=com.instagram.barcelona, index=3, streamType=3
06-14 15:54:24.866 D/OplusAtlasService( 4962): getAttributeByAppName module:oplus-getStreamMaxVolume packageName:com.instagram.barcelona
06-14 15:54:24.867 D/AudioManagerExtImpl(18659): getStreamVolume too fast, volume index=16, package=com.facebook.katana
06-14 15:54:24.867 D/AudioManagerExtImpl( 5961): getStreamVolume packageName=com.facebook.orca, index=16, streamType=1
06-14 15:54:24.867 I/MediaSyncManager_7342_18313( 7342): SettingsContentObserver onChange onSync true
06-14 15:54:24.868 D/AudioManagerExtImpl(18659): getStreamVolume too fast, volume index=16, package=com.facebook.katana
06-14 15:54:24.868 D/AudioManagerExtImpl(16729): getStreamVolume normal, volume index=3
06-14 15:54:24.868 D/DisplayManagerService( 2066): Ignore redundant display event 0/4 to 10251/7534
06-14 15:54:24.868 D/DisplayManagerService( 2066): Ignore redundant display event 0/4 to 10524/9983
06-14 15:54:24.868 D/DisplayManagerService( 2066): Ignore redundant display event 0/4 to 10308/13845
06-14 15:54:24.868 D/DisplayManagerService( 2066): Ignore redundant display event 0/4 to 10306/16729
06-14 15:54:24.869 D/DisplayManagerService( 2066): Ignore redundant display event 0/4 to 10275/18659
06-14 15:54:24.869 D/DisplayManagerService( 2066): Ignore redundant display event 0/4 to 10139/20183
06-14 15:54:24.869 D/DisplayManagerService( 2066): Ignore redundant display event 0/4 to 10139/20484
06-14 15:54:24.869 D/DisplayManagerService( 2066): Ignore redundant display event 0/4 to 10296/20868
06-14 15:54:24.869 D/DisplayManagerService( 2066): Ignore redundant display event 0/4 to 10310/21102
06-14 15:54:24.869 D/AudioManagerExtImpl(16729): getStreamVolume too fast, volume index=3, package=com.twitter.android
06-14 15:54:24.869 D/DisplayManagerService( 2066): Ignore redundant display event 0/4 to 10683/22722
06-14 15:54:24.869 D/AudioManagerExtImpl( 7342): getStreamVolume packageName=com.xiaomi.wearable, index=3, streamType=3
06-14 15:54:24.869 D/AudioManagerExtImpl(10411): getStreamVolume packageName=com.instagram.barcelona, index=3, streamType=3
06-14 15:54:24.871 D/OplusAtlasService( 4962): getAttributeByAppName module:oplus-getStreamMaxVolume packageName:com.instagram.barcelona
06-14 15:54:24.872 I/MediaSyncManager_7342_18313( 7342): SettingsContentObserver onChange onSync true
06-14 15:54:24.873 D/AudioManagerExtImpl( 7342): getStreamVolume packageName=com.xiaomi.wearable, index=3, streamType=3
06-14 15:54:24.875 D/DisplayManagerService( 2066): Ignore redundant display event 0/4 to 10251/7534
06-14 15:54:24.875 D/DisplayManagerService( 2066): Ignore redundant display event 0/4 to 10524/9983
06-14 15:54:24.875 D/DisplayManagerService( 2066): Ignore redundant display event 0/4 to 10308/13845
06-14 15:54:24.875 D/DisplayManagerService( 2066): Ignore redundant display event 0/4 to 10306/16729
06-14 15:54:24.875 D/DisplayManagerService( 2066): Ignore redundant display event 0/4 to 10275/18659
06-14 15:54:24.875 D/DisplayManagerService( 2066): Ignore redundant display event 0/4 to 10139/20183
06-14 15:54:24.875 D/DisplayManagerService( 2066): Ignore redundant display event 0/4 to 10139/20484
06-14 15:54:24.875 D/DisplayManagerService( 2066): Ignore redundant display event 0/4 to 10296/20868
06-14 15:54:24.875 D/DisplayManagerService( 2066): Ignore redundant display event 0/4 to 10310/21102
06-14 15:54:24.875 D/DisplayManagerService( 2066): Ignore redundant display event 0/4 to 10683/22722
06-14 15:54:24.875 D/AudioManagerExtImpl(18659): getStreamVolume too fast, volume index=16, package=com.facebook.katana
06-14 15:54:24.875 D/AudioManagerExtImpl(16729): getStreamVolume too fast, volume index=3, package=com.twitter.android
06-14 15:54:24.876 D/AudioManagerExtImpl(10411): getStreamVolume packageName=com.instagram.barcelona, index=3, streamType=3
06-14 15:54:24.877 I/MediaSyncManager_7342_18313( 7342): SettingsContentObserver onChange onSync true
06-14 15:54:24.877 D/OplusAtlasService( 4962): getAttributeByAppName module:oplus-getStreamMaxVolume packageName:com.instagram.barcelona
06-14 15:54:24.878 D/OplusAtlasService( 4962): getAttributeByAppName module:oplus-getStreamMaxVolume packageName:com.facebook.katana
06-14 15:54:24.879 D/AudioManagerExtImpl(18659): getStreamVolume too fast, volume index=16, package=com.facebook.katana
06-14 15:54:24.880 D/AudioManagerExtImpl(16729): getStreamVolume too fast, volume index=3, package=com.twitter.android
06-14 15:54:24.880 D/AudioManagerExtImpl(18659): getStreamVolume too fast, volume index=16, package=com.facebook.katana
06-14 15:54:24.880 D/AudioManagerExtImpl( 7342): getStreamVolume packageName=com.xiaomi.wearable, index=3, streamType=3
06-14 15:54:24.880 D/AudioManagerExtImpl( 5961): getStreamVolume packageName=com.facebook.orca, index=16, streamType=1
06-14 15:54:24.881 D/AudioManagerExtImpl(10411): getStreamVolume packageName=com.instagram.barcelona, index=3, streamType=3
06-14 15:54:24.882 D/OplusAtlasService( 4962): getAttributeByAppName module:oplus-getStreamMaxVolume packageName:com.facebook.katana
06-14 15:54:24.882 D/OplusAtlasService( 4962): getAttributeByAppName module:oplus-getStreamMaxVolume packageName:com.instagram.barcelona
06-14 15:54:24.883 D/AudioManagerExtImpl(18659): getStreamVolume too fast, volume index=16, package=com.facebook.katana
06-14 15:54:24.883 I/MediaSyncManager_7342_18313( 7342): SettingsContentObserver onChange onSync true
06-14 15:54:24.885 D/DisplayManagerService( 2066): Ignore redundant display event 0/4 to 10251/7534
06-14 15:54:24.885 D/DisplayManagerService( 2066): Ignore redundant display event 0/4 to 10524/9983
06-14 15:54:24.885 D/DisplayManagerService( 2066): Ignore redundant display event 0/4 to 10308/13845
06-14 15:54:24.885 D/DisplayManagerService( 2066): Ignore redundant display event 0/4 to 10306/16729
06-14 15:54:24.885 D/DisplayManagerService( 2066): Ignore redundant display event 0/4 to 10275/18659
06-14 15:54:24.885 D/DisplayManagerService( 2066): Ignore redundant display event 0/4 to 10139/20183
06-14 15:54:24.885 D/DisplayManagerService( 2066): Ignore redundant display event 0/4 to 10139/20484
06-14 15:54:24.885 D/DisplayManagerService( 2066): Ignore redundant display event 0/4 to 10296/20868
06-14 15:54:24.885 D/DisplayManagerService( 2066): Ignore redundant display event 0/4 to 10310/21102
06-14 15:54:24.885 D/DisplayManagerService( 2066): Ignore redundant display event 0/4 to 10683/22722
06-14 15:54:24.886 D/AudioManagerExtImpl( 7342): getStreamVolume packageName=com.xiaomi.wearable, index=3, streamType=3
06-14 15:54:24.886 I/MediaSyncManager_7342_18313( 7342): SettingsContentObserver onChange onSync true
06-14 15:54:24.887 D/AudioManagerExtImpl(16729): getStreamVolume too fast, volume index=3, package=com.twitter.android
06-14 15:54:24.888 D/AudioManagerExtImpl(16729): getStreamVolume too fast, volume index=3, package=com.twitter.android
06-14 15:54:24.889 D/AudioManagerExtImpl(10411): getStreamVolume packageName=com.instagram.barcelona, index=3, streamType=3
06-14 15:54:24.890 D/OplusAtlasService( 4962): getAttributeByAppName module:oplus-getStreamMaxVolume packageName:com.facebook.katana
06-14 15:54:24.890 D/AudioManagerExtImpl(18659): getStreamVolume normal, volume index=16
06-14 15:54:24.890 D/OplusAtlasService( 4962): getAttributeByAppName module:oplus-getStreamMaxVolume packageName:com.instagram.barcelona
06-14 15:54:24.891 D/AudioManagerExtImpl( 5961): getStreamVolume packageName=com.facebook.orca, index=16, streamType=1
06-14 15:54:24.891 D/UsageStatsService( 2066): User[0] type=0 b=1781420034887 e=1781420074887 cb=1781348849473 ce=1781420063393 disk=0 all=0
06-14 15:54:24.891 D/AudioManagerExtImpl( 7342): getStreamVolume packageName=com.xiaomi.wearable, index=3, streamType=3
06-14 15:54:24.892 D/AudioManagerExtImpl(18659): getStreamVolume too fast, volume index=16, package=com.facebook.katana
06-14 15:54:24.894 D/AudioManagerExtImpl(10411): getStreamVolume packageName=com.instagram.barcelona, index=3, streamType=3
06-14 15:54:24.894 D/OplusAtlasService( 4962): getAttributeByAppName module:oplus-getStreamMaxVolume packageName:com.instagram.barcelona
06-14 15:54:24.895 D/UsageStatsService( 2066): User[0] type=0 b=1781420034894 e=1781420074894 cb=1781348849473 ce=1781420063393 disk=0 all=0
06-14 15:54:24.896 I/MediaSyncManager_7342_18313( 7342): SettingsContentObserver onChange onSync true
06-14 15:54:24.898 D/AudioManagerExtImpl(16729): getStreamVolume too fast, volume index=3, package=com.twitter.android
06-14 15:54:24.898 D/AudioManagerExtImpl(18659): getStreamVolume too fast, volume index=16, package=com.facebook.katana
06-14 15:54:24.899 D/OplusAtlasService( 4962): getAttributeByAppName module:oplus-getStreamMaxVolume packageName:com.facebook.katana
06-14 15:54:24.899 D/AudioManagerExtImpl( 7342): getStreamVolume packageName=com.xiaomi.wearable, index=3, streamType=3
06-14 15:54:24.899 D/DisplayManagerService( 2066): Ignore redundant display event 0/4 to 10251/7534
06-14 15:54:24.899 D/DisplayManagerService( 2066): Ignore redundant display event 0/4 to 10524/9983
06-14 15:54:24.899 D/DisplayManagerService( 2066): Ignore redundant display event 0/4 to 10308/13845
06-14 15:54:24.899 D/DisplayManagerService( 2066): Ignore redundant display event 0/4 to 10306/16729
06-14 15:54:24.899 D/DisplayManagerService( 2066): Ignore redundant display event 0/4 to 10275/18659
06-14 15:54:24.899 D/DisplayManagerService( 2066): Ignore redundant display event 0/4 to 10139/20183
06-14 15:54:24.899 D/DisplayManagerService( 2066): Ignore redundant display event 0/4 to 10139/20484
06-14 15:54:24.899 D/DisplayManagerService( 2066): Ignore redundant display event 0/4 to 10296/20868
06-14 15:54:24.900 D/DisplayManagerService( 2066): Ignore redundant display event 0/4 to 10310/21102
06-14 15:54:24.900 D/DisplayManagerService( 2066): Ignore redundant display event 0/4 to 10683/22722
06-14 15:54:24.900 I/MediaSyncManager_7342_32197( 7342): SettingsContentObserver onChange onSync true
06-14 15:54:24.900 D/AudioManagerExtImpl(18659): getStreamVolume too fast, volume index=16, package=com.facebook.katana
06-14 15:54:24.900 D/AudioManagerExtImpl(16729): getStreamVolume too fast, volume index=3, package=com.twitter.android
06-14 15:54:24.900 D/AudioManagerExtImpl(10411): getStreamVolume packageName=com.instagram.barcelona, index=3, streamType=3
06-14 15:54:24.901 D/OplusAtlasService( 4962): getAttributeByAppName module:oplus-getStreamMaxVolume packageName:com.instagram.barcelona
06-14 15:54:24.902 D/UsageStatsService( 2066): User[0] type=0 b=1781420034901 e=1781420074901 cb=1781348849473 ce=1781420063393 disk=0 all=0
06-14 15:54:24.902 D/AudioManagerExtImpl(18659): getStreamVolume too fast, volume index=16, package=com.facebook.katana
06-14 15:54:24.903 D/AudioManagerExtImpl( 5961): getStreamVolume packageName=com.facebook.orca, index=16, streamType=1
06-14 15:54:24.904 D/AudioManagerExtImpl( 7342): getStreamVolume packageName=com.xiaomi.wearable, index=3, streamType=3
06-14 15:54:24.905 D/UsageStatsService( 2066): User[0] type=0 b=1781420034904 e=1781420074904 cb=1781348849473 ce=1781420063393 disk=0 all=0
06-14 15:54:24.906 I/MediaSyncManager_7342_32197( 7342): SettingsContentObserver onChange onSync true
06-14 15:54:24.907 D/DisplayManagerService( 2066): Ignore redundant display event 0/4 to 10251/7534
06-14 15:54:24.907 D/DisplayManagerService( 2066): Ignore redundant display event 0/4 to 10524/9983
06-14 15:54:24.907 D/DisplayManagerService( 2066): Ignore redundant display event 0/4 to 10308/13845
06-14 15:54:24.907 D/DisplayManagerService( 2066): Ignore redundant display event 0/4 to 10306/16729
06-14 15:54:24.907 D/DisplayManagerService( 2066): Ignore redundant display event 0/4 to 10275/18659
06-14 15:54:24.907 D/DisplayManagerService( 2066): Ignore redundant display event 0/4 to 10139/20183
06-14 15:54:24.907 D/DisplayManagerService( 2066): Ignore redundant display event 0/4 to 10139/20484
06-14 15:54:24.907 D/DisplayManagerService( 2066): Ignore redundant display event 0/4 to 10296/20868
06-14 15:54:24.907 D/DisplayManagerService( 2066): Ignore redundant display event 0/4 to 10310/21102
06-14 15:54:24.907 D/DisplayManagerService( 2066): Ignore redundant display event 0/4 to 10683/22722
06-14 15:54:24.908 D/AudioManagerExtImpl(10411): getStreamVolume packageName=com.instagram.barcelona, index=3, streamType=3
06-14 15:54:24.908 D/UsageStatsService( 2066): User[0] type=0 b=1781420034908 e=1781420074908 cb=1781348849473 ce=1781420063393 disk=0 all=0
06-14 15:54:24.909 D/AudioManagerExtImpl(18659): getStreamVolume too fast, volume index=16, package=com.facebook.katana
06-14 15:54:24.910 D/OplusAtlasService( 4962): getAttributeByAppName module:oplus-getStreamMaxVolume packageName:com.instagram.barcelona
06-14 15:54:24.910 D/OplusAtlasService( 4962): getAttributeByAppName module:oplus-getStreamMaxVolume packageName:com.facebook.katana
06-14 15:54:24.910 D/AudioManagerExtImpl( 5961): getStreamVolume packageName=com.facebook.orca, index=16, streamType=1
06-14 15:54:24.910 D/AudioManagerExtImpl( 7342): getStreamVolume packageName=com.xiaomi.wearable, index=3, streamType=3
06-14 15:54:24.910 I/MediaSyncManager_7342_32197( 7342): SettingsContentObserver onChange onSync true
06-14 15:54:24.911 D/AudioManagerExtImpl(18659): getStreamVolume too fast, volume index=16, package=com.facebook.katana
06-14 15:54:24.911 D/AudioManagerExtImpl(16729): getStreamVolume normal, volume index=3
06-14 15:54:24.911 D/AudioManagerExtImpl(16729): getStreamVolume too fast, volume index=3, package=com.twitter.android
06-14 15:54:24.912 D/AudioManagerExtImpl(10411): getStreamVolume packageName=com.instagram.barcelona, index=3, streamType=3
06-14 15:54:24.913 D/AudioManagerExtImpl( 7342): getStreamVolume packageName=com.xiaomi.wearable, index=3, streamType=3
06-14 15:54:24.914 D/OplusAtlasService( 4962): getAttributeByAppName module:oplus-getStreamMaxVolume packageName:com.instagram.barcelona
06-14 15:54:24.916 D/UsageStatsService( 2066): User[0] type=0 b=1781420034915 e=1781420074915 cb=1781348849473 ce=1781420063393 disk=0 all=0
06-14 15:54:24.917 D/DisplayManagerService( 2066): Ignore redundant display event 0/4 to 10251/7534
06-14 15:54:24.918 D/DisplayManagerService( 2066): Ignore redundant display event 0/4 to 10524/9983
06-14 15:54:24.918 D/DisplayManagerService( 2066): Ignore redundant display event 0/4 to 10308/13845
06-14 15:54:24.918 D/DisplayManagerService( 2066): Ignore redundant display event 0/4 to 10306/16729
06-14 15:54:24.918 D/DisplayManagerService( 2066): Ignore redundant display event 0/4 to 10275/18659
06-14 15:54:24.918 D/DisplayManagerService( 2066): Ignore redundant display event 0/4 to 10139/20183
06-14 15:54:24.918 D/DisplayManagerService( 2066): Ignore redundant display event 0/4 to 10139/20484
06-14 15:54:24.918 D/DisplayManagerService( 2066): Ignore redundant display event 0/4 to 10296/20868
06-14 15:54:24.918 D/DisplayManagerService( 2066): Ignore redundant display event 0/4 to 10310/21102
06-14 15:54:24.918 D/DisplayManagerService( 2066): Ignore redundant display event 0/4 to 10683/22722
06-14 15:54:24.918 D/AudioManagerExtImpl(16729): getStreamVolume too fast, volume index=3, package=com.twitter.android
06-14 15:54:24.918 I/MediaSyncManager_7342_32197( 7342): SettingsContentObserver onChange onSync true
06-14 15:54:24.919 D/AudioManagerExtImpl(18659): getStreamVolume too fast, volume index=16, package=com.facebook.katana
06-14 15:54:24.920 D/OplusAtlasService( 4962): getAttributeByAppName module:oplus-getStreamMaxVolume packageName:com.facebook.katana
06-14 15:54:24.920 D/AudioManagerExtImpl(10411): getStreamVolume packageName=com.instagram.barcelona, index=3, streamType=3
06-14 15:54:24.920 D/AudioManagerExtImpl(16729): getStreamVolume too fast, volume index=3, package=com.twitter.android
06-14 15:54:24.921 D/UsageStatsService( 2066): User[0] type=0 b=1781420034920 e=1781420074920 cb=1781348849473 ce=1781420063393 disk=0 all=0
06-14 15:54:24.921 D/AudioManagerExtImpl(18659): getStreamVolume too fast, volume index=16, package=com.facebook.katana
06-14 15:54:24.921 D/OplusAtlasService( 4962): getAttributeByAppName module:oplus-getStreamMaxVolume packageName:com.instagram.barcelona
06-14 15:54:24.922 D/AudioManagerExtImpl( 5961): getStreamVolume packageName=com.facebook.orca, index=16, streamType=1
06-14 15:54:24.922 D/AudioManagerExtImpl( 7342): getStreamVolume packageName=com.xiaomi.wearable, index=3, streamType=3
06-14 15:54:24.922 D/AudioManagerExtImpl(18659): getStreamVolume too fast, volume index=16, package=com.facebook.katana
06-14 15:54:24.922 I/MediaSyncManager_7342_32197( 7342): SettingsContentObserver onChange onSync true
06-14 15:54:24.923 D/UsageStatsService( 2066): User[0] type=0 b=1781420034922 e=1781420074922 cb=1781348849473 ce=1781420063393 disk=0 all=0
06-14 15:54:24.924 D/AudioManagerExtImpl( 7342): getStreamVolume packageName=com.xiaomi.wearable, index=3, streamType=3
06-14 15:54:24.924 D/AudioManagerExtImpl(10411): getStreamVolume packageName=com.instagram.barcelona, index=3, streamType=3
06-14 15:54:24.924 D/OplusAtlasService( 4962): getAttributeByAppName module:oplus-getStreamMaxVolume packageName:com.instagram.barcelona
06-14 15:54:24.925 D/UsageStatsService( 2066): User[0] type=0 b=1781420034924 e=1781420074924 cb=1781348849473 ce=1781420063393 disk=0 all=0
06-14 15:54:24.927 I/MediaSyncManager_7342_32197( 7342): SettingsContentObserver onChange onSync true
06-14 15:54:24.929 D/DisplayManagerService( 2066): Ignore redundant display event 0/4 to 10251/7534
06-14 15:54:24.929 D/DisplayManagerService( 2066): Ignore redundant display event 0/4 to 10524/9983
06-14 15:54:24.929 D/DisplayManagerService( 2066): Ignore redundant display event 0/4 to 10308/13845
06-14 15:54:24.929 D/DisplayManagerService( 2066): Ignore redundant display event 0/4 to 10306/16729
06-14 15:54:24.929 D/DisplayManagerService( 2066): Ignore redundant display event 0/4 to 10275/18659
06-14 15:54:24.929 D/DisplayManagerService( 2066): Ignore redundant display event 0/4 to 10139/20183
06-14 15:54:24.929 D/DisplayManagerService( 2066): Ignore redundant display event 0/4 to 10139/20484
06-14 15:54:24.929 D/DisplayManagerService( 2066): Ignore redundant display event 0/4 to 10296/20868
06-14 15:54:24.929 D/DisplayManagerService( 2066): Ignore redundant display event 0/4 to 10310/21102
06-14 15:54:24.929 D/DisplayManagerService( 2066): Ignore redundant display event 0/4 to 10683/22722
06-14 15:54:24.929 D/AudioManagerExtImpl(16729): getStreamVolume too fast, volume index=3, package=com.twitter.android
06-14 15:54:24.929 D/AudioManagerExtImpl(16729): getStreamVolume too fast, volume index=3, package=com.twitter.android
06-14 15:54:24.929 D/AudioManagerExtImpl(18659): getStreamVolume too fast, volume index=16, package=com.facebook.katana
06-14 15:54:24.930 D/UsageStatsService( 2066): User[0] type=0 b=1781420034928 e=1781420074928 cb=1781348849473 ce=1781420063393 disk=0 all=0
06-14 15:54:24.930 D/AudioManagerExtImpl(10411): getStreamVolume packageName=com.instagram.barcelona, index=3, streamType=3
06-14 15:54:24.931 D/OplusAtlasService( 4962): getAttributeByAppName module:oplus-getStreamMaxVolume packageName:com.facebook.katana
06-14 15:54:24.931 D/OplusAtlasService( 4962): getAttributeByAppName module:oplus-getStreamMaxVolume packageName:com.instagram.barcelona
06-14 15:54:24.931 D/AudioManagerExtImpl( 7342): getStreamVolume packageName=com.xiaomi.wearable, index=3, streamType=3
06-14 15:54:24.932 D/AudioManagerExtImpl( 5961): getStreamVolume packageName=com.facebook.orca, index=16, streamType=1
06-14 15:54:24.932 D/UsageStatsService( 2066): User[0] type=0 b=1781420034931 e=1781420074931 cb=1781348849473 ce=1781420063393 disk=0 all=0
06-14 15:54:24.932 I/MediaSyncManager_7342_32197( 7342): SettingsContentObserver onChange onSync true
06-14 15:54:24.934 D/AudioManagerExtImpl(18659): getStreamVolume normal, volume index=16
06-14 15:54:24.934 D/AudioManagerExtImpl(18659): getStreamVolume too fast, volume index=16, package=com.facebook.katana
06-14 15:54:24.935 D/AudioManagerExtImpl( 7342): getStreamVolume packageName=com.xiaomi.wearable, index=3, streamType=3
06-14 15:54:24.936 D/AudioManagerExtImpl(10411): getStreamVolume packageName=com.instagram.barcelona, index=3, streamType=3
06-14 15:54:24.936 D/OplusAtlasService( 4962): getAttributeByAppName module:oplus-getStreamMaxVolume packageName:com.instagram.barcelona
06-14 15:54:24.936 D/UsageStatsService( 2066): User[0] type=0 b=1781420034933 e=1781420074933 cb=1781348849473 ce=1781420063393 disk=0 all=0
06-14 15:54:24.938 I/MediaSyncManager_7342_32197( 7342): SettingsContentObserver onChange onSync true
06-14 15:54:24.940 D/DisplayManagerService( 2066): Ignore redundant display event 0/4 to 10251/7534
06-14 15:54:24.940 D/DisplayManagerService( 2066): Ignore redundant display event 0/4 to 10524/9983
06-14 15:54:24.940 D/DisplayManagerService( 2066): Ignore redundant display event 0/4 to 10308/13845
06-14 15:54:24.940 D/DisplayManagerService( 2066): Ignore redundant display event 0/4 to 10306/16729
06-14 15:54:24.940 D/DisplayManagerService( 2066): Ignore redundant display event 0/4 to 10275/18659
06-14 15:54:24.940 D/DisplayManagerService( 2066): Ignore redundant display event 0/4 to 10139/20183
06-14 15:54:24.940 D/DisplayManagerService( 2066): Ignore redundant display event 0/4 to 10139/20484
06-14 15:54:24.940 D/DisplayManagerService( 2066): Ignore redundant display event 0/4 to 10296/20868
06-14 15:54:24.940 D/DisplayManagerService( 2066): Ignore redundant display event 0/4 to 10310/21102
06-14 15:54:24.940 D/DisplayManagerService( 2066): Ignore redundant display event 0/4 to 10683/22722
06-14 15:54:24.940 D/AudioManagerExtImpl(18659): getStreamVolume too fast, volume index=16, package=com.facebook.katana
06-14 15:54:24.940 D/AudioManagerExtImpl( 7342): getStreamVolume packageName=com.xiaomi.wearable, index=3, streamType=3
06-14 15:54:24.940 D/AudioManagerExtImpl(10411): getStreamVolume packageName=com.instagram.barcelona, index=3, streamType=3
06-14 15:54:24.940 D/UsageStatsService( 2066): User[0] type=0 b=1781420034937 e=1781420074937 cb=1781348849473 ce=1781420063393 disk=0 all=0
06-14 15:54:24.940 D/OplusAtlasService( 4962): getAttributeByAppName module:oplus-getStreamMaxVolume packageName:com.instagram.barcelona
06-14 15:54:24.941 D/UsageStatsService( 2066): User[0] type=0 b=1781420034941 e=1781420074941 cb=1781348849473 ce=1781420063393 disk=0 all=0
06-14 15:54:24.942 I/MediaSyncManager_7342_32197( 7342): SettingsContentObserver onChange onSync true
06-14 15:54:24.942 D/OplusAtlasService( 4962): getAttributeByAppName module:oplus-getStreamMaxVolume packageName:com.facebook.katana
06-14 15:54:24.944 D/UsageStatsService( 2066): User[0] type=0 b=1781420034943 e=1781420074943 cb=1781348849473 ce=1781420063393 disk=0 all=0
06-14 15:54:24.944 D/AudioManagerExtImpl(16729): getStreamVolume too fast, volume index=3, package=com.twitter.android
06-14 15:54:24.944 D/AudioManagerExtImpl( 7342): getStreamVolume packageName=com.xiaomi.wearable, index=3, streamType=3
06-14 15:54:24.944 D/AudioManagerExtImpl(18659): getStreamVolume too fast, volume index=16, package=com.facebook.katana
06-14 15:54:24.945 D/AudioManagerExtImpl(10411): getStreamVolume packageName=com.instagram.barcelona, index=3, streamType=3
06-14 15:54:24.945 D/OplusAtlasService( 4962): getAttributeByAppName module:oplus-getStreamMaxVolume packageName:com.instagram.barcelona
06-14 15:54:24.946 D/AudioManagerExtImpl(16729): getStreamVolume too fast, volume index=3, package=com.twitter.android
06-14 15:54:24.946 D/OplusAtlasService( 4962): getAttributeByAppName module:oplus-getStreamMaxVolume packageName:com.facebook.katana
06-14 15:54:24.946 D/AudioManagerExtImpl(18659): getStreamVolume too fast, volume index=16, package=com.facebook.katana
06-14 15:54:24.946 D/AudioManagerExtImpl( 5961): getStreamVolume packageName=com.facebook.orca, index=16, streamType=1
06-14 15:54:24.947 D/UsageStatsService( 2066): User[0] type=0 b=1781420034944 e=1781420074944 cb=1781348849473 ce=1781420063393 disk=0 all=0
06-14 15:54:24.948 D/AudioManagerExtImpl(18659): getStreamVolume too fast, volume index=16, package=com.facebook.katana
06-14 15:54:24.948 D/AudioManagerExtImpl(10411): getStreamVolume packageName=com.instagram.barcelona, index=3, streamType=3
06-14 15:54:24.948 D/UsageStatsService( 2066): User[0] type=0 b=1781420034947 e=1781420074947 cb=1781348849473 ce=1781420063393 disk=0 all=0
06-14 15:54:24.949 D/OplusAtlasService( 4962): getAttributeByAppName module:oplus-getStreamMaxVolume packageName:com.instagram.barcelona
06-14 15:54:24.950 D/UsageStatsService( 2066): User[0] type=0 b=1781420034950 e=1781420074950 cb=1781348849473 ce=1781420063393 disk=0 all=0
06-14 15:54:24.951 I/MediaSyncManager_7342_32197( 7342): SettingsContentObserver onChange onSync true
06-14 15:54:24.952 D/AudioManagerExtImpl(10411): getStreamVolume packageName=com.instagram.barcelona, index=3, streamType=3
06-14 15:54:24.952 D/OplusAtlasService( 4962): getAttributeByAppName module:oplus-getStreamMaxVolume packageName:com.instagram.barcelona
06-14 15:54:24.952 D/UsageStatsService( 2066): User[0] type=0 b=1781420034951 e=1781420074951 cb=1781348849473 ce=1781420063393 disk=0 all=0
06-14 15:54:24.953 D/AudioManagerExtImpl( 7342): getStreamVolume packageName=com.xiaomi.wearable, index=3, streamType=3
06-14 15:54:24.955 D/DisplayManagerService( 2066): Ignore redundant display event 0/4 to 10251/7534
06-14 15:54:24.955 D/DisplayManagerService( 2066): Ignore redundant display event 0/4 to 10524/9983
06-14 15:54:24.955 D/DisplayManagerService( 2066): Ignore redundant display event 0/4 to 10308/13845
06-14 15:54:24.955 D/DisplayManagerService( 2066): Ignore redundant display event 0/4 to 10306/16729
06-14 15:54:24.955 D/DisplayManagerService( 2066): Ignore redundant display event 0/4 to 10275/18659
06-14 15:54:24.955 D/DisplayManagerService( 2066): Ignore redundant display event 0/4 to 10139/20183
06-14 15:54:24.955 D/DisplayManagerService( 2066): Ignore redundant display event 0/4 to 10139/20484
06-14 15:54:24.955 D/DisplayManagerService( 2066): Ignore redundant display event 0/4 to 10296/20868
06-14 15:54:24.955 D/DisplayManagerService( 2066): Ignore redundant display event 0/4 to 10310/21102
06-14 15:54:24.955 D/DisplayManagerService( 2066): Ignore redundant display event 0/4 to 10683/22722
06-14 15:54:24.955 D/UsageStatsService( 2066): User[0] type=0 b=1781420034955 e=1781420074955 cb=1781348849473 ce=1781420063393 disk=0 all=0
06-14 15:54:24.956 D/AudioManagerExtImpl(18659): getStreamVolume too fast, volume index=16, package=com.facebook.katana
06-14 15:54:24.957 D/UsageStatsService( 2066): User[0] type=0 b=1781420034956 e=1781420074956 cb=1781348849473 ce=1781420063393 disk=0 all=0
06-14 15:54:24.957 I/MediaSyncManager_7342_32197( 7342): SettingsContentObserver onChange onSync true
06-14 15:54:24.957 D/OplusAtlasService( 4962): getAttributeByAppName module:oplus-getStreamMaxVolume packageName:com.facebook.katana
06-14 15:54:24.958 D/AudioManagerExtImpl(18659): getStreamVolume too fast, volume index=16, package=com.facebook.katana
06-14 15:54:24.958 D/AudioManagerExtImpl(10411): getStreamVolume packageName=com.instagram.barcelona, index=3, streamType=3
06-14 15:54:24.959 D/AudioManagerExtImpl(18659): getStreamVolume too fast, volume index=16, package=com.facebook.katana
06-14 15:54:24.959 D/AudioManagerExtImpl( 5961): getStreamVolume packageName=com.facebook.orca, index=16, streamType=1
06-14 15:54:24.960 D/UsageStatsService( 2066): User[0] type=0 b=1781420034958 e=1781420074958 cb=1781348849473 ce=1781420063393 disk=0 all=0
06-14 15:54:24.960 D/AudioManagerExtImpl(16729): getStreamVolume normal, volume index=3
06-14 15:54:24.960 D/AudioManagerExtImpl(16729): getStreamVolume too fast, volume index=3, package=com.twitter.android
06-14 15:54:24.960 D/OplusAtlasService( 4962): getAttributeByAppName module:oplus-getStreamMaxVolume packageName:com.facebook.katana
06-14 15:54:24.961 D/AudioManagerExtImpl(18659): getStreamVolume too fast, volume index=16, package=com.facebook.katana
06-14 15:54:24.961 D/UsageStatsService( 2066): User[0] type=0 b=1781420034960 e=1781420074960 cb=1781348849473 ce=1781420063393 disk=0 all=0
06-14 15:54:24.961 D/OplusAtlasService( 4962): getAttributeByAppName module:oplus-getStreamMaxVolume packageName:com.instagram.barcelona
06-14 15:54:24.962 D/AudioManagerExtImpl( 7342): getStreamVolume packageName=com.xiaomi.wearable, index=3, streamType=3
06-14 15:54:24.962 D/UsageStatsService( 2066): User[0] type=0 b=1781420034962 e=1781420074962 cb=1781348849473 ce=1781420063393 disk=0 all=0
06-14 15:54:24.965 D/DisplayManagerService( 2066): Ignore redundant display event 0/4 to 10251/7534
06-14 15:54:24.965 D/DisplayManagerService( 2066): Ignore redundant display event 0/4 to 10524/9983
06-14 15:54:24.965 D/DisplayManagerService( 2066): Ignore redundant display event 0/4 to 10308/13845
06-14 15:54:24.965 D/DisplayManagerService( 2066): Ignore redundant display event 0/4 to 10306/16729
06-14 15:54:24.965 D/DisplayManagerService( 2066): Ignore redundant display event 0/4 to 10275/18659
06-14 15:54:24.965 D/DisplayManagerService( 2066): Ignore redundant display event 0/4 to 10139/20183
06-14 15:54:24.965 D/DisplayManagerService( 2066): Ignore redundant display event 0/4 to 10139/20484
06-14 15:54:24.965 D/DisplayManagerService( 2066): Ignore redundant display event 0/4 to 10296/20868
06-14 15:54:24.965 D/DisplayManagerService( 2066): Ignore redundant display event 0/4 to 10310/21102
06-14 15:54:24.965 D/DisplayManagerService( 2066): Ignore redundant display event 0/4 to 10683/22722
06-14 15:54:24.966 I/MediaSyncManager_7342_32197( 7342): SettingsContentObserver onChange onSync true
06-14 15:54:24.966 D/UsageStatsService( 2066): User[0] type=0 b=1781420034964 e=1781420074964 cb=1781348849473 ce=1781420063393 disk=0 all=0
06-14 15:54:24.966 D/AudioManagerExtImpl(16729): getStreamVolume too fast, volume index=3, package=com.twitter.android
06-14 15:54:24.966 D/AudioManagerExtImpl(16729): getStreamVolume too fast, volume index=3, package=com.twitter.android
06-14 15:54:24.967 D/AudioManagerExtImpl( 7342): getStreamVolume packageName=com.xiaomi.wearable, index=3, streamType=3
06-14 15:54:24.967 D/UsageStatsService( 2066): User[0] type=0 b=1781420034966 e=1781420074966 cb=1781348849473 ce=1781420063393 disk=0 all=0
06-14 15:54:24.967 I/MediaSyncManager_7342_18313( 7342): SettingsContentObserver onChange onSync true
06-14 15:54:24.967 D/AudioManagerExtImpl(10411): getStreamVolume packageName=com.instagram.barcelona, index=3, streamType=3
06-14 15:54:24.967 D/AudioManagerExtImpl(18659): getStreamVolume too fast, volume index=16, package=com.facebook.katana
06-14 15:54:24.968 D/OplusAtlasService( 4962): getAttributeByAppName module:oplus-getStreamMaxVolume packageName:com.facebook.katana
06-14 15:54:24.968 D/OplusAtlasService( 4962): getAttributeByAppName module:oplus-getStreamMaxVolume packageName:com.instagram.barcelona
06-14 15:54:24.968 D/AudioManagerExtImpl(18659): getStreamVolume too fast, volume index=16, package=com.facebook.katana
06-14 15:54:24.970 W/SettingsProvider( 2066): notifyForSettingsChange delay for screen_brightness, value: 863, delta: 8, lastNotifyTimestamp: 355419693, minInterval: 10
06-14 15:54:24.971 W/SettingsProvider( 2066): notifyForSettingsChange delay for actual_screen_brightness, value: 863, delta: 8, lastNotifyTimestamp: 355419694, minInterval: 10
06-14 15:54:24.971 D/AudioManagerExtImpl( 5961): getStreamVolume packageName=com.facebook.orca, index=16, streamType=1
06-14 15:54:24.971 D/AudioManagerExtImpl(10411): getStreamVolume packageName=com.instagram.barcelona, index=3, streamType=3
06-14 15:54:24.972 D/UsageStatsService( 2066): User[0] type=0 b=1781420034971 e=1781420074971 cb=1781348849473 ce=1781420063393 disk=0 all=0
06-14 15:54:24.972 D/AudioManagerExtImpl( 7342): getStreamVolume packageName=com.xiaomi.wearable, index=3, streamType=3
06-14 15:54:24.972 D/OplusAtlasService( 4962): getAttributeByAppName module:oplus-getStreamMaxVolume packageName:com.instagram.barcelona
06-14 15:54:24.973 I/MediaSyncManager_7342_18313( 7342): SettingsContentObserver onChange onSync true
06-14 15:54:24.975 D/AudioManagerExtImpl( 7342): getStreamVolume packageName=com.xiaomi.wearable, index=3, streamType=3
06-14 15:54:24.975 D/AudioManagerExtImpl(16729): getStreamVolume too fast, volume index=3, package=com.twitter.android
06-14 15:54:24.975 D/DisplayManagerService( 2066): Ignore redundant display event 0/4 to 10251/7534
06-14 15:54:24.975 D/DisplayManagerService( 2066): Ignore redundant display event 0/4 to 10524/9983
06-14 15:54:24.975 D/DisplayManagerService( 2066): Ignore redundant display event 0/4 to 10308/13845
06-14 15:54:24.975 D/DisplayManagerService( 2066): Ignore redundant display event 0/4 to 10306/16729
06-14 15:54:24.975 D/DisplayManagerService( 2066): Ignore redundant display event 0/4 to 10275/18659
06-14 15:54:24.975 D/DisplayManagerService( 2066): Ignore redundant display event 0/4 to 10139/20183
06-14 15:54:24.975 D/DisplayManagerService( 2066): Ignore redundant display event 0/4 to 10139/20484
06-14 15:54:24.975 D/DisplayManagerService( 2066): Ignore redundant display event 0/4 to 10296/20868
06-14 15:54:24.975 D/DisplayManagerService( 2066): Ignore redundant display event 0/4 to 10310/21102
06-14 15:54:24.975 D/DisplayManagerService( 2066): Ignore redundant display event 0/4 to 10683/22722
06-14 15:54:24.976 D/OplusAtlasService( 4962): getAttributeByAppName module:oplus-getStreamMaxVolume packageName:com.facebook.katana
06-14 15:54:24.977 D/AudioManagerExtImpl(18659): getStreamVolume normal, volume index=16
06-14 15:54:24.977 D/AudioManagerExtImpl(18659): getStreamVolume too fast, volume index=16, package=com.facebook.katana
06-14 15:54:24.977 D/AudioManagerExtImpl( 5961): getStreamVolume packageName=com.facebook.orca, index=16, streamType=1
06-14 15:54:24.978 I/MediaSyncManager_7342_18313( 7342): SettingsContentObserver onChange onSync true
06-14 15:54:24.978 D/AudioManagerExtImpl(10411): getStreamVolume packageName=com.instagram.barcelona, index=3, streamType=3
06-14 15:54:24.978 D/OplusAtlasService( 4962): getAttributeByAppName module:oplus-getStreamMaxVolume packageName:com.instagram.barcelona
06-14 15:54:24.980 D/AudioManagerExtImpl(16729): getStreamVolume too fast, volume index=3, package=com.twitter.android
06-14 15:54:24.980 D/AudioManagerExtImpl(18659): getStreamVolume too fast, volume index=16, package=com.facebook.katana
06-14 15:54:24.981 D/AudioManagerExtImpl( 7342): getStreamVolume packageName=com.xiaomi.wearable, index=3, streamType=3
06-14 15:54:24.982 D/AudioManagerExtImpl(10411): getStreamVolume packageName=com.instagram.barcelona, index=3, streamType=3
06-14 15:54:24.982 D/OplusAtlasService( 4962): getAttributeByAppName module:oplus-getStreamMaxVolume packageName:com.facebook.katana
06-14 15:54:24.982 W/SettingsProvider( 2066): notifyForSettingsChange delay for actual_screen_brightness, value: 881, delta: 9, lastNotifyTimestamp: 355419704, minInterval: 10
06-14 15:54:24.982 D/OplusAtlasService( 4962): getAttributeByAppName module:oplus-getStreamMaxVolume packageName:com.instagram.barcelona
06-14 15:54:24.982 D/AudioManagerExtImpl( 5961): getStreamVolume packageName=com.facebook.orca, index=16, streamType=1
06-14 15:54:24.983 D/AudioManagerExtImpl(18659): getStreamVolume too fast, volume index=16, package=com.facebook.katana
06-14 15:54:24.983 I/MediaSyncManager_7342_18313( 7342): SettingsContentObserver onChange onSync true
06-14 15:54:24.985 D/AudioManagerExtImpl( 7342): getStreamVolume packageName=com.xiaomi.wearable, index=3, streamType=3
06-14 15:54:24.985 D/DisplayManagerService( 2066): Ignore redundant display event 0/4 to 10251/7534
06-14 15:54:24.985 D/DisplayManagerService( 2066): Ignore redundant display event 0/4 to 10524/9983
06-14 15:54:24.985 D/DisplayManagerService( 2066): Ignore redundant display event 0/4 to 10308/13845
06-14 15:54:24.985 D/DisplayManagerService( 2066): Ignore redundant display event 0/4 to 10306/16729
06-14 15:54:24.985 D/DisplayManagerService( 2066): Ignore redundant display event 0/4 to 10275/18659
06-14 15:54:24.985 D/DisplayManagerService( 2066): Ignore redundant display event 0/4 to 10139/20183
06-14 15:54:24.985 D/DisplayManagerService( 2066): Ignore redundant display event 0/4 to 10139/20484
06-14 15:54:24.985 D/DisplayManagerService( 2066): Ignore redundant display event 0/4 to 10296/20868
06-14 15:54:24.985 D/DisplayManagerService( 2066): Ignore redundant display event 0/4 to 10310/21102
06-14 15:54:24.985 D/DisplayManagerService( 2066): Ignore redundant display event 0/4 to 10683/22722
06-14 15:54:24.986 I/MediaSyncManager_7342_18313( 7342): SettingsContentObserver onChange onSync true
06-14 15:54:24.986 D/AudioManagerExtImpl(16729): getStreamVolume too fast, volume index=3, package=com.twitter.android
06-14 15:54:24.986 D/AudioManagerExtImpl(18659): getStreamVolume too fast, volume index=16, package=com.facebook.katana
06-14 15:54:24.987 D/AudioManagerExtImpl(18659): getStreamVolume too fast, volume index=16, package=com.facebook.katana
06-14 15:54:24.988 D/AudioManagerExtImpl(16729): getStreamVolume too fast, volume index=3, package=com.twitter.android
06-14 15:54:24.988 D/OplusAtlasService( 4962): getAttributeByAppName module:oplus-getStreamMaxVolume packageName:com.facebook.katana
06-14 15:54:24.989 D/AudioManagerExtImpl(10411): getStreamVolume packageName=com.instagram.barcelona, index=3, streamType=3
06-14 15:54:24.989 D/OplusAtlasService( 4962): getAttributeByAppName module:oplus-getStreamMaxVolume packageName:com.instagram.barcelona
06-14 15:54:24.989 D/AudioManagerExtImpl(18659): getStreamVolume too fast, volume index=16, package=com.facebook.katana
06-14 15:54:24.990 D/AudioManagerExtImpl( 5961): getStreamVolume packageName=com.facebook.orca, index=16, streamType=1
06-14 15:54:24.990 D/AudioManagerExtImpl( 7342): getStreamVolume packageName=com.xiaomi.wearable, index=3, streamType=3
06-14 15:54:24.992 D/AudioManagerExtImpl(10411): getStreamVolume packageName=com.instagram.barcelona, index=3, streamType=3
06-14 15:54:24.994 D/OplusAtlasService( 4962): getAttributeByAppName module:oplus-getStreamMaxVolume packageName:com.instagram.barcelona
06-14 15:54:24.996 I/MediaSyncManager_7342_18313( 7342): SettingsContentObserver onChange onSync true
06-14 15:54:24.997 D/OplusAtlasService( 4962): getAttributeByAppName module:oplus-getStreamMaxVolume packageName:com.facebook.katana
06-14 15:54:24.998 D/DisplayManagerService( 2066): Ignore redundant display event 0/4 to 10251/7534
06-14 15:54:24.998 D/DisplayManagerService( 2066): Ignore redundant display event 0/4 to 10524/9983
06-14 15:54:24.998 D/DisplayManagerService( 2066): Ignore redundant display event 0/4 to 10308/13845
06-14 15:54:24.998 D/DisplayManagerService( 2066): Ignore redundant display event 0/4 to 10306/16729
06-14 15:54:24.998 D/AudioManagerExtImpl(16729): getStreamVolume too fast, volume index=3, package=com.twitter.android
06-14 15:54:24.998 D/DisplayManagerService( 2066): Ignore redundant display event 0/4 to 10275/18659
06-14 15:54:24.998 D/DisplayManagerService( 2066): Ignore redundant display event 0/4 to 10139/20183
06-14 15:54:24.998 D/DisplayManagerService( 2066): Ignore redundant display event 0/4 to 10139/20484
06-14 15:54:24.998 D/DisplayManagerService( 2066): Ignore redundant display event 0/4 to 10296/20868
06-14 15:54:24.998 D/DisplayManagerService( 2066): Ignore redundant display event 0/4 to 10310/21102
06-14 15:54:24.998 D/AudioManagerExtImpl(16729): getStreamVolume too fast, volume index=3, package=com.twitter.android
06-14 15:54:24.998 D/DisplayManagerService( 2066): Ignore redundant display event 0/4 to 10683/22722
06-14 15:54:24.998 D/AudioManagerExtImpl(18659): getStreamVolume too fast, volume index=16, package=com.facebook.katana
06-14 15:54:24.998 D/AudioManagerExtImpl(18659): getStreamVolume too fast, volume index=16, package=com.facebook.katana
06-14 15:54:24.999 D/AudioManagerExtImpl( 7342): getStreamVolume packageName=com.xiaomi.wearable, index=3, streamType=3
06-14 15:54:24.999 I/MediaSyncManager_7342_18313( 7342): SettingsContentObserver onChange onSync true
06-14 15:54:24.999 D/AudioManagerExtImpl( 5961): getStreamVolume packageName=com.facebook.orca, index=16, streamType=1
06-14 15:54:25.000 D/AudioManagerExtImpl(10411): getStreamVolume packageName=com.instagram.barcelona, index=3, streamType=3
06-14 15:54:25.000 D/AudioManagerExtImpl( 7342): getStreamVolume packageName=com.xiaomi.wearable, index=3, streamType=3
06-14 15:54:25.001 D/OplusAtlasService( 4962): getAttributeByAppName module:oplus-getStreamMaxVolume packageName:com.instagram.barcelona
06-14 15:54:25.002 D/AudioManagerExtImpl(10411): getStreamVolume packageName=com.instagram.barcelona, index=3, streamType=3
06-14 15:54:25.003 D/OplusAtlasService( 4962): getAttributeByAppName module:oplus-getStreamMaxVolume packageName:com.instagram.barcelona
06-14 15:54:25.007 I/MediaSyncManager_7342_18313( 7342): SettingsContentObserver onChange onSync true
06-14 15:54:25.008 D/AudioManagerExtImpl(18659): getStreamVolume too fast, volume index=16, package=com.facebook.katana
06-14 15:54:25.008 D/DisplayManagerService( 2066): Ignore redundant display event 0/4 to 10251/7534
06-14 15:54:25.008 D/DisplayManagerService( 2066): Ignore redundant display event 0/4 to 10524/9983
06-14 15:54:25.008 D/DisplayManagerService( 2066): Ignore redundant display event 0/4 to 10308/13845
06-14 15:54:25.008 D/DisplayManagerService( 2066): Ignore redundant display event 0/4 to 10306/16729
06-14 15:54:25.008 D/DisplayManagerService( 2066): Ignore redundant display event 0/4 to 10275/18659
06-14 15:54:25.008 D/DisplayManagerService( 2066): Ignore redundant display event 0/4 to 10139/20183
06-14 15:54:25.008 D/DisplayManagerService( 2066): Ignore redundant display event 0/4 to 10139/20484
06-14 15:54:25.008 D/DisplayManagerService( 2066): Ignore redundant display event 0/4 to 10296/20868
06-14 15:54:25.008 D/DisplayManagerService( 2066): Ignore redundant display event 0/4 to 10310/21102
06-14 15:54:25.008 D/DisplayManagerService( 2066): Ignore redundant display event 0/4 to 10683/22722
06-14 15:54:25.008 D/OplusAtlasService( 4962): getAttributeByAppName module:oplus-getStreamMaxVolume packageName:com.facebook.katana
06-14 15:54:25.008 D/AudioManagerExtImpl(10411): getStreamVolume packageName=com.instagram.barcelona, index=3, streamType=3
06-14 15:54:25.010 D/OplusAtlasService( 4962): getAttributeByAppName module:oplus-getStreamMaxVolume packageName:com.instagram.barcelona
06-14 15:54:25.010 D/AudioManagerExtImpl(18659): getStreamVolume too fast, volume index=16, package=com.facebook.katana
06-14 15:54:25.011 D/AudioManagerExtImpl(18659): getStreamVolume too fast, volume index=16, package=com.facebook.katana
06-14 15:54:25.011 D/AudioManagerExtImpl( 7342): getStreamVolume packageName=com.xiaomi.wearable, index=3, streamType=3
06-14 15:54:25.011 D/AudioManagerExtImpl( 5961): getStreamVolume packageName=com.facebook.orca, index=16, streamType=1
06-14 15:54:25.011 D/AudioManagerExtImpl(16729): getStreamVolume normal, volume index=3
06-14 15:54:25.011 I/MediaSyncManager_7342_32197( 7342): SettingsContentObserver onChange onSync true
06-14 15:54:25.011 D/AudioManagerExtImpl(16729): getStreamVolume too fast, volume index=3, package=com.twitter.android
06-14 15:54:25.014 D/AudioManagerExtImpl( 7342): getStreamVolume packageName=com.xiaomi.wearable, index=3, streamType=3
06-14 15:54:25.014 D/OplusAtlasService( 4962): getAttributeByAppName module:oplus-getStreamMaxVolume packageName:com.facebook.katana
06-14 15:54:25.014 D/AudioManagerExtImpl(10411): getStreamVolume packageName=com.instagram.barcelona, index=3, streamType=3
06-14 15:54:25.015 D/AudioManagerExtImpl(18659): getStreamVolume too fast, volume index=16, package=com.facebook.katana
06-14 15:54:25.015 D/OplusAtlasService( 4962): getAttributeByAppName module:oplus-getStreamMaxVolume packageName:com.instagram.barcelona
06-14 15:54:25.016 I/MediaSyncManager_7342_32197( 7342): SettingsContentObserver onChange onSync true
06-14 15:54:25.018 D/DisplayManagerService( 2066): Ignore redundant display event 0/4 to 10251/7534
06-14 15:54:25.018 D/DisplayManagerService( 2066): Ignore redundant display event 0/4 to 10524/9983
06-14 15:54:25.018 D/DisplayManagerService( 2066): Ignore redundant display event 0/4 to 10308/13845
06-14 15:54:25.018 D/DisplayManagerService( 2066): Ignore redundant display event 0/4 to 10306/16729
06-14 15:54:25.018 D/DisplayManagerService( 2066): Ignore redundant display event 0/4 to 10275/18659
06-14 15:54:25.018 D/DisplayManagerService( 2066): Ignore redundant display event 0/4 to 10139/20183
06-14 15:54:25.018 D/DisplayManagerService( 2066): Ignore redundant display event 0/4 to 10139/20484
06-14 15:54:25.018 D/DisplayManagerService( 2066): Ignore redundant display event 0/4 to 10296/20868
06-14 15:54:25.018 D/DisplayManagerService( 2066): Ignore redundant display event 0/4 to 10310/21102
06-14 15:54:25.018 D/DisplayManagerService( 2066): Ignore redundant display event 0/4 to 10683/22722
06-14 15:54:25.019 D/AudioManagerExtImpl( 7342): getStreamVolume packageName=com.xiaomi.wearable, index=3, streamType=3
06-14 15:54:25.019 I/MediaSyncManager_7342_32197( 7342): SettingsContentObserver onChange onSync true
06-14 15:54:25.020 D/AudioManagerExtImpl(16729): getStreamVolume too fast, volume index=3, package=com.twitter.android
06-14 15:54:25.020 D/AudioManagerExtImpl(16729): getStreamVolume too fast, volume index=3, package=com.twitter.android
06-14 15:54:25.021 D/AudioManagerExtImpl( 5961): getStreamVolume packageName=com.facebook.orca, index=16, streamType=1
06-14 15:54:25.022 D/OplusAtlasService( 4962): getAttributeByAppName module:oplus-getStreamMaxVolume packageName:com.facebook.katana
06-14 15:54:25.022 D/AudioManagerExtImpl( 7342): getStreamVolume packageName=com.xiaomi.wearable, index=3, streamType=3
06-14 15:54:25.022 D/AudioManagerExtImpl(18659): getStreamVolume normal, volume index=16
06-14 15:54:25.022 D/AudioManagerExtImpl(10411): getStreamVolume packageName=com.instagram.barcelona, index=3, streamType=3
06-14 15:54:25.023 D/AudioManagerExtImpl(18659): getStreamVolume too fast, volume index=16, package=com.facebook.katana
06-14 15:54:25.023 D/OplusAtlasService( 4962): getAttributeByAppName module:oplus-getStreamMaxVolume packageName:com.instagram.barcelona
06-14 15:54:25.024 D/AudioManagerExtImpl(10411): getStreamVolume packageName=com.instagram.barcelona, index=3, streamType=3
06-14 15:54:25.026 D/OplusAtlasService( 4962): getAttributeByAppName module:oplus-getStreamMaxVolume packageName:com.instagram.barcelona
06-14 15:54:25.028 I/MediaSyncManager_7342_32197( 7342): SettingsContentObserver onChange onSync true
06-14 15:54:25.030 D/DisplayManagerService( 2066): Ignore redundant display event 0/4 to 10251/7534
06-14 15:54:25.030 D/DisplayManagerService( 2066): Ignore redundant display event 0/4 to 10524/9983
06-14 15:54:25.030 D/DisplayManagerService( 2066): Ignore redundant display event 0/4 to 10308/13845
06-14 15:54:25.030 D/DisplayManagerService( 2066): Ignore redundant display event 0/4 to 10306/16729
06-14 15:54:25.030 D/DisplayManagerService( 2066): Ignore redundant display event 0/4 to 10275/18659
06-14 15:54:25.030 D/DisplayManagerService( 2066): Ignore redundant display event 0/4 to 10139/20183
06-14 15:54:25.030 D/DisplayManagerService( 2066): Ignore redundant display event 0/4 to 10139/20484
06-14 15:54:25.030 D/DisplayManagerService( 2066): Ignore redundant display event 0/4 to 10296/20868
06-14 15:54:25.030 D/DisplayManagerService( 2066): Ignore redundant display event 0/4 to 10310/21102
06-14 15:54:25.030 D/DisplayManagerService( 2066): Ignore redundant display event 0/4 to 10683/22722
06-14 15:54:25.030 D/AudioManagerExtImpl(10411): getStreamVolume packageName=com.instagram.barcelona, index=3, streamType=3
06-14 15:54:25.030 D/AudioManagerExtImpl( 7342): getStreamVolume packageName=com.xiaomi.wearable, index=3, streamType=3
06-14 15:54:25.030 D/OplusAtlasService( 4962): getAttributeByAppName module:oplus-getStreamMaxVolume packageName:com.instagram.barcelona
06-14 15:54:25.031 I/MediaSyncManager_7342_32197( 7342): SettingsContentObserver onChange onSync true
06-14 15:54:25.031 D/OplusAtlasService( 4962): getAttributeByAppName module:oplus-getStreamMaxVolume packageName:com.facebook.katana
06-14 15:54:25.032 D/AudioManagerExtImpl(18659): getStreamVolume too fast, volume index=16, package=com.facebook.katana
06-14 15:54:25.032 D/AudioManagerExtImpl( 7342): getStreamVolume packageName=com.xiaomi.wearable, index=3, streamType=3
06-14 15:54:25.032 D/AudioManagerExtImpl(18659): getStreamVolume too fast, volume index=16, package=com.facebook.katana
06-14 15:54:25.033 D/AudioManagerExtImpl(16729): getStreamVolume too fast, volume index=3, package=com.twitter.android
06-14 15:54:25.033 D/AudioManagerExtImpl(16729): getStreamVolume too fast, volume index=3, package=com.twitter.android
06-14 15:54:25.034 D/AudioManagerExtImpl(10411): getStreamVolume packageName=com.instagram.barcelona, index=3, streamType=3
06-14 15:54:25.034 D/OplusAtlasService( 4962): getAttributeByAppName module:oplus-getStreamMaxVolume packageName:com.instagram.barcelona
06-14 15:54:25.034 D/AudioManagerExtImpl( 5961): getStreamVolume packageName=com.facebook.orca, index=16, streamType=1
06-14 15:54:25.034 D/OplusAtlasService( 4962): getAttributeByAppName module:oplus-getStreamMaxVolume packageName:com.facebook.katana
06-14 15:54:25.035 D/AudioManagerExtImpl(18659): getStreamVolume too fast, volume index=16, package=com.facebook.katana
06-14 15:54:25.036 D/AudioManagerExtImpl(10411): getStreamVolume packageName=com.instagram.barcelona, index=3, streamType=3
06-14 15:54:25.036 D/OplusAtlasService( 4962): getAttributeByAppName module:oplus-getStreamMaxVolume packageName:com.instagram.barcelona
06-14 15:54:25.038 D/AudioManagerExtImpl(10411): getStreamVolume packageName=com.instagram.barcelona, index=3, streamType=3
06-14 15:54:25.038 D/OplusAtlasService( 4962): getAttributeByAppName module:oplus-getStreamMaxVolume packageName:com.instagram.barcelona
06-14 15:54:25.039 I/MediaSyncManager_7342_32197( 7342): SettingsContentObserver onChange onSync true
06-14 15:54:25.040 D/AudioManagerExtImpl( 7342): getStreamVolume packageName=com.xiaomi.wearable, index=3, streamType=3
06-14 15:54:25.042 I/MediaSyncManager_7342_32197( 7342): SettingsContentObserver onChange onSync true
06-14 15:54:25.042 D/DisplayManagerService( 2066): Ignore redundant display event 0/4 to 10251/7534
06-14 15:54:25.042 D/DisplayManagerService( 2066): Ignore redundant display event 0/4 to 10524/9983
06-14 15:54:25.042 D/DisplayManagerService( 2066): Ignore redundant display event 0/4 to 10308/13845
06-14 15:54:25.042 D/DisplayManagerService( 2066): Ignore redundant display event 0/4 to 10306/16729
06-14 15:54:25.042 D/DisplayManagerService( 2066): Ignore redundant display event 0/4 to 10275/18659
06-14 15:54:25.042 D/DisplayManagerService( 2066): Ignore redundant display event 0/4 to 10139/20183
06-14 15:54:25.042 D/DisplayManagerService( 2066): Ignore redundant display event 0/4 to 10139/20484
06-14 15:54:25.042 D/DisplayManagerService( 2066): Ignore redundant display event 0/4 to 10296/20868
06-14 15:54:25.042 D/DisplayManagerService( 2066): Ignore redundant display event 0/4 to 10310/21102
06-14 15:54:25.042 D/DisplayManagerService( 2066): Ignore redundant display event 0/4 to 10683/22722
06-14 15:54:25.044 D/OplusAtlasService( 4962): getAttributeByAppName module:oplus-getStreamMaxVolume packageName:com.facebook.katana
06-14 15:54:25.044 D/AudioManagerExtImpl(18659): getStreamVolume too fast, volume index=16, package=com.facebook.katana
06-14 15:54:25.044 D/AudioManagerExtImpl(18659): getStreamVolume too fast, volume index=16, package=com.facebook.katana
06-14 15:54:25.045 D/AudioManagerExtImpl(16729): getStreamVolume too fast, volume index=3, package=com.twitter.android
06-14 15:54:25.045 D/AudioManagerExtImpl(16729): getStreamVolume too fast, volume index=3, package=com.twitter.android
06-14 15:54:25.045 D/AudioManagerExtImpl(18659): getStreamVolume too fast, volume index=16, package=com.facebook.katana
06-14 15:54:25.046 D/AudioManagerExtImpl(10411): getStreamVolume packageName=com.instagram.barcelona, index=3, streamType=3
06-14 15:54:25.047 D/AudioManagerExtImpl( 7342): getStreamVolume packageName=com.xiaomi.wearable, index=3, streamType=3
06-14 15:54:25.047 D/AudioManagerExtImpl( 5961): getStreamVolume packageName=com.facebook.orca, index=16, streamType=1
06-14 15:54:25.047 D/OplusAtlasService( 4962): getAttributeByAppName module:oplus-getStreamMaxVolume packageName:com.instagram.barcelona
06-14 15:54:25.050 D/AudioManagerExtImpl(10411): getStreamVolume packageName=com.instagram.barcelona, index=3, streamType=3
06-14 15:54:25.052 I/MediaSyncManager_7342_32197( 7342): SettingsContentObserver onChange onSync true
06-14 15:54:25.052 D/OplusAtlasService( 4962): getAttributeByAppName module:oplus-getStreamMaxVolume packageName:com.instagram.barcelona
06-14 15:54:25.054 D/DisplayManagerService( 2066): Ignore redundant display event 0/4 to 10251/7534
06-14 15:54:25.055 D/DisplayManagerService( 2066): Ignore redundant display event 0/4 to 10524/9983
06-14 15:54:25.055 D/DisplayManagerService( 2066): Ignore redundant display event 0/4 to 10308/13845
06-14 15:54:25.055 D/DisplayManagerService( 2066): Ignore redundant display event 0/4 to 10306/16729
06-14 15:54:25.055 D/DisplayManagerService( 2066): Ignore redundant display event 0/4 to 10275/18659
06-14 15:54:25.055 D/DisplayManagerService( 2066): Ignore redundant display event 0/4 to 10139/20183
06-14 15:54:25.055 D/DisplayManagerService( 2066): Ignore redundant display event 0/4 to 10139/20484
06-14 15:54:25.055 D/DisplayManagerService( 2066): Ignore redundant display event 0/4 to 10296/20868
06-14 15:54:25.055 D/DisplayManagerService( 2066): Ignore redundant display event 0/4 to 10310/21102
06-14 15:54:25.055 D/DisplayManagerService( 2066): Ignore redundant display event 0/4 to 10683/22722
06-14 15:54:25.055 D/AudioManagerExtImpl( 7342): getStreamVolume packageName=com.xiaomi.wearable, index=3, streamType=3
06-14 15:54:25.056 D/AudioManagerExtImpl(18659): getStreamVolume too fast, volume index=16, package=com.facebook.katana
06-14 15:54:25.056 I/MediaSyncManager_7342_32197( 7342): SettingsContentObserver onChange onSync true
06-14 15:54:25.057 D/OplusAtlasService( 4962): getAttributeByAppName module:oplus-getStreamMaxVolume packageName:com.facebook.katana
06-14 15:54:25.058 D/AudioManagerExtImpl( 5961): getStreamVolume packageName=com.facebook.orca, index=16, streamType=1
06-14 15:54:25.058 D/AudioManagerExtImpl(18659): getStreamVolume too fast, volume index=16, package=com.facebook.katana
06-14 15:54:25.058 D/AudioManagerExtImpl(18659): getStreamVolume too fast, volume index=16, package=com.facebook.katana
06-14 15:54:25.059 D/AudioManagerExtImpl(16729): getStreamVolume normal, volume index=3
06-14 15:54:25.059 D/AudioManagerExtImpl(16729): getStreamVolume too fast, volume index=3, package=com.twitter.android
06-14 15:54:25.061 D/AudioManagerExtImpl(10411): getStreamVolume packageName=com.instagram.barcelona, index=3, streamType=3
06-14 15:54:25.062 D/OplusAtlasService( 4962): getAttributeByAppName module:oplus-getStreamMaxVolume packageName:com.instagram.barcelona
06-14 15:54:25.065 D/AudioManagerExtImpl(16729): getStreamVolume too fast, volume index=3, package=com.twitter.android
06-14 15:54:25.066 D/AudioManagerExtImpl( 5961): getStreamVolume packageName=com.facebook.orca, index=16, streamType=1
06-14 15:54:25.067 D/DisplayManagerService( 2066): Ignore redundant display event 0/4 to 10251/7534
06-14 15:54:25.067 D/DisplayManagerService( 2066): Ignore redundant display event 0/4 to 10524/9983
06-14 15:54:25.067 D/DisplayManagerService( 2066): Ignore redundant display event 0/4 to 10308/13845
06-14 15:54:25.067 D/DisplayManagerService( 2066): Ignore redundant display event 0/4 to 10306/16729
06-14 15:54:25.067 D/DisplayManagerService( 2066): Ignore redundant display event 0/4 to 10275/18659
06-14 15:54:25.067 D/DisplayManagerService( 2066): Ignore redundant display event 0/4 to 10139/20183
06-14 15:54:25.067 D/DisplayManagerService( 2066): Ignore redundant display event 0/4 to 10139/20484
06-14 15:54:25.067 D/DisplayManagerService( 2066): Ignore redundant display event 0/4 to 10296/20868
06-14 15:54:25.067 D/DisplayManagerService( 2066): Ignore redundant display event 0/4 to 10310/21102
06-14 15:54:25.067 D/DisplayManagerService( 2066): Ignore redundant display event 0/4 to 10683/22722
06-14 15:54:25.068 D/AudioManagerExtImpl(18659): getStreamVolume normal, volume index=16
06-14 15:54:25.069 D/AudioManagerExtImpl(18659): getStreamVolume too fast, volume index=16, package=com.facebook.katana
06-14 15:54:25.071 D/AudioManagerExtImpl(16729): getStreamVolume too fast, volume index=3, package=com.twitter.android
06-14 15:54:25.071 D/OplusAtlasService( 4962): getAttributeByAppName module:oplus-getStreamMaxVolume packageName:com.facebook.katana
06-14 15:54:25.072 D/AudioManagerExtImpl( 5961): getStreamVolume packageName=com.facebook.orca, index=16, streamType=1
06-14 15:54:25.072 D/AudioManagerExtImpl( 7342): getStreamVolume packageName=com.xiaomi.wearable, index=3, streamType=3
06-14 15:54:25.073 D/AudioManagerExtImpl(18659): getStreamVolume too fast, volume index=16, package=com.facebook.katana
06-14 15:54:25.073 I/MediaSyncManager_7342_18313( 7342): SettingsContentObserver onChange onSync true
06-14 15:54:25.075 D/OplusAtlasService( 4962): getAttributeByAppName module:oplus-getStreamMaxVolume packageName:com.facebook.katana
06-14 15:54:25.076 D/AudioManagerExtImpl(10411): getStreamVolume packageName=com.instagram.barcelona, index=3, streamType=3
06-14 15:54:25.076 D/AudioManagerExtImpl(18659): getStreamVolume too fast, volume index=16, package=com.facebook.katana
06-14 15:54:25.078 D/OplusAtlasService( 4962): getAttributeByAppName module:oplus-getStreamMaxVolume packageName:com.instagram.barcelona
06-14 15:54:25.078 D/AudioManagerExtImpl( 7342): getStreamVolume packageName=com.xiaomi.wearable, index=3, streamType=3
06-14 15:54:25.078 I/MediaSyncManager_7342_18313( 7342): SettingsContentObserver onChange onSync true
06-14 15:54:25.080 D/AudioManagerExtImpl(18659): getStreamVolume too fast, volume index=16, package=com.facebook.katana
06-14 15:54:25.081 D/AudioManagerExtImpl(16729): getStreamVolume too fast, volume index=3, package=com.twitter.android
06-14 15:54:25.081 D/DisplayManagerService( 2066): Ignore redundant display event 0/4 to 10251/7534
06-14 15:54:25.081 D/DisplayManagerService( 2066): Ignore redundant display event 0/4 to 10524/9983
06-14 15:54:25.081 D/DisplayManagerService( 2066): Ignore redundant display event 0/4 to 10308/13845
06-14 15:54:25.081 D/DisplayManagerService( 2066): Ignore redundant display event 0/4 to 10306/16729
06-14 15:54:25.081 D/DisplayManagerService( 2066): Ignore redundant display event 0/4 to 10275/18659
06-14 15:54:25.081 D/DisplayManagerService( 2066): Ignore redundant display event 0/4 to 10139/20183
06-14 15:54:25.081 D/DisplayManagerService( 2066): Ignore redundant display event 0/4 to 10139/20484
06-14 15:54:25.082 D/DisplayManagerService( 2066): Ignore redundant display event 0/4 to 10296/20868
06-14 15:54:25.082 D/DisplayManagerService( 2066): Ignore redundant display event 0/4 to 10310/21102
06-14 15:54:25.082 D/DisplayManagerService( 2066): Ignore redundant display event 0/4 to 10683/22722
06-14 15:54:25.082 D/OplusAtlasService( 4962): getAttributeByAppName module:oplus-getStreamMaxVolume packageName:com.facebook.katana
06-14 15:54:25.083 D/AudioManagerExtImpl( 5961): getStreamVolume packageName=com.facebook.orca, index=16, streamType=1
06-14 15:54:25.083 D/AudioManagerExtImpl(18659): getStreamVolume too fast, volume index=16, package=com.facebook.katana
06-14 15:54:25.083 D/AudioManagerExtImpl( 7342): getStreamVolume packageName=com.xiaomi.wearable, index=3, streamType=3
06-14 15:54:25.083 D/AudioManagerExtImpl(10411): getStreamVolume packageName=com.instagram.barcelona, index=3, streamType=3
06-14 15:54:25.083 I/MediaSyncManager_7342_18313( 7342): SettingsContentObserver onChange onSync true
06-14 15:54:25.084 D/OplusAtlasService( 4962): getAttributeByAppName module:oplus-getStreamMaxVolume packageName:com.instagram.barcelona
06-14 15:54:25.084 D/AudioManagerExtImpl(16729): getStreamVolume too fast, volume index=3, package=com.twitter.android
06-14 15:54:25.086 D/AudioManagerExtImpl(18659): getStreamVolume too fast, volume index=16, package=com.facebook.katana
06-14 15:54:25.086 D/OplusAtlasService( 4962): getAttributeByAppName module:oplus-getStreamMaxVolume packageName:com.facebook.katana
06-14 15:54:25.088 D/AudioManagerExtImpl(18659): getStreamVolume too fast, volume index=16, package=com.facebook.katana
06-14 15:54:25.088 D/AudioManagerExtImpl(18659): getStreamVolume too fast, volume index=16, package=com.facebook.katana
06-14 15:54:25.089 D/AudioManagerExtImpl( 7342): getStreamVolume packageName=com.xiaomi.wearable, index=3, streamType=3
06-14 15:54:25.089 D/DisplayManagerService( 2066): Ignore redundant display event 0/4 to 10251/7534
06-14 15:54:25.089 D/DisplayManagerService( 2066): Ignore redundant display event 0/4 to 10524/9983
06-14 15:54:25.089 D/DisplayManagerService( 2066): Ignore redundant display event 0/4 to 10308/13845
06-14 15:54:25.089 D/DisplayManagerService( 2066): Ignore redundant display event 0/4 to 10306/16729
06-14 15:54:25.089 D/DisplayManagerService( 2066): Ignore redundant display event 0/4 to 10275/18659
06-14 15:54:25.089 D/DisplayManagerService( 2066): Ignore redundant display event 0/4 to 10139/20183
06-14 15:54:25.089 D/DisplayManagerService( 2066): Ignore redundant display event 0/4 to 10139/20484
06-14 15:54:25.089 D/DisplayManagerService( 2066): Ignore redundant display event 0/4 to 10296/20868
06-14 15:54:25.089 D/DisplayManagerService( 2066): Ignore redundant display event 0/4 to 10310/21102
06-14 15:54:25.089 D/DisplayManagerService( 2066): Ignore redundant display event 0/4 to 10683/22722
06-14 15:54:25.089 I/MediaSyncManager_7342_18313( 7342): SettingsContentObserver onChange onSync true
06-14 15:54:25.090 D/AudioManagerExtImpl(16729): getStreamVolume too fast, volume index=3, package=com.twitter.android
06-14 15:54:25.091 D/AudioManagerExtImpl(16729): getStreamVolume too fast, volume index=3, package=com.twitter.android
06-14 15:54:25.091 D/AudioManagerExtImpl(18659): getStreamVolume too fast, volume index=16, package=com.facebook.katana
06-14 15:54:25.091 D/AudioManagerExtImpl( 5961): getStreamVolume packageName=com.facebook.orca, index=16, streamType=1
06-14 15:54:25.092 D/OplusAtlasService( 4962): getAttributeByAppName module:oplus-getStreamMaxVolume packageName:com.facebook.katana
06-14 15:54:25.092 D/AudioManagerExtImpl( 7342): getStreamVolume packageName=com.xiaomi.wearable, index=3, streamType=3
06-14 15:54:25.092 D/AudioManagerExtImpl(10411): getStreamVolume packageName=com.instagram.barcelona, index=3, streamType=3
06-14 15:54:25.092 D/OplusAtlasService( 4962): getAttributeByAppName module:oplus-getStreamMaxVolume packageName:com.instagram.barcelona
06-14 15:54:25.092 I/MediaSyncManager_7342_18313( 7342): SettingsContentObserver onChange onSync true
06-14 15:54:25.093 D/AudioManagerExtImpl(18659): getStreamVolume too fast, volume index=16, package=com.facebook.katana
06-14 15:54:25.093 W/SettingsProvider( 2066): notifyForSettingsChange delay for screen_brightness, value: 1060, delta: 9, lastNotifyTimestamp: 355419815, minInterval: 10
06-14 15:54:25.093 W/SettingsProvider( 2066): notifyForSettingsChange delay for actual_screen_brightness, value: 1060, delta: 9, lastNotifyTimestamp: 355419815, minInterval: 10
06-14 15:54:25.095 D/AudioManagerExtImpl( 7342): getStreamVolume packageName=com.xiaomi.wearable, index=3, streamType=3
06-14 15:54:25.097 D/DisplayManagerService( 2066): Ignore redundant display event 0/4 to 10251/7534
06-14 15:54:25.097 D/DisplayManagerService( 2066): Ignore redundant display event 0/4 to 10524/9983
06-14 15:54:25.097 D/DisplayManagerService( 2066): Ignore redundant display event 0/4 to 10308/13845
06-14 15:54:25.097 D/DisplayManagerService( 2066): Ignore redundant display event 0/4 to 10306/16729
06-14 15:54:25.097 D/DisplayManagerService( 2066): Ignore redundant display event 0/4 to 10275/18659
06-14 15:54:25.097 D/DisplayManagerService( 2066): Ignore redundant display event 0/4 to 10139/20183
06-14 15:54:25.097 D/DisplayManagerService( 2066): Ignore redundant display event 0/4 to 10139/20484
06-14 15:54:25.097 D/DisplayManagerService( 2066): Ignore redundant display event 0/4 to 10296/20868
06-14 15:54:25.097 D/DisplayManagerService( 2066): Ignore redundant display event 0/4 to 10310/21102
06-14 15:54:25.097 D/DisplayManagerService( 2066): Ignore redundant display event 0/4 to 10683/22722
06-14 15:54:25.097 D/AudioManagerExtImpl(18659): getStreamVolume too fast, volume index=16, package=com.facebook.katana
06-14 15:54:25.097 I/MediaSyncManager_7342_18313( 7342): SettingsContentObserver onChange onSync true
06-14 15:54:25.098 D/OplusAtlasService( 4962): getAttributeByAppName module:oplus-getStreamMaxVolume packageName:com.facebook.katana
06-14 15:54:25.098 D/AudioManagerExtImpl(16729): getStreamVolume too fast, volume index=3, package=com.twitter.android
06-14 15:54:25.099 D/AudioManagerExtImpl(18659): getStreamVolume too fast, volume index=16, package=com.facebook.katana
06-14 15:54:25.100 D/OplusFeatureHDREnhanceBrightness( 2066): setAnimating : displayId[0]=false
06-14 15:54:25.100 D/OplusFeatureReduceBrightness( 2066): setAnimating : animating = false
06-14 15:54:25.100 D/OplusFeatureEdrEnhanceBrightness( 2066): setAnimating: false
06-14 15:54:25.100 D/OplusFeaturePwEdrEnhanceBrightness( 2066): setAnimating: false
06-14 15:54:25.101 D/AudioManagerExtImpl(18659): getStreamVolume too fast, volume index=16, package=com.facebook.katana
06-14 15:54:25.101 D/AudioManagerExtImpl( 7342): getStreamVolume packageName=com.xiaomi.wearable, index=3, streamType=3
06-14 15:54:25.101 D/OplusAtlasService( 4962): getAttributeByAppName module:oplus-getStreamMaxVolume packageName:com.facebook.katana
06-14 15:54:25.101 I/MediaSyncManager_7342_18313( 7342): SettingsContentObserver onChange onSync true
06-14 15:54:25.101 D/AudioManagerExtImpl( 5961): getStreamVolume packageName=com.facebook.orca, index=16, streamType=1
06-14 15:54:25.102 D/AudioManagerExtImpl(18659): getStreamVolume too fast, volume index=16, package=com.facebook.katana
06-14 15:54:25.102 D/AudioManagerExtImpl(16729): getStreamVolume normal, volume index=3
06-14 15:54:25.103 D/AudioManagerExtImpl(10411): getStreamVolume packageName=com.instagram.barcelona, index=3, streamType=3
06-14 15:54:25.104 D/OplusAtlasService( 4962): getAttributeByAppName module:oplus-getStreamMaxVolume packageName:com.instagram.barcelona
06-14 15:54:25.105 D/AudioManagerExtImpl( 7342): getStreamVolume packageName=com.xiaomi.wearable, index=3, streamType=3
06-14 15:54:25.105 I/MediaSyncManager_7342_32197( 7342): SettingsContentObserver onChange onSync true
06-14 15:54:25.107 D/AudioManagerExtImpl(18659): getStreamVolume too fast, volume index=16, package=com.facebook.katana
06-14 15:54:25.107 D/DisplayManagerService( 2066): Ignore redundant display event 0/4 to 10251/7534
06-14 15:54:25.107 D/DisplayManagerService( 2066): Ignore redundant display event 0/4 to 10524/9983
06-14 15:54:25.108 D/DisplayManagerService( 2066): Ignore redundant display event 0/4 to 10308/13845
06-14 15:54:25.108 D/DisplayManagerService( 2066): Ignore redundant display event 0/4 to 10306/16729
06-14 15:54:25.108 D/DisplayManagerService( 2066): Ignore redundant display event 0/4 to 10275/18659
06-14 15:54:25.108 D/DisplayManagerService( 2066): Ignore redundant display event 0/4 to 10139/20183
06-14 15:54:25.108 D/DisplayManagerService( 2066): Ignore redundant display event 0/4 to 10139/20484
06-14 15:54:25.108 D/DisplayManagerService( 2066): Ignore redundant display event 0/4 to 10296/20868
06-14 15:54:25.108 D/DisplayManagerService( 2066): Ignore redundant display event 0/4 to 10310/21102
06-14 15:54:25.108 D/DisplayManagerService( 2066): Ignore redundant display event 0/4 to 10683/22722
06-14 15:54:25.108 D/AudioManagerExtImpl(16729): getStreamVolume too fast, volume index=3, package=com.twitter.android
06-14 15:54:25.109 D/OplusAtlasService( 4962): getAttributeByAppName module:oplus-getStreamMaxVolume packageName:com.facebook.katana
06-14 15:54:25.110 D/AudioManagerExtImpl(10411): getStreamVolume packageName=com.instagram.barcelona, index=3, streamType=3
06-14 15:54:25.111 D/OplusAtlasService( 4962): getAttributeByAppName module:oplus-getStreamMaxVolume packageName:com.instagram.barcelona
06-14 15:54:25.111 D/AudioManagerExtImpl(16729): getStreamVolume too fast, volume index=3, package=com.twitter.android
06-14 15:54:25.111 D/AudioManagerExtImpl( 7342): getStreamVolume packageName=com.xiaomi.wearable, index=3, streamType=3
06-14 15:54:25.111 I/MediaSyncManager_7342_18313( 7342): SettingsContentObserver onChange onSync true
06-14 15:54:25.113 D/AudioManagerExtImpl(18659): getStreamVolume normal, volume index=16
06-14 15:54:25.112 D/AudioManagerExtImpl( 5961): getStreamVolume packageName=com.facebook.orca, index=16, streamType=1
06-14 15:54:25.113 D/AudioManagerExtImpl(18659): getStreamVolume too fast, volume index=16, package=com.facebook.katana
06-14 15:54:25.114 D/AudioManagerExtImpl(10411): getStreamVolume packageName=com.instagram.barcelona, index=3, streamType=3
06-14 15:54:25.114 D/AudioManagerExtImpl( 7342): getStreamVolume packageName=com.xiaomi.wearable, index=3, streamType=3
06-14 15:54:25.114 I/MediaSyncManager_7342_18313( 7342): SettingsContentObserver onChange onSync true
06-14 15:54:25.115 D/OplusAtlasService( 4962): getAttributeByAppName module:oplus-getStreamMaxVolume packageName:com.instagram.barcelona
06-14 15:54:25.118 D/AudioManagerExtImpl(10411): getStreamVolume packageName=com.instagram.barcelona, index=3, streamType=3
06-14 15:54:25.118 D/AudioManagerExtImpl( 7342): getStreamVolume packageName=com.xiaomi.wearable, index=3, streamType=3
06-14 15:54:25.118 I/MediaSyncManager_7342_18313( 7342): SettingsContentObserver onChange onSync true
06-14 15:54:25.118 D/OplusAtlasService( 4962): getAttributeByAppName module:oplus-getStreamMaxVolume packageName:com.instagram.barcelona
06-14 15:54:25.119 D/AudioManagerExtImpl(18659): getStreamVolume too fast, volume index=16, package=com.facebook.katana
06-14 15:54:25.119 D/OplusAtlasService( 4962): getAttributeByAppName module:oplus-getStreamMaxVolume packageName:com.facebook.katana
06-14 15:54:25.120 D/AudioManagerExtImpl( 7342): getStreamVolume packageName=com.xiaomi.wearable, index=3, streamType=3
06-14 15:54:25.120 I/MediaSyncManager_7342_32197( 7342): SettingsContentObserver onChange onSync true
06-14 15:54:25.122 D/AudioManagerExtImpl(18659): getStreamVolume too fast, volume index=16, package=com.facebook.katana
06-14 15:54:25.122 D/AudioManagerExtImpl(16729): getStreamVolume too fast, volume index=3, package=com.twitter.android
06-14 15:54:25.122 D/AudioManagerExtImpl( 7342): getStreamVolume packageName=com.xiaomi.wearable, index=3, streamType=3
06-14 15:54:25.123 D/AudioManagerExtImpl( 5961): getStreamVolume packageName=com.facebook.orca, index=16, streamType=1
06-14 15:54:25.123 D/AudioManagerExtImpl(16729): getStreamVolume too fast, volume index=3, package=com.twitter.android
06-14 15:54:25.123 D/AudioManagerExtImpl(18659): getStreamVolume too fast, volume index=16, package=com.facebook.katana
06-14 15:54:25.124 D/AudioManagerExtImpl(10411): getStreamVolume packageName=com.instagram.barcelona, index=3, streamType=3
06-14 15:54:25.124 D/OplusAtlasService( 4962): getAttributeByAppName module:oplus-getStreamMaxVolume packageName:com.facebook.katana
06-14 15:54:25.124 D/OplusAtlasService( 4962): getAttributeByAppName module:oplus-getStreamMaxVolume packageName:com.instagram.barcelona
06-14 15:54:25.124 D/AudioManagerExtImpl(18659): getStreamVolume too fast, volume index=16, package=com.facebook.katana
06-14 15:54:25.126 D/AudioManagerExtImpl(10411): getStreamVolume packageName=com.instagram.barcelona, index=3, streamType=3
06-14 15:54:25.126 D/OplusAtlasService( 4962): getAttributeByAppName module:oplus-getStreamMaxVolume packageName:com.instagram.barcelona
06-14 15:54:25.128 D/AudioManagerExtImpl(10411): getStreamVolume packageName=com.instagram.barcelona, index=3, streamType=3
06-14 15:54:25.128 D/OplusAtlasService( 4962): getAttributeByAppName module:oplus-getStreamMaxVolume packageName:com.instagram.barcelona
06-14 15:54:25.130 D/AudioManagerExtImpl(10411): getStreamVolume packageName=com.instagram.barcelona, index=3, streamType=3
06-14 15:54:25.131 D/OplusAtlasService( 4962): getAttributeByAppName module:oplus-getStreamMaxVolume packageName:com.instagram.barcelona
06-14 15:54:25.131 D/TracePrintUtil( 3730): asyncTraceEnd remove 504,windAnimTagArray.size = 0
06-14 15:54:25.131 D/TracePrintUtil( 3730): onWindowAnimationEnd
06-14 15:54:25.138 D/AudioManagerExtImpl(10411): getStreamVolume packageName=com.instagram.barcelona, index=3, streamType=3
06-14 15:54:25.138 W/[0]DCS  (31945): Common Record event failed. DCS reject event: [appId=20110,logTag=201101,eventId=slide_cross_over_page] . Pls check server config.
06-14 15:54:25.139 D/OplusAtlasService( 4962): getAttributeByAppName module:oplus-getStreamMaxVolume packageName:com.instagram.barcelona
06-14 15:54:25.141 D/AudioManagerExtImpl(10411): getStreamVolume packageName=com.instagram.barcelona, index=3, streamType=3
06-14 15:54:25.142 D/OplusAtlasService( 4962): getAttributeByAppName module:oplus-getStreamMaxVolume packageName:com.instagram.barcelona
06-14 15:54:25.144 D/AudioManagerExtImpl(10411): getStreamVolume packageName=com.instagram.barcelona, index=3, streamType=3
06-14 15:54:25.144 D/OplusAtlasService( 4962): getAttributeByAppName module:oplus-getStreamMaxVolume packageName:com.instagram.barcelona
06-14 15:54:25.146 D/AudioManagerExtImpl(10411): getStreamVolume packageName=com.instagram.barcelona, index=3, streamType=3
06-14 15:54:25.148 D/OplusAtlasService( 4962): getAttributeByAppName module:oplus-getStreamMaxVolume packageName:com.instagram.barcelona
06-14 15:54:25.150 D/AudioManagerExtImpl(10411): getStreamVolume packageName=com.instagram.barcelona, index=3, streamType=3
06-14 15:54:25.151 D/OplusAtlasService( 4962): getAttributeByAppName module:oplus-getStreamMaxVolume packageName:com.instagram.barcelona
06-14 15:54:25.152 D/AudioManagerExtImpl(10411): getStreamVolume packageName=com.instagram.barcelona, index=3, streamType=3
06-14 15:54:25.153 D/OplusAtlasService( 4962): getAttributeByAppName module:oplus-getStreamMaxVolume packageName:com.instagram.barcelona
06-14 15:54:25.155 D/AudioManagerExtImpl(10411): getStreamVolume packageName=com.instagram.barcelona, index=3, streamType=3
06-14 15:54:25.155 D/OplusAtlasService( 4962): getAttributeByAppName module:oplus-getStreamMaxVolume packageName:com.instagram.barcelona
06-14 15:54:25.156 D/AudioManagerExtImpl(10411): getStreamVolume packageName=com.instagram.barcelona, index=3, streamType=3
06-14 15:54:25.157 D/OplusAtlasService( 4962): getAttributeByAppName module:oplus-getStreamMaxVolume packageName:com.instagram.barcelona
06-14 15:54:25.158 D/AudioManagerExtImpl(10411): getStreamVolume packageName=com.instagram.barcelona, index=3, streamType=3
06-14 15:54:25.158 D/OplusAtlasService( 4962): getAttributeByAppName module:oplus-getStreamMaxVolume packageName:com.instagram.barcelona
06-14 15:54:25.160 D/AudioManagerExtImpl(10411): getStreamVolume packageName=com.instagram.barcelona, index=3, streamType=3
06-14 15:54:25.160 D/OplusAtlasService( 4962): getAttributeByAppName module:oplus-getStreamMaxVolume packageName:com.instagram.barcelona
06-14 15:54:25.161 D/AudioManagerExtImpl(10411): getStreamVolume packageName=com.instagram.barcelona, index=3, streamType=3
06-14 15:54:25.161 D/OplusAtlasService( 4962): getAttributeByAppName module:oplus-getStreamMaxVolume packageName:com.instagram.barcelona
06-14 15:54:25.163 D/AudioManagerExtImpl(10411): getStreamVolume packageName=com.instagram.barcelona, index=3, streamType=3
06-14 15:54:25.163 D/OplusAtlasService( 4962): getAttributeByAppName module:oplus-getStreamMaxVolume packageName:com.instagram.barcelona
06-14 15:54:25.165 D/AudioManagerExtImpl(10411): getStreamVolume packageName=com.instagram.barcelona, index=3, streamType=3
06-14 15:54:25.166 D/OplusAtlasService( 4962): getAttributeByAppName module:oplus-getStreamMaxVolume packageName:com.instagram.barcelona
06-14 15:54:25.167 D/AudioManagerExtImpl(10411): getStreamVolume packageName=com.instagram.barcelona, index=3, streamType=3
06-14 15:54:25.168 D/OplusAtlasService( 4962): getAttributeByAppName module:oplus-getStreamMaxVolume packageName:com.instagram.barcelona
06-14 15:54:25.169 D/AudioManagerExtImpl(10411): getStreamVolume packageName=com.instagram.barcelona, index=3, streamType=3
06-14 15:54:25.170 D/OplusAtlasService( 4962): getAttributeByAppName module:oplus-getStreamMaxVolume packageName:com.instagram.barcelona
06-14 15:54:25.171 D/AudioManagerExtImpl(10411): getStreamVolume packageName=com.instagram.barcelona, index=3, streamType=3
06-14 15:54:25.171 D/OplusAtlasService( 4962): getAttributeByAppName module:oplus-getStreamMaxVolume packageName:com.instagram.barcelona
06-14 15:54:25.173 D/AudioManagerExtImpl(10411): getStreamVolume packageName=com.instagram.barcelona, index=3, streamType=3
06-14 15:54:25.173 D/OplusAtlasService( 4962): getAttributeByAppName module:oplus-getStreamMaxVolume packageName:com.instagram.barcelona
06-14 15:54:25.238 D/UsageStatsService( 2066): User[0] type=0 b=1781420035237 e=1781420075237 cb=1781348849473 ce=1781420063393 disk=0 all=0
06-14 15:54:25.240 D/UsageStatsService( 2066): User[0] type=0 b=1781420035239 e=1781420075239 cb=1781348849473 ce=1781420063393 disk=0 all=0
06-14 15:54:25.240 I/[UAH_CLIENT]( 1231): UahRelease, handle:117948
06-14 15:54:25.247 D/UsageStatsService( 2066): User[0] type=0 b=1781420035244 e=1781420075244 cb=1781348849473 ce=1781420063393 disk=0 all=0
06-14 15:54:25.250 D/UsageStatsService( 2066): User[0] type=0 b=1781420035248 e=1781420075248 cb=1781348849473 ce=1781420063393 disk=0 all=0
06-14 15:54:25.253 D/UsageStatsService( 2066): User[0] type=0 b=1781420035251 e=1781420075251 cb=1781348849473 ce=1781420063393 disk=0 all=0
06-14 15:54:25.255 D/UsageStatsService( 2066): User[0] type=0 b=1781420035254 e=1781420075254 cb=1781348849473 ce=1781420063393 disk=0 all=0
06-14 15:54:25.259 D/UsageStatsService( 2066): User[0] type=0 b=1781420035257 e=1781420075257 cb=1781348849473 ce=1781420063393 disk=0 all=0
06-14 15:54:25.267 D/UsageStatsService( 2066): User[0] type=0 b=1781420035265 e=1781420075265 cb=1781348849473 ce=1781420063393 disk=0 all=0
06-14 15:54:25.272 D/UsageStatsService( 2066): User[0] type=0 b=1781420035270 e=1781420075270 cb=1781348849473 ce=1781420063393 disk=0 all=0
06-14 15:54:25.276 D/UsageStatsService( 2066): User[0] type=0 b=1781420035274 e=1781420075274 cb=1781348849473 ce=1781420063393 disk=0 all=0
06-14 15:54:25.280 D/UsageStatsService( 2066): User[0] type=0 b=1781420035278 e=1781420075278 cb=1781348849473 ce=1781420063393 disk=0 all=0
06-14 15:54:25.284 D/UsageStatsService( 2066): User[0] type=0 b=1781420035281 e=1781420075281 cb=1781348849473 ce=1781420063393 disk=0 all=0
06-14 15:54:25.287 D/UsageStatsService( 2066): User[0] type=0 b=1781420035286 e=1781420075286 cb=1781348849473 ce=1781420063393 disk=0 all=0
06-14 15:54:25.291 D/UsageStatsService( 2066): User[0] type=0 b=1781420035289 e=1781420075289 cb=1781348849473 ce=1781420063393 disk=0 all=0
06-14 15:54:25.292 I/OplusHansManager ( 2066): uid=10524, pkg=com.ss.android.ugc.tiktok.lite F enter(), M stay=3
06-14 15:54:25.292 D/UsageStatsService( 2066): User[0] type=0 b=1781420035291 e=1781420075291 cb=1781348849473 ce=1781420063393 disk=0 all=0
06-14 15:54:25.295 D/UsageStatsService( 2066): User[0] type=0 b=1781420035294 e=1781420075294 cb=1781348849473 ce=1781420063393 disk=0 all=0
06-14 15:54:25.298 D/UsageStatsService( 2066): User[0] type=0 b=1781420035296 e=1781420075296 cb=1781348849473 ce=1781420063393 disk=0 all=0
06-14 15:54:25.302 I/OplusHansManager ( 2066): freeze uid: 10524 com.ss.android.ugc.tiktok.lite pids: [9983] scene: LcdOn
06-14 15:54:25.302 D/UsageStatsService( 2066): User[0] type=0 b=1781420035301 e=1781420075301 cb=1781348849473 ce=1781420063393 disk=0 all=0
06-14 15:54:25.303 D/IHansComunication( 6297): HANS sendMessageToKernel: threadId = 478846893232, netLinkSetup = 1, type = PKG, targetUid = 10524, pkgCmd = ADD_ONE_UID
06-14 15:54:25.304 D/UsageStatsService( 2066): User[0] type=0 b=1781420035303 e=1781420075303 cb=1781348849473 ce=1781420063393 disk=0 all=0
06-14 15:54:25.306 D/UsageStatsService( 2066): User[0] type=0 b=1781420035305 e=1781420075305 cb=1781348849473 ce=1781420063393 disk=0 all=0
06-14 15:54:25.308 D/UsageStatsService( 2066): User[0] type=0 b=1781420035306 e=1781420075306 cb=1781348849473 ce=1781420063393 disk=0 all=0
06-14 15:54:25.309 D/UsageStatsService( 2066): User[0] type=0 b=1781420035308 e=1781420075308 cb=1781348849473 ce=1781420063393 disk=0 all=0
06-14 15:54:25.311 D/UsageStatsService( 2066): User[0] type=0 b=1781420035310 e=1781420075310 cb=1781348849473 ce=1781420063393 disk=0 all=0
06-14 15:54:25.313 D/UsageStatsService( 2066): User[0] type=0 b=1781420035312 e=1781420075312 cb=1781348849473 ce=1781420063393 disk=0 all=0
06-14 15:54:25.315 D/UsageStatsService( 2066): User[0] type=0 b=1781420035314 e=1781420075314 cb=1781348849473 ce=1781420063393 disk=0 all=0
06-14 15:54:25.318 D/UsageStatsService( 2066): User[0] type=0 b=1781420035316 e=1781420075316 cb=1781348849473 ce=1781420063393 disk=0 all=0
06-14 15:54:25.322 D/UsageStatsService( 2066): User[0] type=0 b=1781420035320 e=1781420075320 cb=1781348849473 ce=1781420063393 disk=0 all=0
06-14 15:54:25.333 I/[UAH_CLIENT_WRAPPER]( 2066): [UahNotifyWapper] inputflinger, src:1000, type:0
06-14 15:54:25.333 I/[UAH_CLIENT]( 2066): uahRuleCtl, ruleId:1000, status:0
06-14 15:54:25.334 D/system_server( 2066): addOrUpdateWindow: set 7be6eaf com.android.launcher/com.android.launcher.Launcher firstDownTimeInTarget to 355420063514000
06-14 15:54:25.334 D/system_server( 2066): addOrUpdateWindow: set 3ea7026 com.android.systemui.wallpapers.ImageWallpaper firstDownTimeInTarget to 355420063514000
06-14 15:54:25.334 D/system_server( 2066): addOrUpdateWindow: set [Gesture Monitor] OplusExInputReceiver1 firstDownTimeInTarget to 355420063514000
06-14 15:54:25.335 I/[UAH_CLIENT_WRAPPER]( 2066): [UahEventAcquireWrapper] eventId:OSENSE_ACTION_TOUCH_BOOST, scene:none, identity:inputflinger, timeout:150
06-14 15:54:25.335 I/[UAH_CLIENT]( 2066): UahEventAcquire, cmdid:37, pkg:none, identity:inputflinger
06-14 15:54:25.337 D/PowerManagerService( 2066): userActivityNoUpdateLocked: groupId=0, eventTime=355420063, event=touch, flags=0x0, uid=1000
06-14 15:54:25.340 D/OGG_Detector( 2066): D:done mCurrStatus: 0
06-14 15:54:25.374 D/WifiStaIfaceHidlImpl( 2066): getCachedScanData is not implemented by HIDL
06-14 15:54:25.382 I/[UAH_CLIENT]( 1231): UahPlatformResAcquire
06-14 15:54:25.382 I/[UAH_CLIENT]( 1231): UahEventAcquire, cmdid:-3, pkg:2066 2578, identity:qcom-perfd
06-14 15:54:25.384 E/ANDR-PERF-RESOURCEQS( 1231): Resource with major=15, minor=0 not supported
06-14 15:54:25.384 E/ANDR-PERF-RESOURCEQS( 1231): Resource with major=15, minor=0 not supported
06-14 15:54:25.385 I/[UAH_CLIENT]( 1231): UahPlatformResAcquire
06-14 15:54:25.385 I/[UAH_CLIENT]( 1231): UahEventAcquire, cmdid:-3, pkg:2066 2578, identity:qcom-perfd
06-14 15:54:25.386 E/ANDR-PERF-RESOURCEQS( 1231): Resource with major=15, minor=0 not supported
06-14 15:54:25.386 E/ANDR-PERF-RESOURCEQS( 1231): Resource with major=15, minor=0 not supported
06-14 15:54:25.388 I/wpa_supplicant(21724): wlan0: command[CURRENT_RSSI -77], reply:SUCCESS
06-14 15:54:25.389 E/UAH_JNI ( 2066): uah_event_acquire ! cmdId: 69 ,strPkg: , strIdent: OplusActivityManagerServiceEnhance, timeout: 0
06-14 15:54:25.389 I/[UAH_CLIENT]( 2066): UahEventAcquire, cmdid:69, pkg:none, identity:OplusActivityManagerServiceEnhance
06-14 15:54:25.390 D/TracePrintUtil( 3730): asyncTraceBegin add 503
06-14 15:54:25.409 I/[UAH_CLIENT_WRAPPER]( 2066): [UahNotifyWapper] inputflinger, src:1000, type:1
06-14 15:54:25.409 I/[UAH_CLIENT]( 2066): uahRuleCtl, ruleId:1000, status:1
06-14 15:54:25.416 I/[UAH_CLIENT]( 1231): UahPlatformResAcquire
06-14 15:54:25.416 I/[UAH_CLIENT]( 1231): UahEventAcquire, cmdid:-3, pkg:2066 2578, identity:qcom-perfd
06-14 15:54:25.418 E/ANDR-PERF-RESOURCEQS( 1231): Resource with major=15, minor=0 not supported
06-14 15:54:25.418 E/ANDR-PERF-RESOURCEQS( 1231): Resource with major=15, minor=0 not supported
06-14 15:54:25.421 D/TracePrintUtil( 3730): asyncTraceEnd remove 503,windAnimTagArray.size = 0
06-14 15:54:25.421 D/TracePrintUtil( 3730): onWindowAnimationEnd
06-14 15:54:25.421 D/ViewRootImplExtImpl( 3730): the up motion event handled by client, just return
06-14 15:54:25.421 E/UAH_JNI ( 2066): uah_release ! handle: 117956
06-14 15:54:25.421 I/[UAH_CLIENT]( 2066): UahRelease, handle:117956
06-14 15:54:25.421 I/Quality ( 3730): Skipped: false 1 cost 22.145397 refreshRate 11153435 bit true processName com.android.launcher
06-14 15:54:25.421 D/TracePrintUtil( 3730): asyncTraceBegin add 504
06-14 15:54:25.422 E/UAH_JNI ( 2066): uah_event_acquire ! cmdId: 7 ,strPkg: , strIdent: OplusActivityManagerServiceEnhance, timeout: 713
06-14 15:54:25.422 I/[UAH_CLIENT]( 2066): UahEventAcquire, cmdid:7, pkg:none, identity:OplusActivityManagerServiceEnhance
06-14 15:54:25.422 I/[UAH_CLIENT]( 1231): UahRelease, handle:117955
06-14 15:54:25.500 I/[UAH_CLIENT]( 1231): UahRelease, handle:117954
06-14 15:54:25.587 D/UsageStatsService( 2066): User[0] type=0 b=1781420035586 e=1781420075586 cb=1781348849473 ce=1781420063393 disk=0 all=0
06-14 15:54:25.591 D/UsageStatsService( 2066): User[0] type=0 b=1781420035589 e=1781420075589 cb=1781348849473 ce=1781420063393 disk=0 all=0
06-14 15:54:25.596 D/UsageStatsService( 2066): User[0] type=0 b=1781420035595 e=1781420075595 cb=1781348849473 ce=1781420063393 disk=0 all=0
06-14 15:54:25.599 D/UsageStatsService( 2066): User[0] type=0 b=1781420035598 e=1781420075598 cb=1781348849473 ce=1781420063393 disk=0 all=0
06-14 15:54:25.604 D/UsageStatsService( 2066): User[0] type=0 b=1781420035602 e=1781420075602 cb=1781348849473 ce=1781420063393 disk=0 all=0
06-14 15:54:25.608 D/UsageStatsService( 2066): User[0] type=0 b=1781420035607 e=1781420075607 cb=1781348849473 ce=1781420063393 disk=0 all=0
06-14 15:54:25.616 D/UsageStatsService( 2066): User[0] type=0 b=1781420035615 e=1781420075615 cb=1781348849473 ce=1781420063393 disk=0 all=0
06-14 15:54:25.622 D/UsageStatsService( 2066): User[0] type=0 b=1781420035621 e=1781420075621 cb=1781348849473 ce=1781420063393 disk=0 all=0
06-14 15:54:25.624 D/UsageStatsService( 2066): User[0] type=0 b=1781420035623 e=1781420075623 cb=1781348849473 ce=1781420063393 disk=0 all=0
06-14 15:54:25.626 D/UsageStatsService( 2066): User[0] type=0 b=1781420035624 e=1781420075624 cb=1781348849473 ce=1781420063393 disk=0 all=0
06-14 15:54:25.628 D/UsageStatsService( 2066): User[0] type=0 b=1781420035627 e=1781420075627 cb=1781348849473 ce=1781420063393 disk=0 all=0
06-14 15:54:25.630 D/UsageStatsService( 2066): User[0] type=0 b=1781420035628 e=1781420075628 cb=1781348849473 ce=1781420063393 disk=0 all=0
06-14 15:54:25.632 D/UsageStatsService( 2066): User[0] type=0 b=1781420035631 e=1781420075631 cb=1781348849473 ce=1781420063393 disk=0 all=0
06-14 15:54:25.635 D/UsageStatsService( 2066): User[0] type=0 b=1781420035634 e=1781420075634 cb=1781348849473 ce=1781420063393 disk=0 all=0
06-14 15:54:25.638 D/UsageStatsService( 2066): User[0] type=0 b=1781420035637 e=1781420075637 cb=1781348849473 ce=1781420063393 disk=0 all=0
06-14 15:54:25.639 D/UsageStatsService( 2066): User[0] type=0 b=1781420035638 e=1781420075638 cb=1781348849473 ce=1781420063393 disk=0 all=0
06-14 15:54:25.639 D/UsageStatsService( 2066): User[0] type=0 b=1781420035639 e=1781420075639 cb=1781348849473 ce=1781420063393 disk=0 all=0
06-14 15:54:25.641 D/UsageStatsService( 2066): User[0] type=0 b=1781420035640 e=1781420075640 cb=1781348849473 ce=1781420063393 disk=0 all=0
06-14 15:54:25.643 D/UsageStatsService( 2066): User[0] type=0 b=1781420035642 e=1781420075642 cb=1781348849473 ce=1781420063393 disk=0 all=0
06-14 15:54:25.645 D/UsageStatsService( 2066): User[0] type=0 b=1781420035644 e=1781420075644 cb=1781348849473 ce=1781420063393 disk=0 all=0
06-14 15:54:25.647 D/UsageStatsService( 2066): User[0] type=0 b=1781420035647 e=1781420075647 cb=1781348849473 ce=1781420063393 disk=0 all=0
06-14 15:54:25.649 D/UsageStatsService( 2066): User[0] type=0 b=1781420035647 e=1781420075647 cb=1781348849473 ce=1781420063393 disk=0 all=0
06-14 15:54:25.652 D/UsageStatsService( 2066): User[0] type=0 b=1781420035650 e=1781420075650 cb=1781348849473 ce=1781420063393 disk=0 all=0
06-14 15:54:25.653 D/UsageStatsService( 2066): User[0] type=0 b=1781420035652 e=1781420075652 cb=1781348849473 ce=1781420063393 disk=0 all=0
06-14 15:54:25.655 D/UsageStatsService( 2066): User[0] type=0 b=1781420035654 e=1781420075654 cb=1781348849473 ce=1781420063393 disk=0 all=0
06-14 15:54:25.657 D/UsageStatsService( 2066): User[0] type=0 b=1781420035656 e=1781420075656 cb=1781348849473 ce=1781420063393 disk=0 all=0
06-14 15:54:25.660 D/UsageStatsService( 2066): User[0] type=0 b=1781420035658 e=1781420075658 cb=1781348849473 ce=1781420063393 disk=0 all=0
06-14 15:54:25.663 D/UsageStatsService( 2066): User[0] type=0 b=1781420035663 e=1781420075663 cb=1781348849473 ce=1781420063393 disk=0 all=0
06-14 15:54:25.664 D/UsageStatsService( 2066): User[0] type=0 b=1781420035664 e=1781420075664 cb=1781348849473 ce=1781420063393 disk=0 all=0
06-14 15:54:25.668 D/UsageStatsService( 2066): User[0] type=0 b=1781420035666 e=1781420075666 cb=1781348849473 ce=1781420063393 disk=0 all=0
06-14 15:54:25.671 D/UsageStatsService( 2066): User[0] type=0 b=1781420035670 e=1781420075670 cb=1781348849473 ce=1781420063393 disk=0 all=0
06-14 15:54:25.677 I/OplusHansManager ( 2066): uid=10370, pkg=com.facebook.orca F enter(), M stay=3
06-14 15:54:25.681 I/OplusHansManager ( 2066): freeze uid: 10370 com.facebook.orca pids: [5961] scene: LcdOn
06-14 15:54:25.682 D/IHansComunication( 6297): HANS sendMessageToKernel: threadId = 478846893232, netLinkSetup = 1, type = PKG, targetUid = 10370, pkgCmd = ADD_ONE_UID
06-14 15:54:25.682 I/OplusHansManager ( 2066): uid=10487, pkg=com.instagram.barcelona F enter(), M stay=3
06-14 15:54:25.686 I/OplusHansManager ( 2066): freeze uid: 10487 com.instagram.barcelona pids: [10411] scene: LcdOn
06-14 15:54:25.686 D/IHansComunication( 6297): HANS sendMessageToKernel: threadId = 478846893232, netLinkSetup = 1, type = PKG, targetUid = 10487, pkgCmd = ADD_ONE_UID
06-14 15:54:25.905 D/OplusSmartBrightnessController( 2066): handleMessage MSG_LUX_CHANGED, mLux:486.0747 luxQueue=[486.0747, 486.0747, 486.0747, 486.0747, 486.0747, 486.0747]
06-14 15:54:25.938 D/UsageStatsService( 2066): User[0] type=0 b=1781420035936 e=1781420075936 cb=1781348849473 ce=1781420063393 disk=0 all=0
06-14 15:54:25.940 D/UsageStatsService( 2066): User[0] type=0 b=1781420035939 e=1781420075939 cb=1781348849473 ce=1781420063393 disk=0 all=0
06-14 15:54:25.945 D/UsageStatsService( 2066): User[0] type=0 b=1781420035944 e=1781420075944 cb=1781348849473 ce=1781420063393 disk=0 all=0
06-14 15:54:25.947 D/UsageStatsService( 2066): User[0] type=0 b=1781420035946 e=1781420075946 cb=1781348849473 ce=1781420063393 disk=0 all=0
06-14 15:54:25.949 D/UsageStatsService( 2066): User[0] type=0 b=1781420035949 e=1781420075949 cb=1781348849473 ce=1781420063393 disk=0 all=0
06-14 15:54:25.952 D/UsageStatsService( 2066): User[0] type=0 b=1781420035951 e=1781420075951 cb=1781348849473 ce=1781420063393 disk=0 all=0
06-14 15:54:25.953 D/UsageStatsService( 2066): User[0] type=0 b=1781420035953 e=1781420075953 cb=1781348849473 ce=1781420063393 disk=0 all=0
06-14 15:54:25.954 D/UsageStatsService( 2066): User[0] type=0 b=1781420035954 e=1781420075954 cb=1781348849473 ce=1781420063393 disk=0 all=0
06-14 15:54:25.955 D/TracePrintUtil( 3730): asyncTraceEnd remove 504,windAnimTagArray.size = 0
06-14 15:54:25.955 D/TracePrintUtil( 3730): onWindowAnimationEnd
06-14 15:54:25.962 W/[0]DCS  (31945): Common Record event failed. DCS reject event: [appId=20110,logTag=201101,eventId=slide_cross_over_page] . Pls check server config.
06-14 15:54:25.962 D/UsageStatsService( 2066): User[0] type=0 b=1781420035958 e=1781420075958 cb=1781348849473 ce=1781420063393 disk=0 all=0
06-14 15:54:25.966 D/UsageStatsService( 2066): User[0] type=0 b=1781420035965 e=1781420075965 cb=1781348849473 ce=1781420063393 disk=0 all=0
06-14 15:54:25.971 I/[UAH_CLIENT_WRAPPER]( 2066): [UahNotifyWapper] inputflinger, src:1000, type:0
06-14 15:54:25.971 I/[UAH_CLIENT]( 2066): uahRuleCtl, ruleId:1000, status:0
06-14 15:54:25.971 D/UsageStatsService( 2066): User[0] type=0 b=1781420035970 e=1781420075970 cb=1781348849473 ce=1781420063393 disk=0 all=0
06-14 15:54:25.971 D/system_server( 2066): addOrUpdateWindow: set 7be6eaf com.android.launcher/com.android.launcher.Launcher firstDownTimeInTarget to 355420701911000
06-14 15:54:25.971 D/system_server( 2066): addOrUpdateWindow: set 3ea7026 com.android.systemui.wallpapers.ImageWallpaper firstDownTimeInTarget to 355420701911000
06-14 15:54:25.972 D/system_server( 2066): addOrUpdateWindow: set [Gesture Monitor] OplusExInputReceiver1 firstDownTimeInTarget to 355420701911000
06-14 15:54:25.972 I/[UAH_CLIENT_WRAPPER]( 2066): [UahEventAcquireWrapper] eventId:OSENSE_ACTION_TOUCH_BOOST, scene:none, identity:inputflinger, timeout:150
06-14 15:54:25.972 I/[UAH_CLIENT]( 2066): UahEventAcquire, cmdid:37, pkg:none, identity:inputflinger
06-14 15:54:25.973 D/OGG_Detector( 2066): D:done mCurrStatus: 0
06-14 15:54:25.973 D/PowerManagerService( 2066): userActivityNoUpdateLocked: groupId=0, eventTime=355420701, event=touch, flags=0x0, uid=1000
06-14 15:54:25.973 I/[UAH_CLIENT]( 1231): UahRelease, handle:117957
06-14 15:54:25.976 D/UsageStatsService( 2066): User[0] type=0 b=1781420035972 e=1781420075972 cb=1781348849473 ce=1781420063393 disk=0 all=0
06-14 15:54:25.978 D/UsageStatsService( 2066): User[0] type=0 b=1781420035976 e=1781420075976 cb=1781348849473 ce=1781420063393 disk=0 all=0
06-14 15:54:25.979 D/UsageStatsService( 2066): User[0] type=0 b=1781420035978 e=1781420075978 cb=1781348849473 ce=1781420063393 disk=0 all=0
06-14 15:54:25.981 D/UsageStatsService( 2066): User[0] type=0 b=1781420035981 e=1781420075981 cb=1781348849473 ce=1781420063393 disk=0 all=0
06-14 15:54:25.982 D/UsageStatsService( 2066): User[0] type=0 b=1781420035982 e=1781420075982 cb=1781348849473 ce=1781420063393 disk=0 all=0
06-14 15:54:25.983 D/UsageStatsService( 2066): User[0] type=0 b=1781420035983 e=1781420075983 cb=1781348849473 ce=1781420063393 disk=0 all=0
06-14 15:54:25.984 D/UsageStatsService( 2066): User[0] type=0 b=1781420035984 e=1781420075984 cb=1781348849473 ce=1781420063393 disk=0 all=0
06-14 15:54:25.986 D/UsageStatsService( 2066): User[0] type=0 b=1781420035985 e=1781420075985 cb=1781348849473 ce=1781420063393 disk=0 all=0
06-14 15:54:25.987 D/UsageStatsService( 2066): User[0] type=0 b=1781420035987 e=1781420075987 cb=1781348849473 ce=1781420063393 disk=0 all=0
06-14 15:54:25.988 D/UsageStatsService( 2066): User[0] type=0 b=1781420035988 e=1781420075988 cb=1781348849473 ce=1781420063393 disk=0 all=0
06-14 15:54:25.989 D/UsageStatsService( 2066): User[0] type=0 b=1781420035989 e=1781420075989 cb=1781348849473 ce=1781420063393 disk=0 all=0
06-14 15:54:25.991 D/UsageStatsService( 2066): User[0] type=0 b=1781420035991 e=1781420075991 cb=1781348849473 ce=1781420063393 disk=0 all=0
06-14 15:54:25.993 D/UsageStatsService( 2066): User[0] type=0 b=1781420035992 e=1781420075992 cb=1781348849473 ce=1781420063393 disk=0 all=0
06-14 15:54:25.994 D/UsageStatsService( 2066): User[0] type=0 b=1781420035993 e=1781420075993 cb=1781348849473 ce=1781420063393 disk=0 all=0
06-14 15:54:25.994 D/UsageStatsService( 2066): User[0] type=0 b=1781420035994 e=1781420075994 cb=1781348849473 ce=1781420063393 disk=0 all=0
06-14 15:54:25.995 D/UsageStatsService( 2066): User[0] type=0 b=1781420035995 e=1781420075995 cb=1781348849473 ce=1781420063393 disk=0 all=0
06-14 15:54:25.997 D/UsageStatsService( 2066): User[0] type=0 b=1781420035996 e=1781420075996 cb=1781348849473 ce=1781420063393 disk=0 all=0
06-14 15:54:25.998 D/UsageStatsService( 2066): User[0] type=0 b=1781420035997 e=1781420075997 cb=1781348849473 ce=1781420063393 disk=0 all=0
06-14 15:54:25.999 D/UsageStatsService( 2066): User[0] type=0 b=1781420035998 e=1781420075998 cb=1781348849473 ce=1781420063393 disk=0 all=0
06-14 15:54:26.001 D/UsageStatsService( 2066): User[0] type=0 b=1781420036000 e=1781420076000 cb=1781348849473 ce=1781420063393 disk=0 all=0
06-14 15:54:26.002 D/UsageStatsService( 2066): User[0] type=0 b=1781420036001 e=1781420076001 cb=1781348849473 ce=1781420063393 disk=0 all=0
06-14 15:54:26.003 D/UsageStatsService( 2066): User[0] type=0 b=1781420036002 e=1781420076002 cb=1781348849473 ce=1781420063393 disk=0 all=0
06-14 15:54:26.005 D/UsageStatsService( 2066): User[0] type=0 b=1781420036004 e=1781420076004 cb=1781348849473 ce=1781420063393 disk=0 all=0
06-14 15:54:26.007 D/UsageStatsService( 2066): User[0] type=0 b=1781420036006 e=1781420076006 cb=1781348849473 ce=1781420063393 disk=0 all=0
06-14 15:54:26.009 D/UsageStatsService( 2066): User[0] type=0 b=1781420036008 e=1781420076008 cb=1781348849473 ce=1781420063393 disk=0 all=0
06-14 15:54:26.010 D/UsageStatsService( 2066): User[0] type=0 b=1781420036009 e=1781420076009 cb=1781348849473 ce=1781420063393 disk=0 all=0
06-14 15:54:26.012 D/UsageStatsService( 2066): User[0] type=0 b=1781420036012 e=1781420076012 cb=1781348849473 ce=1781420063393 disk=0 all=0
06-14 15:54:26.014 D/UsageStatsService( 2066): User[0] type=0 b=1781420036014 e=1781420076014 cb=1781348849473 ce=1781420063393 disk=0 all=0
06-14 15:54:26.015 D/UsageStatsService( 2066): User[0] type=0 b=1781420036014 e=1781420076014 cb=1781348849473 ce=1781420063393 disk=0 all=0
06-14 15:54:26.017 D/UsageStatsService( 2066): User[0] type=0 b=1781420036016 e=1781420076016 cb=1781348849473 ce=1781420063393 disk=0 all=0
06-14 15:54:26.021 D/UsageStatsService( 2066): User[0] type=0 b=1781420036021 e=1781420076021 cb=1781348849473 ce=1781420063393 disk=0 all=0
06-14 15:54:26.022 D/UsageStatsService( 2066): User[0] type=0 b=1781420036022 e=1781420076022 cb=1781348849473 ce=1781420063393 disk=0 all=0
06-14 15:54:26.029 I/[UAH_CLIENT]( 1231): UahPlatformResAcquire
06-14 15:54:26.029 I/[UAH_CLIENT]( 1231): UahEventAcquire, cmdid:-3, pkg:2066 2578, identity:qcom-perfd
06-14 15:54:26.031 I/[UAH_CLIENT]( 1231): UahPlatformResAcquire
06-14 15:54:26.032 E/ANDR-PERF-RESOURCEQS( 1231): Resource with major=15, minor=0 not supported
06-14 15:54:26.032 I/[UAH_CLIENT]( 1231): UahEventAcquire, cmdid:-3, pkg:2066 2578, identity:qcom-perfd
06-14 15:54:26.032 E/ANDR-PERF-RESOURCEQS( 1231): Resource with major=15, minor=0 not supported
06-14 15:54:26.033 E/ANDR-PERF-RESOURCEQS( 1231): Resource with major=15, minor=0 not supported
06-14 15:54:26.033 E/ANDR-PERF-RESOURCEQS( 1231): Resource with major=15, minor=0 not supported
06-14 15:54:26.036 E/UAH_JNI ( 2066): uah_event_acquire ! cmdId: 69 ,strPkg: , strIdent: OplusActivityManagerServiceEnhance, timeout: 0
06-14 15:54:26.036 I/[UAH_CLIENT]( 2066): UahEventAcquire, cmdid:69, pkg:none, identity:OplusActivityManagerServiceEnhance
06-14 15:54:26.036 D/TracePrintUtil( 3730): asyncTraceBegin add 503
06-14 15:54:26.054 I/[UAH_CLIENT_WRAPPER]( 2066): [UahNotifyWapper] inputflinger, src:1000, type:1
06-14 15:54:26.054 I/[UAH_CLIENT]( 2066): uahRuleCtl, ruleId:1000, status:1
06-14 15:54:26.056 I/[UAH_CLIENT]( 1231): UahPlatformResAcquire
06-14 15:54:26.056 I/[UAH_CLIENT]( 1231): UahEventAcquire, cmdid:-3, pkg:2066 2578, identity:qcom-perfd
06-14 15:54:26.058 E/ANDR-PERF-RESOURCEQS( 1231): Resource with major=15, minor=0 not supported
06-14 15:54:26.058 E/ANDR-PERF-RESOURCEQS( 1231): Resource with major=15, minor=0 not supported
06-14 15:54:26.059 I/[UAH_CLIENT]( 1231): UahRelease, handle:117963
06-14 15:54:26.073 D/TracePrintUtil( 3730): asyncTraceEnd remove 503,windAnimTagArray.size = 0
06-14 15:54:26.073 D/TracePrintUtil( 3730): onWindowAnimationEnd
06-14 15:54:26.073 D/ViewRootImplExtImpl( 3730): the up motion event handled by client, just return
06-14 15:54:26.074 E/UAH_JNI ( 2066): uah_release ! handle: 117964
06-14 15:54:26.074 I/[UAH_CLIENT]( 2066): UahRelease, handle:117964
06-14 15:54:26.074 I/Quality ( 3730): Skipped: false 1 cost 16.535805 refreshRate 11158815 bit true processName com.android.launcher
06-14 15:54:26.074 D/TracePrintUtil( 3730): asyncTraceBegin add 504
06-14 15:54:26.076 E/UAH_JNI ( 2066): uah_event_acquire ! cmdId: 7 ,strPkg: , strIdent: OplusActivityManagerServiceEnhance, timeout: 572
06-14 15:54:26.076 I/[UAH_CLIENT]( 2066): UahEventAcquire, cmdid:7, pkg:none, identity:OplusActivityManagerServiceEnhance
06-14 15:54:26.148 I/[UAH_CLIENT]( 1231): UahRelease, handle:117962
06-14 15:54:26.288 D/UsageStatsService( 2066): User[0] type=0 b=1781420036286 e=1781420076286 cb=1781348849473 ce=1781420063393 disk=0 all=0
06-14 15:54:26.291 D/UsageStatsService( 2066): User[0] type=0 b=1781420036290 e=1781420076290 cb=1781348849473 ce=1781420063393 disk=0 all=0
06-14 15:54:26.295 D/UsageStatsService( 2066): User[0] type=0 b=1781420036294 e=1781420076294 cb=1781348849473 ce=1781420063393 disk=0 all=0
06-14 15:54:26.296 D/UsageStatsService( 2066): User[0] type=0 b=1781420036295 e=1781420076295 cb=1781348849473 ce=1781420063393 disk=0 all=0
06-14 15:54:26.299 D/UsageStatsService( 2066): User[0] type=0 b=1781420036298 e=1781420076298 cb=1781348849473 ce=1781420063393 disk=0 all=0
06-14 15:54:26.302 D/UsageStatsService( 2066): User[0] type=0 b=1781420036301 e=1781420076301 cb=1781348849473 ce=1781420063393 disk=0 all=0
06-14 15:54:26.303 D/IHansComunication( 6297): HANS sendMessageToKernel: threadId = 478846893232, netLinkSetup = 1, type = FROZEN_TRANS, targetUid = 10524, pkgCmd = PKG_CMD_MAX
06-14 15:54:26.304 D/UsageStatsService( 2066): User[0] type=0 b=1781420036304 e=1781420076304 cb=1781348849473 ce=1781420063393 disk=0 all=0
06-14 15:54:26.308 D/UsageStatsService( 2066): User[0] type=0 b=1781420036307 e=1781420076307 cb=1781348849473 ce=1781420063393 disk=0 all=0
06-14 15:54:26.316 D/UsageStatsService( 2066): User[0] type=0 b=1781420036316 e=1781420076316 cb=1781348849473 ce=1781420063393 disk=0 all=0
06-14 15:54:26.322 D/UsageStatsService( 2066): User[0] type=0 b=1781420036321 e=1781420076321 cb=1781348849473 ce=1781420063393 disk=0 all=0
06-14 15:54:26.323 D/UsageStatsService( 2066): User[0] type=0 b=1781420036322 e=1781420076322 cb=1781348849473 ce=1781420063393 disk=0 all=0
06-14 15:54:26.325 D/UsageStatsService( 2066): User[0] type=0 b=1781420036324 e=1781420076324 cb=1781348849473 ce=1781420063393 disk=0 all=0
06-14 15:54:26.327 D/UsageStatsService( 2066): User[0] type=0 b=1781420036325 e=1781420076325 cb=1781348849473 ce=1781420063393 disk=0 all=0
06-14 15:54:26.329 D/UsageStatsService( 2066): User[0] type=0 b=1781420036328 e=1781420076328 cb=1781348849473 ce=1781420063393 disk=0 all=0
06-14 15:54:26.332 D/UsageStatsService( 2066): User[0] type=0 b=1781420036331 e=1781420076331 cb=1781348849473 ce=1781420063393 disk=0 all=0
06-14 15:54:26.333 D/UsageStatsService( 2066): User[0] type=0 b=1781420036332 e=1781420076332 cb=1781348849473 ce=1781420063393 disk=0 all=0
06-14 15:54:26.335 D/UsageStatsService( 2066): User[0] type=0 b=1781420036335 e=1781420076335 cb=1781348849473 ce=1781420063393 disk=0 all=0
06-14 15:54:26.339 D/UsageStatsService( 2066): User[0] type=0 b=1781420036337 e=1781420076337 cb=1781348849473 ce=1781420063393 disk=0 all=0
06-14 15:54:26.340 D/UsageStatsService( 2066): User[0] type=0 b=1781420036340 e=1781420076340 cb=1781348849473 ce=1781420063393 disk=0 all=0
06-14 15:54:26.342 D/UsageStatsService( 2066): User[0] type=0 b=1781420036341 e=1781420076341 cb=1781348849473 ce=1781420063393 disk=0 all=0
06-14 15:54:26.344 D/UsageStatsService( 2066): User[0] type=0 b=1781420036343 e=1781420076343 cb=1781348849473 ce=1781420063393 disk=0 all=0
06-14 15:54:26.347 D/UsageStatsService( 2066): User[0] type=0 b=1781420036347 e=1781420076347 cb=1781348849473 ce=1781420063393 disk=0 all=0
06-14 15:54:26.351 D/UsageStatsService( 2066): User[0] type=0 b=1781420036350 e=1781420076350 cb=1781348849473 ce=1781420063393 disk=0 all=0
06-14 15:54:26.352 D/UsageStatsService( 2066): User[0] type=0 b=1781420036351 e=1781420076351 cb=1781348849473 ce=1781420063393 disk=0 all=0
06-14 15:54:26.353 D/UsageStatsService( 2066): User[0] type=0 b=1781420036352 e=1781420076352 cb=1781348849473 ce=1781420063393 disk=0 all=0
06-14 15:54:26.355 D/UsageStatsService( 2066): User[0] type=0 b=1781420036354 e=1781420076354 cb=1781348849473 ce=1781420063393 disk=0 all=0
06-14 15:54:26.357 D/UsageStatsService( 2066): User[0] type=0 b=1781420036356 e=1781420076356 cb=1781348849473 ce=1781420063393 disk=0 all=0
06-14 15:54:26.359 D/UsageStatsService( 2066): User[0] type=0 b=1781420036358 e=1781420076358 cb=1781348849473 ce=1781420063393 disk=0 all=0
06-14 15:54:26.362 D/UsageStatsService( 2066): User[0] type=0 b=1781420036359 e=1781420076359 cb=1781348849473 ce=1781420063393 disk=0 all=0
06-14 15:54:26.363 D/UsageStatsService( 2066): User[0] type=0 b=1781420036363 e=1781420076363 cb=1781348849473 ce=1781420063393 disk=0 all=0
06-14 15:54:26.364 D/UsageStatsService( 2066): User[0] type=0 b=1781420036363 e=1781420076363 cb=1781348849473 ce=1781420063393 disk=0 all=0
06-14 15:54:26.367 D/UsageStatsService( 2066): User[0] type=0 b=1781420036366 e=1781420076366 cb=1781348849473 ce=1781420063393 disk=0 all=0
06-14 15:54:26.371 D/UsageStatsService( 2066): User[0] type=0 b=1781420036371 e=1781420076371 cb=1781348849473 ce=1781420063393 disk=0 all=0
06-14 15:54:26.607 D/TracePrintUtil( 3730): asyncTraceEnd remove 504,windAnimTagArray.size = 0
06-14 15:54:26.607 D/TracePrintUtil( 3730): onWindowAnimationEnd
06-14 15:54:26.613 W/[0]DCS  (31945): Common Record event failed. DCS reject event: [appId=20110,logTag=201101,eventId=slide_cross_over_page] . Pls check server config.
06-14 15:54:26.638 D/UsageStatsService( 2066): User[0] type=0 b=1781420036637 e=1781420076637 cb=1781348849473 ce=1781420063393 disk=0 all=0
06-14 15:54:26.641 D/UsageStatsService( 2066): User[0] type=0 b=1781420036640 e=1781420076640 cb=1781348849473 ce=1781420063393 disk=0 all=0
06-14 15:54:26.645 D/UsageStatsService( 2066): User[0] type=0 b=1781420036644 e=1781420076644 cb=1781348849473 ce=1781420063393 disk=0 all=0
06-14 15:54:26.646 D/UsageStatsService( 2066): User[0] type=0 b=1781420036645 e=1781420076645 cb=1781348849473 ce=1781420063393 disk=0 all=0
06-14 15:54:26.648 D/UsageStatsService( 2066): User[0] type=0 b=1781420036648 e=1781420076648 cb=1781348849473 ce=1781420063393 disk=0 all=0
06-14 15:54:26.651 D/UsageStatsService( 2066): User[0] type=0 b=1781420036651 e=1781420076651 cb=1781348849473 ce=1781420063393 disk=0 all=0
06-14 15:54:26.653 D/UsageStatsService( 2066): User[0] type=0 b=1781420036652 e=1781420076652 cb=1781348849473 ce=1781420063393 disk=0 all=0
06-14 15:54:26.655 D/UsageStatsService( 2066): User[0] type=0 b=1781420036654 e=1781420076654 cb=1781348849473 ce=1781420063393 disk=0 all=0
06-14 15:54:26.657 D/UsageStatsService( 2066): User[0] type=0 b=1781420036657 e=1781420076657 cb=1781348849473 ce=1781420063393 disk=0 all=0
06-14 15:54:26.666 D/UsageStatsService( 2066): User[0] type=0 b=1781420036666 e=1781420076666 cb=1781348849473 ce=1781420063393 disk=0 all=0
06-14 15:54:26.671 D/UsageStatsService( 2066): User[0] type=0 b=1781420036670 e=1781420076670 cb=1781348849473 ce=1781420063393 disk=0 all=0
06-14 15:54:26.673 D/UsageStatsService( 2066): User[0] type=0 b=1781420036672 e=1781420076672 cb=1781348849473 ce=1781420063393 disk=0 all=0
06-14 15:54:26.674 D/UsageStatsService( 2066): User[0] type=0 b=1781420036674 e=1781420076674 cb=1781348849473 ce=1781420063393 disk=0 all=0
06-14 15:54:26.676 D/UsageStatsService( 2066): User[0] type=0 b=1781420036676 e=1781420076676 cb=1781348849473 ce=1781420063393 disk=0 all=0
06-14 15:54:26.677 D/UsageStatsService( 2066): User[0] type=0 b=1781420036677 e=1781420076677 cb=1781348849473 ce=1781420063393 disk=0 all=0
06-14 15:54:26.678 D/UsageStatsService( 2066): User[0] type=0 b=1781420036678 e=1781420076678 cb=1781348849473 ce=1781420063393 disk=0 all=0
06-14 15:54:26.681 D/UsageStatsService( 2066): User[0] type=0 b=1781420036681 e=1781420076681 cb=1781348849473 ce=1781420063393 disk=0 all=0
06-14 15:54:26.682 D/UsageStatsService( 2066): User[0] type=0 b=1781420036682 e=1781420076682 cb=1781348849473 ce=1781420063393 disk=0 all=0
06-14 15:54:26.683 D/IHansComunication( 6297): HANS sendMessageToKernel: threadId = 478846893232, netLinkSetup = 1, type = FROZEN_TRANS, targetUid = 10370, pkgCmd = PKG_CMD_MAX
06-14 15:54:26.684 D/UsageStatsService( 2066): User[0] type=0 b=1781420036684 e=1781420076684 cb=1781348849473 ce=1781420063393 disk=0 all=0
06-14 15:54:26.686 D/UsageStatsService( 2066): User[0] type=0 b=1781420036685 e=1781420076685 cb=1781348849473 ce=1781420063393 disk=0 all=0
06-14 15:54:26.686 D/IHansComunication( 6297): HANS sendMessageToKernel: threadId = 478846893232, netLinkSetup = 1, type = FROZEN_TRANS, targetUid = 10487, pkgCmd = PKG_CMD_MAX
06-14 15:54:26.688 D/UsageStatsService( 2066): User[0] type=0 b=1781420036687 e=1781420076687 cb=1781348849473 ce=1781420063393 disk=0 all=0
06-14 15:54:26.689 D/UsageStatsService( 2066): User[0] type=0 b=1781420036688 e=1781420076688 cb=1781348849473 ce=1781420063393 disk=0 all=0
06-14 15:54:26.690 D/UsageStatsService( 2066): User[0] type=0 b=1781420036689 e=1781420076689 cb=1781348849473 ce=1781420063393 disk=0 all=0
06-14 15:54:26.691 D/UsageStatsService( 2066): User[0] type=0 b=1781420036691 e=1781420076691 cb=1781348849473 ce=1781420063393 disk=0 all=0
06-14 15:54:26.693 D/UsageStatsService( 2066): User[0] type=0 b=1781420036692 e=1781420076692 cb=1781348849473 ce=1781420063393 disk=0 all=0
06-14 15:54:26.695 D/UsageStatsService( 2066): User[0] type=0 b=1781420036694 e=1781420076694 cb=1781348849473 ce=1781420063393 disk=0 all=0
06-14 15:54:26.697 D/UsageStatsService( 2066): User[0] type=0 b=1781420036696 e=1781420076696 cb=1781348849473 ce=1781420063393 disk=0 all=0
06-14 15:54:26.698 D/UsageStatsService( 2066): User[0] type=0 b=1781420036697 e=1781420076697 cb=1781348849473 ce=1781420063393 disk=0 all=0
06-14 15:54:26.699 D/UsageStatsService( 2066): User[0] type=0 b=1781420036698 e=1781420076698 cb=1781348849473 ce=1781420063393 disk=0 all=0
06-14 15:54:26.701 D/UsageStatsService( 2066): User[0] type=0 b=1781420036700 e=1781420076700 cb=1781348849473 ce=1781420063393 disk=0 all=0
06-14 15:54:26.702 D/UsageStatsService( 2066): User[0] type=0 b=1781420036701 e=1781420076701 cb=1781348849473 ce=1781420063393 disk=0 all=0
06-14 15:54:26.703 D/UsageStatsService( 2066): User[0] type=0 b=1781420036702 e=1781420076702 cb=1781348849473 ce=1781420063393 disk=0 all=0
06-14 15:54:26.705 D/UsageStatsService( 2066): User[0] type=0 b=1781420036705 e=1781420076705 cb=1781348849473 ce=1781420063393 disk=0 all=0
06-14 15:54:26.707 D/UsageStatsService( 2066): User[0] type=0 b=1781420036706 e=1781420076706 cb=1781348849473 ce=1781420063393 disk=0 all=0
06-14 15:54:26.708 I/vendor.qti.bluetooth@1.0-ibs_handler( 1200): ProcessIbsCmd: Received IBS_WAKE_IND: 0xFD
06-14 15:54:26.708 D/vendor.qti.bluetooth@1.0-ibs_handler( 1200): SerialClockVote: vote for UART CLK ON
06-14 15:54:26.709 D/UsageStatsService( 2066): User[0] type=0 b=1781420036708 e=1781420076708 cb=1781348849473 ce=1781420063393 disk=0 all=0
06-14 15:54:26.710 D/vendor.qti.bluetooth@1.0-wake_lock( 1200): Acquire wakelock is acquired 
06-14 15:54:26.710 I/vendor.qti.bluetooth@1.0-ibs_handler( 1200): ProcessIbsCmd: Writing IBS_WAKE_ACK
06-14 15:54:26.711 E/adv_data_processor(17806): adv data modified, but len check fail or data invalid, stay intact
06-14 15:54:26.711 D/UsageStatsService( 2066): User[0] type=0 b=1781420036710 e=1781420076710 cb=1781348849473 ce=1781420063393 disk=0 all=0
06-14 15:54:26.713 D/UsageStatsService( 2066): User[0] type=0 b=1781420036713 e=1781420076713 cb=1781348849473 ce=1781420063393 disk=0 all=0
06-14 15:54:26.715 D/UsageStatsService( 2066): User[0] type=0 b=1781420036714 e=1781420076714 cb=1781348849473 ce=1781420063393 disk=0 all=0
06-14 15:54:26.717 D/UsageStatsService( 2066): User[0] type=0 b=1781420036716 e=1781420076716 cb=1781348849473 ce=1781420063393 disk=0 all=0
06-14 15:54:26.721 D/UsageStatsService( 2066): User[0] type=0 b=1781420036720 e=1781420076720 cb=1781348849473 ce=1781420063393 disk=0 all=0
06-14 15:54:26.722 D/UsageStatsService( 2066): User[0] type=0 b=1781420036721 e=1781420076721 cb=1781348849473 ce=1781420063393 disk=0 all=0
06-14 15:54:26.751 I/vendor.qti.bluetooth@1.0-ibs_handler( 1200): ProcessIbsCmd: Received IBS_SLEEP_IND: 0xFE
06-14 15:54:26.751 D/vendor.qti.bluetooth@1.0-ibs_handler( 1200): SerialClockVote: vote for UART CLK OFF
06-14 15:54:26.785 I/vendor.qti.bluetooth@1.0-ibs_handler( 1200): ProcessIbsCmd: Received IBS_WAKE_IND: 0xFD
06-14 15:54:26.786 D/vendor.qti.bluetooth@1.0-ibs_handler( 1200): SerialClockVote: vote for UART CLK ON
06-14 15:54:26.786 I/vendor.qti.bluetooth@1.0-ibs_handler( 1200): ProcessIbsCmd: Writing IBS_WAKE_ACK
06-14 15:54:26.788 E/adv_data_processor(17806): adv data modified, but len check fail or data invalid, stay intact
06-14 15:54:26.827 I/vendor.qti.bluetooth@1.0-ibs_handler( 1200): ProcessIbsCmd: Received IBS_SLEEP_IND: 0xFE
06-14 15:54:26.827 D/vendor.qti.bluetooth@1.0-ibs_handler( 1200): SerialClockVote: vote for UART CLK OFF
06-14 15:54:26.935 D/SurfaceFlinger( 1374): captureDisplay from pid 1374 uid -1 display 4630946962717273473
06-14 15:54:26.977 D/vendor.qti.bluetooth@1.0-wake_lock( 1200): Release wakelock is released 
06-14 15:54:26.986 I/Osense-PsiDetector( 2066): 1809,657,2701,6656,60,296,348,1170,1674,529,735,0,8,8664
06-14 15:54:26.987 I/Osense-BaseDecisionMaker( 2066): notifySceneToAthenaPolicy: SCENE_RES_MEM_PSI_NORMAL, bundle: Bundle[{memLevel=3}]
06-14 15:54:26.988 D/UsageStatsService( 2066): User[0] type=0 b=1781420036986 e=1781420076986 cb=1781348849473 ce=1781420063393 disk=0 all=0
06-14 15:54:26.989 W/OsenseCommonUtils( 2066): /proc/oplus_mem/fragmentation_index is not exist
06-14 15:54:26.991 W/OsenseCommonUtils( 2066): /proc/oplus_mem/fragmentation_index is not exist
06-14 15:54:26.991 D/UsageStatsService( 2066): User[0] type=0 b=1781420036990 e=1781420076990 cb=1781348849473 ce=1781420063393 disk=0 all=0
06-14 15:54:26.992 W/OsenseCommonUtils( 2066): /proc/oplus_mem/fragmentation_index is not exist
06-14 15:54:26.993 W/OsenseCommonUtils( 2066): /proc/oplus_mem/fragmentation_index is not exist
06-14 15:54:26.993 W/OsenseCommonUtils( 2066): /proc/oplus_mem/fragmentation_index is not exist
06-14 15:54:26.994 W/OsenseCommonUtils( 2066): /proc/oplus_mem/fragmentation_index is not exist
06-14 15:54:26.995 D/UsageStatsService( 2066): User[0] type=0 b=1781420036994 e=1781420076994 cb=1781348849473 ce=1781420063393 disk=0 all=0
06-14 15:54:26.996 D/UsageStatsService( 2066): User[0] type=0 b=1781420036995 e=1781420076995 cb=1781348849473 ce=1781420063393 disk=0 all=0
06-14 15:54:26.999 D/UsageStatsService( 2066): User[0] type=0 b=1781420036998 e=1781420076998 cb=1781348849473 ce=1781420063393 disk=0 all=0
06-14 15:54:27.001 D/UsageStatsService( 2066): User[0] type=0 b=1781420037001 e=1781420077001 cb=1781348849473 ce=1781420063393 disk=0 all=0
06-14 15:54:27.003 D/UsageStatsService( 2066): User[0] type=0 b=1781420037002 e=1781420077002 cb=1781348849473 ce=1781420063393 disk=0 all=0
06-14 15:54:27.004 D/UsageStatsService( 2066): User[0] type=0 b=1781420037004 e=1781420077004 cb=1781348849473 ce=1781420063393 disk=0 all=0
06-14 15:54:27.008 D/UsageStatsService( 2066): User[0] type=0 b=1781420037007 e=1781420077007 cb=1781348849473 ce=1781420063393 disk=0 all=0
06-14 15:54:27.016 D/UsageStatsService( 2066): User[0] type=0 b=1781420037016 e=1781420077016 cb=1781348849473 ce=1781420063393 disk=0 all=0
06-14 15:54:27.021 D/UsageStatsService( 2066): User[0] type=0 b=1781420037020 e=1781420077020 cb=1781348849473 ce=1781420063393 disk=0 all=0
06-14 15:54:27.023 D/UsageStatsService( 2066): User[0] type=0 b=1781420037022 e=1781420077022 cb=1781348849473 ce=1781420063393 disk=0 all=0
06-14 15:54:27.024 D/UsageStatsService( 2066): User[0] type=0 b=1781420037024 e=1781420077024 cb=1781348849473 ce=1781420063393 disk=0 all=0
06-14 15:54:27.026 D/UsageStatsService( 2066): User[0] type=0 b=1781420037025 e=1781420077025 cb=1781348849473 ce=1781420063393 disk=0 all=0
06-14 15:54:27.027 D/UsageStatsService( 2066): User[0] type=0 b=1781420037027 e=1781420077027 cb=1781348849473 ce=1781420063393 disk=0 all=0
06-14 15:54:27.028 D/UsageStatsService( 2066): User[0] type=0 b=1781420037028 e=1781420077028 cb=1781348849473 ce=1781420063393 disk=0 all=0
06-14 15:54:27.031 D/UsageStatsService( 2066): User[0] type=0 b=1781420037031 e=1781420077031 cb=1781348849473 ce=1781420063393 disk=0 all=0
06-14 15:54:27.032 D/UsageStatsService( 2066): User[0] type=0 b=1781420037031 e=1781420077031 cb=1781348849473 ce=1781420063393 disk=0 all=0
06-14 15:54:27.034 D/UsageStatsService( 2066): User[0] type=0 b=1781420037034 e=1781420077034 cb=1781348849473 ce=1781420063393 disk=0 all=0
06-14 15:54:27.036 D/UsageStatsService( 2066): User[0] type=0 b=1781420037035 e=1781420077035 cb=1781348849473 ce=1781420063393 disk=0 all=0
06-14 15:54:27.038 D/UsageStatsService( 2066): User[0] type=0 b=1781420037037 e=1781420077037 cb=1781348849473 ce=1781420063393 disk=0 all=0
06-14 15:54:27.039 D/UsageStatsService( 2066): User[0] type=0 b=1781420037038 e=1781420077038 cb=1781348849473 ce=1781420063393 disk=0 all=0
06-14 15:54:27.040 D/UsageStatsService( 2066): User[0] type=0 b=1781420037039 e=1781420077039 cb=1781348849473 ce=1781420063393 disk=0 all=0
06-14 15:54:27.041 D/UsageStatsService( 2066): User[0] type=0 b=1781420037040 e=1781420077040 cb=1781348849473 ce=1781420063393 disk=0 all=0
06-14 15:54:27.042 D/UsageStatsService( 2066): User[0] type=0 b=1781420037042 e=1781420077042 cb=1781348849473 ce=1781420063393 disk=0 all=0
06-14 15:54:27.044 D/UsageStatsService( 2066): User[0] type=0 b=1781420037043 e=1781420077043 cb=1781348849473 ce=1781420063393 disk=0 all=0
06-14 15:54:27.044 D/UsageStatsService( 2066): User[0] type=0 b=1781420037044 e=1781420077044 cb=1781348849473 ce=1781420063393 disk=0 all=0
06-14 15:54:27.047 D/UsageStatsService( 2066): User[0] type=0 b=1781420037046 e=1781420077046 cb=1781348849473 ce=1781420063393 disk=0 all=0
06-14 15:54:27.048 D/UsageStatsService( 2066): User[0] type=0 b=1781420037047 e=1781420077047 cb=1781348849473 ce=1781420063393 disk=0 all=0
06-14 15:54:27.051 D/UsageStatsService( 2066): User[0] type=0 b=1781420037050 e=1781420077050 cb=1781348849473 ce=1781420063393 disk=0 all=0
06-14 15:54:27.052 D/UsageStatsService( 2066): User[0] type=0 b=1781420037051 e=1781420077051 cb=1781348849473 ce=1781420063393 disk=0 all=0
06-14 15:54:27.053 D/UsageStatsService( 2066): User[0] type=0 b=1781420037052 e=1781420077052 cb=1781348849473 ce=1781420063393 disk=0 all=0
06-14 15:54:27.055 D/UsageStatsService( 2066): User[0] type=0 b=1781420037055 e=1781420077055 cb=1781348849473 ce=1781420063393 disk=0 all=0
06-14 15:54:27.056 D/UsageStatsService( 2066): User[0] type=0 b=1781420037056 e=1781420077056 cb=1781348849473 ce=1781420063393 disk=0 all=0
06-14 15:54:27.057 D/UsageStatsService( 2066): User[0] type=0 b=1781420037057 e=1781420077057 cb=1781348849473 ce=1781420063393 disk=0 all=0
06-14 15:54:27.058 D/UsageStatsService( 2066): User[0] type=0 b=1781420037058 e=1781420077058 cb=1781348849473 ce=1781420063393 disk=0 all=0
06-14 15:54:27.060 D/UsageStatsService( 2066): User[0] type=0 b=1781420037059 e=1781420077059 cb=1781348849473 ce=1781420063393 disk=0 all=0
06-14 15:54:27.060 D/UsageStatsService( 2066): User[0] type=0 b=1781420037060 e=1781420077060 cb=1781348849473 ce=1781420063393 disk=0 all=0
06-14 15:54:27.062 D/UsageStatsService( 2066): User[0] type=0 b=1781420037062 e=1781420077062 cb=1781348849473 ce=1781420063393 disk=0 all=0
06-14 15:54:27.064 D/UsageStatsService( 2066): User[0] type=0 b=1781420037063 e=1781420077064 cb=1781348849473 ce=1781420063393 disk=0 all=0
06-14 15:54:27.065 D/UsageStatsService( 2066): User[0] type=0 b=1781420037064 e=1781420077064 cb=1781348849473 ce=1781420063393 disk=0 all=0
06-14 15:54:27.067 D/UsageStatsService( 2066): User[0] type=0 b=1781420037066 e=1781420077066 cb=1781348849473 ce=1781420063393 disk=0 all=0
06-14 15:54:27.071 D/UsageStatsService( 2066): User[0] type=0 b=1781420037070 e=1781420077070 cb=1781348849473 ce=1781420063393 disk=0 all=0
06-14 15:54:27.085 D/lowmemorykiller(  647): medium pressure event triggered
06-14 15:54:27.086 I/Osense-PsiDetector( 2066): 1810,659,2700,6656,60,296,348,1170,1674,529,735,0,8,8661
06-14 15:54:27.087 E/lowmemorykiller(  647): calc_zone_watermarks pgskip_deltas_val: 0 pgskip_deltas[PGSKIP_IDX(i++)]: 0
06-14 15:54:27.087 E/lowmemorykiller(  647): adj:1001 file_cache:323915 free:168704
06-14 15:54:27.087 E/lowmemorykiller(  647): device has enough memory 1854344Kib, and freeMemory 674816Kib, disable killing(limit_killing:819200Kib)
06-14 15:54:27.128 I/[UAH_CLIENT]( 1231): UahRelease, handle:117965
06-14 15:54:27.187 D/lowmemorykiller(  647): medium pressure event polling check
06-14 15:54:27.188 D/lowmemorykiller(  647): thrashing: 0% thrashing_limit: 30%
06-14 15:54:27.189 E/lowmemorykiller(  647): calc_zone_watermarks pgskip_deltas_val: 0 pgskip_deltas[PGSKIP_IDX(i++)]: 0
06-14 15:54:27.189 E/lowmemorykiller(  647): adj:1001 file_cache:323915 free:168889
06-14 15:54:27.190 E/lowmemorykiller(  647): device has enough memory 1855080Kib, and freeMemory 675556Kib, disable killing(limit_killing:819200Kib)
06-14 15:54:27.269 I/SystemUi--Statusbar( 3476): BatteryControllerExt-->handleBroadcast() : broadcast = android.intent.action.BATTERY_CHANGED, charging = true, wirelessCharging = false, wirelessChargingReverse = false, pluggedIn = true, full = false, error = false, plugged = 2, status = 2, notifyCode = 0, wirelessReverseChgType = 0, level = 89
06-14 15:54:27.270 I/SystemUi--Statusbar( 3476): BatteryRepository-->model: BatteryStateModel:(level: 89, pluggedInWireless: false, charging: true, wirelessChargingReverse: false)
06-14 15:54:27.270 W/SystemUi--Keyguard( 3476): ChargingAnimationImpl-->BatteryStatus is same as last time , return
06-14 15:54:27.271 D/SubsysBroadcastManager( 4039): onReceive action:android.intent.action.BATTERY_CHANGED
06-14 15:54:27.274 E/VendorNfcService( 7002): changeNfcStateByWirelessCharge: feature WIRELESS_CHARGING = true; mIsWirelessCharging: false; mIsReverseChargingSwitchOpen: false; mNfcWorkMode: 0; isOverSeaRegion() = true
06-14 15:54:27.276 D/DeviceStatisticsService(28314): onReceive: action= android.intent.action.BATTERY_CHANGED
06-14 15:54:27.279 W/ActivityManager( 2066): Receiver with filter android.content.IntentFilter@8c097fb already registered for pid 2066, callerPackage is android
06-14 15:54:27.279 E/Battery ( 6222): a: getAISleepDuration: predictResult is null.
06-14 15:54:27.279 E/Battery ( 6222): ChargeProtectionUtils: mCanlendarTmp.isEmpty()!
06-14 15:54:27.290 D/lowmemorykiller(  647): medium pressure event polling check
06-14 15:54:27.290 D/lowmemorykiller(  647): thrashing: 0% thrashing_limit: 30%
06-14 15:54:27.290 E/lowmemorykiller(  647): calc_zone_watermarks pgskip_deltas_val: 0 pgskip_deltas[PGSKIP_IDX(i++)]: 0
06-14 15:54:27.290 E/lowmemorykiller(  647): adj:1001 file_cache:323915 free:168883
06-14 15:54:27.290 E/lowmemorykiller(  647): device has enough memory 1855056Kib, and freeMemory 675532Kib, disable killing(limit_killing:819200Kib)
06-14 15:54:27.339 D/UsageStatsService( 2066): User[0] type=0 b=1781420037336 e=1781420077336 cb=1781348849473 ce=1781420063393 disk=0 all=0
06-14 15:54:27.347 D/UsageStatsService( 2066): User[0] type=0 b=1781420037344 e=1781420077344 cb=1781348849473 ce=1781420063393 disk=0 all=0
06-14 15:54:27.351 D/UsageStatsService( 2066): User[0] type=0 b=1781420037348 e=1781420077348 cb=1781348849473 ce=1781420063393 disk=0 all=0
06-14 15:54:27.355 D/UsageStatsService( 2066): User[0] type=0 b=1781420037352 e=1781420077352 cb=1781348849473 ce=1781420063393 disk=0 all=0
06-14 15:54:27.359 D/UsageStatsService( 2066): User[0] type=0 b=1781420037357 e=1781420077357 cb=1781348849473 ce=1781420063393 disk=0 all=0
06-14 15:54:27.367 D/UsageStatsService( 2066): User[0] type=0 b=1781420037365 e=1781420077365 cb=1781348849473 ce=1781420063393 disk=0 all=0
06-14 15:54:27.372 D/UsageStatsService( 2066): User[0] type=0 b=1781420037370 e=1781420077370 cb=1781348849473 ce=1781420063393 disk=0 all=0
06-14 15:54:27.376 D/UsageStatsService( 2066): User[0] type=0 b=1781420037374 e=1781420077374 cb=1781348849473 ce=1781420063393 disk=0 all=0
06-14 15:54:27.379 D/UsageStatsService( 2066): User[0] type=0 b=1781420037377 e=1781420077377 cb=1781348849473 ce=1781420063393 disk=0 all=0
06-14 15:54:27.383 D/UsageStatsService( 2066): User[0] type=0 b=1781420037381 e=1781420077381 cb=1781348849473 ce=1781420063393 disk=0 all=0
06-14 15:54:27.386 D/UsageStatsService( 2066): User[0] type=0 b=1781420037384 e=1781420077384 cb=1781348849473 ce=1781420063393 disk=0 all=0
06-14 15:54:27.389 D/UsageStatsService( 2066): User[0] type=0 b=1781420037387 e=1781420077387 cb=1781348849473 ce=1781420063393 disk=0 all=0
06-14 15:54:27.391 D/lowmemorykiller(  647): medium pressure event polling check
06-14 15:54:27.391 D/lowmemorykiller(  647): thrashing: 0% thrashing_limit: 30%
06-14 15:54:27.392 E/lowmemorykiller(  647): calc_zone_watermarks pgskip_deltas_val: 0 pgskip_deltas[PGSKIP_IDX(i++)]: 0
06-14 15:54:27.392 D/UsageStatsService( 2066): User[0] type=0 b=1781420037390 e=1781420077390 cb=1781348849473 ce=1781420063393 disk=0 all=0
06-14 15:54:27.392 E/lowmemorykiller(  647): adj:1001 file_cache:323915 free:169003
06-14 15:54:27.392 E/lowmemorykiller(  647): device has enough memory 1855536Kib, and freeMemory 676012Kib, disable killing(limit_killing:819200Kib)
06-14 15:54:27.395 D/UsageStatsService( 2066): User[0] type=0 b=1781420037393 e=1781420077393 cb=1781348849473 ce=1781420063393 disk=0 all=0
06-14 15:54:27.399 D/UsageStatsService( 2066): User[0] type=0 b=1781420037397 e=1781420077397 cb=1781348849473 ce=1781420063393 disk=0 all=0
06-14 15:54:27.400 D/WifiStaIfaceHidlImpl( 2066): getCachedScanData is not implemented by HIDL
06-14 15:54:27.401 I/Osense-PsiDetector( 2066): 1812,660,2698,6656,60,296,348,1168,1674,529,735,0,8,8661
06-14 15:54:27.402 I/Osense-BaseDecisionMaker( 2066): notifySceneToAthenaPolicy: SCENE_RES_MEM_PSI_NORMAL, bundle: Bundle[{memLevel=4}]
06-14 15:54:27.403 D/UsageStatsService( 2066): User[0] type=0 b=1781420037400 e=1781420077400 cb=1781348849473 ce=1781420063393 disk=0 all=0
06-14 15:54:27.404 W/OsenseCommonUtils( 2066): /proc/oplus_mem/fragmentation_index is not exist
06-14 15:54:27.406 W/OsenseCommonUtils( 2066): /proc/oplus_mem/fragmentation_index is not exist
06-14 15:54:27.407 D/UsageStatsService( 2066): User[0] type=0 b=1781420037405 e=1781420077405 cb=1781348849473 ce=1781420063393 disk=0 all=0
06-14 15:54:27.407 W/OsenseCommonUtils( 2066): /proc/oplus_mem/fragmentation_index is not exist
06-14 15:54:27.408 W/OsenseCommonUtils( 2066): /proc/oplus_mem/fragmentation_index is not exist
06-14 15:54:27.409 W/OsenseCommonUtils( 2066): /proc/oplus_mem/fragmentation_index is not exist
06-14 15:54:27.409 D/UsageStatsService( 2066): User[0] type=0 b=1781420037407 e=1781420077407 cb=1781348849473 ce=1781420063393 disk=0 all=0
06-14 15:54:27.411 W/OsenseCommonUtils( 2066): /proc/oplus_mem/fragmentation_index is not exist
06-14 15:54:27.411 I/Osense-BaseDecisionMaker( 2066): notifySceneToAthenaPolicy: SCENE_RES_MEM_PSI_LEAK, bundle: Bundle[{memLevel=4}]
06-14 15:54:27.412 W/OsenseCommonUtils( 2066): /proc/oplus_mem/fragmentation_index is not exist
06-14 15:54:27.413 D/UsageStatsService( 2066): User[0] type=0 b=1781420037410 e=1781420077410 cb=1781348849473 ce=1781420063393 disk=0 all=0
06-14 15:54:27.416 D/UsageStatsService( 2066): User[0] type=0 b=1781420037414 e=1781420077414 cb=1781348849473 ce=1781420063393 disk=0 all=0
06-14 15:54:27.416 D/WifiStatusTracker( 3476): mNetworkCallback onCapabilitiesChanged network:144 mPrimaryNetworkId:144
06-14 15:54:27.418 D/UsageStatsService( 2066): User[0] type=0 b=1781420037416 e=1781420077416 cb=1781348849473 ce=1781420063393 disk=0 all=0
06-14 15:54:27.421 D/WifiStatusTracker( 3476): mNetworkCallback onCapabilitiesChanged network:144 mPrimaryNetworkId:144
06-14 15:54:27.422 D/UsageStatsService( 2066): User[0] type=0 b=1781420037420 e=1781420077420 cb=1781348849473 ce=1781420063393 disk=0 all=0
06-14 15:54:27.423 D/SystemNetworkObserver( 2066): wifi network 144 nc changed, primary=true
06-14 15:54:27.423 D/SystemNetworkObserver( 2066): default network nc changed 144
06-14 15:54:27.424 D/UsageStatsService( 2066): User[0] type=0 b=1781420037423 e=1781420077423 cb=1781348849473 ce=1781420063393 disk=0 all=0
06-14 15:54:27.425 E/TMMS-NetworkCallbackImpl( 7328): network ---> capability-changed, type: Wi-Fi.
06-14 15:54:27.431 I/BugleRcsEngine(32447): handleMessage processing message:[NOTIFY_UPTIME_IGNORE_STATE_CHANGED] with [non-null]:RcsEngineImpl reference [CONTEXT log_prefix="RcsEngineImpl[DUAL_REG]:[a751e14d-25f7]>Handler" thread_id=523 ]
06-14 15:54:27.431 I/BugleRcsEngine(32447): Connected state: [1], networkType: [WIFI] [CONTEXT thread_id=517 ]
06-14 15:54:27.432 I/SystemUi--Statusbar( 3476): NetworkController.WifiSignalController-->handleStatusUpdated state=3 enabled=true connected=true isDefaultNetwork=true rssi=-78 level=2 wifiStandard=5 statusLabel=null isDirty=false
06-14 15:54:27.432 I/BugleRcsEngine(32447): Cannot use CS.apk as it's battery optimized [CONTEXT thread_id=523 ]
06-14 15:54:27.433 D/OplusSlaNetworkManager( 2066): isPrimaryWifi:true network:144
06-14 15:54:27.434 I/ONet.Lan_LanConnectManager(31957): (LanConnectivityReceiver.java:10)onRssiChanged, but do not need sync to remote!
06-14 15:54:27.437 I/NullBinder(27202): NullBinder for android.net.action.RECOMMEND_NETWORKS triggering remote TransactionTooLargeException due to Service without Chimera impl, calling uid: 1000, calling pid: 0
06-14 15:54:27.437 W/.gms.persistent(27202): Large reply transaction of 2113536 bytes, interface descriptor , code 1
06-14 15:54:27.438 I/SystemUi--Statusbar( 3476): NetworkController.WifiSignalController-->handleStatusUpdated state=3 enabled=true connected=true isDefaultNetwork=true rssi=-78 level=2 wifiStandard=5 statusLabel=null isDirty=false
06-14 15:54:27.440 I/NullBinder(27202): NullBinder for android.net.action.RECOMMEND_NETWORKS triggering remote TransactionTooLargeException due to Service without Chimera impl, calling uid: 1000, calling pid: 0
06-14 15:54:27.440 W/.gms.persistent(27202): Large reply transaction of 2113536 bytes, interface descriptor , code 1
06-14 15:54:27.440 I/SystemUi--Statusbar( 3476): NetworkController.WifiSignalController-->handleStatusUpdated state=3 enabled=true connected=true isDefaultNetwork=true rssi=-78 level=2 wifiStandard=5 statusLabel=null isDirty=false
06-14 15:54:27.441 I/OplusHansManager ( 2066): unfreeze uid: 10370 com.facebook.orca pids: [5961] reason: AsyncBinder scene: LcdOn
06-14 15:54:27.441 I/OplusHansManager ( 2066): uid=10370, pkg=com.facebook.orca F exit(), F stay=1, reason=AsyncBinder
06-14 15:54:27.444 I/OplusHansManager ( 2066): unfreeze uid: 10524 com.ss.android.ugc.tiktok.lite pids: [9983] reason: AsyncBinder scene: LcdOn
06-14 15:54:27.444 I/OplusHansManager ( 2066): uid=10524, pkg=com.ss.android.ugc.tiktok.lite F exit(), F stay=2, reason=AsyncBinder
06-14 15:54:27.445 D/ConnectivityService( 2066): NetReassign [no changes] [c 1] [a 1] [i 1]
06-14 15:54:27.446 I/OplusHansManager ( 2066): unfreeze uid: 10487 com.instagram.barcelona pids: [10411] reason: AsyncBinder scene: LcdOn
06-14 15:54:27.446 I/OplusHansManager ( 2066): uid=10487, pkg=com.instagram.barcelona F exit(), F stay=1, reason=AsyncBinder
06-14 15:54:27.447 I/NearbyMediums(27202): Wifi changed new SSID: "aterm-37a24a-5p"
06-14 15:54:27.447 I/NearbyMediums(27202): WifiLanConnectivityInfo is not changed, skip notify.
06-14 15:54:27.452 V/com.readdle.spark.app.l( 8893): Network state changed RSMReachabilityFlags(reachableViaWiFi=true, hasInternetConnection=true, transient=false)
06-14 15:54:27.485 W/System.err( 9983): FlagsHookHelper: skip hook flags method getInstanceHook
06-14 15:54:27.492 D/lowmemorykiller(  647): medium pressure event polling check
06-14 15:54:27.493 D/lowmemorykiller(  647): thrashing: 0% thrashing_limit: 30%
06-14 15:54:27.493 E/lowmemorykiller(  647): calc_zone_watermarks pgskip_deltas_val: 0 pgskip_deltas[PGSKIP_IDX(i++)]: 0
06-14 15:54:27.493 E/lowmemorykiller(  647): adj:1001 file_cache:324025 free:168698
06-14 15:54:27.493 E/lowmemorykiller(  647): device has enough memory 1854756Kib, and freeMemory 674792Kib, disable killing(limit_killing:819200Kib)
06-14 15:54:27.495 W/NaviWarn( 9983): StackPtr is not 8-byte aligned.
06-14 15:54:27.501 D/lowmemorykiller(  647): super critical pressure event triggered
06-14 15:54:27.501 D/lowmemorykiller(  647): thrashing: 0% thrashing_limit: 30%
06-14 15:54:27.501 E/lowmemorykiller(  647): calc_zone_watermarks pgskip_deltas_val: 0 pgskip_deltas[PGSKIP_IDX(i++)]: 0
06-14 15:54:27.502 E/lowmemorykiller(  647): adj:1001 file_cache:324025 free:168757
06-14 15:54:27.502 E/lowmemorykiller(  647): device has enough memory 1854988Kib, and freeMemory 675028Kib, disable killing(limit_killing:819200Kib)
06-14 15:54:27.506 D/lowmemorykiller(  647): super critical pressure event polling check
06-14 15:54:27.506 D/lowmemorykiller(  647): thrashing: 0% thrashing_limit: 30%
06-14 15:54:27.506 E/lowmemorykiller(  647): calc_zone_watermarks pgskip_deltas_val: 0 pgskip_deltas[PGSKIP_IDX(i++)]: 0
06-14 15:54:27.506 E/lowmemorykiller(  647): adj:1001 file_cache:324025 free:168757
06-14 15:54:27.506 E/lowmemorykiller(  647): device has enough memory 1854988Kib, and freeMemory 675028Kib, disable killing(limit_killing:819200Kib)
06-14 15:54:27.527 D/lowmemorykiller(  647): super critical pressure event polling check
06-14 15:54:27.527 D/lowmemorykiller(  647): thrashing: 0% thrashing_limit: 30%
06-14 15:54:27.528 E/lowmemorykiller(  647): calc_zone_watermarks pgskip_deltas_val: 0 pgskip_deltas[PGSKIP_IDX(i++)]: 0
06-14 15:54:27.528 E/lowmemorykiller(  647): adj:1001 file_cache:324025 free:168757
06-14 15:54:27.528 E/lowmemorykiller(  647): device has enough memory 1854988Kib, and freeMemory 675028Kib, disable killing(limit_killing:819200Kib)
06-14 15:54:27.538 D/lowmemorykiller(  647): super critical pressure event polling check
06-14 15:54:27.538 D/lowmemorykiller(  647): thrashing: 0% thrashing_limit: 30%
06-14 15:54:27.539 E/lowmemorykiller(  647): calc_zone_watermarks pgskip_deltas_val: 0 pgskip_deltas[PGSKIP_IDX(i++)]: 0
06-14 15:54:27.539 E/lowmemorykiller(  647): adj:1001 file_cache:324025 free:168759
06-14 15:54:27.539 E/lowmemorykiller(  647): device has enough memory 1854992Kib, and freeMemory 675036Kib, disable killing(limit_killing:819200Kib)
06-14 15:54:27.549 D/lowmemorykiller(  647): super critical pressure event polling check
06-14 15:54:27.550 D/lowmemorykiller(  647): thrashing: 0% thrashing_limit: 30%
06-14 15:54:27.550 E/lowmemorykiller(  647): calc_zone_watermarks pgskip_deltas_val: 0 pgskip_deltas[PGSKIP_IDX(i++)]: 0
06-14 15:54:27.550 E/lowmemorykiller(  647): adj:1001 file_cache:324024 free:168765
06-14 15:54:27.550 E/lowmemorykiller(  647): device has enough memory 1855000Kib, and freeMemory 675060Kib, disable killing(limit_killing:819200Kib)
06-14 15:54:27.562 D/lowmemorykiller(  647): super critical pressure event polling check
06-14 15:54:27.563 D/lowmemorykiller(  647): thrashing: 0% thrashing_limit: 30%
06-14 15:54:27.563 E/lowmemorykiller(  647): calc_zone_watermarks pgskip_deltas_val: 0 pgskip_deltas[PGSKIP_IDX(i++)]: 0
06-14 15:54:27.563 E/lowmemorykiller(  647): adj:1001 file_cache:324024 free:168765
06-14 15:54:27.563 E/lowmemorykiller(  647): device has enough memory 1855000Kib, and freeMemory 675060Kib, disable killing(limit_killing:819200Kib)
06-14 15:54:27.573 D/lowmemorykiller(  647): super critical pressure event polling check
06-14 15:54:27.573 D/lowmemorykiller(  647): thrashing: 0% thrashing_limit: 30%
06-14 15:54:27.573 E/lowmemorykiller(  647): calc_zone_watermarks pgskip_deltas_val: 0 pgskip_deltas[PGSKIP_IDX(i++)]: 0
06-14 15:54:27.574 E/lowmemorykiller(  647): adj:1001 file_cache:324024 free:168822
06-14 15:54:27.574 E/lowmemorykiller(  647): device has enough memory 1855228Kib, and freeMemory 675288Kib, disable killing(limit_killing:819200Kib)
06-14 15:54:27.586 D/lowmemorykiller(  647): super critical pressure event polling check
06-14 15:54:27.586 D/lowmemorykiller(  647): thrashing: 0% thrashing_limit: 30%
06-14 15:54:27.586 E/lowmemorykiller(  647): calc_zone_watermarks pgskip_deltas_val: 0 pgskip_deltas[PGSKIP_IDX(i++)]: 0
06-14 15:54:27.586 E/lowmemorykiller(  647): adj:1001 file_cache:324024 free:168822
06-14 15:54:27.587 E/lowmemorykiller(  647): device has enough memory 1855228Kib, and freeMemory 675288Kib, disable killing(limit_killing:819200Kib)
06-14 15:54:27.597 D/lowmemorykiller(  647): super critical pressure event polling check
06-14 15:54:27.597 D/lowmemorykiller(  647): Ignoring super critical pressure event; system is not in reclaim or compaction and no refaults
06-14 15:54:27.610 D/lowmemorykiller(  647): super critical pressure event polling check
06-14 15:54:27.611 D/lowmemorykiller(  647): Ignoring super critical pressure event; system is not in reclaim or compaction and no refaults
06-14 15:54:27.621 D/lowmemorykiller(  647): super critical pressure event polling check
06-14 15:54:27.622 D/lowmemorykiller(  647): Ignoring super critical pressure event; system is not in reclaim or compaction and no refaults
06-14 15:54:27.631 W/[0]DCS  (31945): Common Record event failed. DCS reject event: [appId=20110,logTag=201101,eventId=card_or_widget_exposure] . Pls check server config.
06-14 15:54:27.634 D/lowmemorykiller(  647): super critical pressure event polling check
06-14 15:54:27.636 D/lowmemorykiller(  647): Ignoring super critical pressure event; system is not in reclaim or compaction and no refaults
06-14 15:54:27.646 D/lowmemorykiller(  647): super critical pressure event polling check
06-14 15:54:27.647 D/lowmemorykiller(  647): thrashing: 0% thrashing_limit: 30%
06-14 15:54:27.647 E/lowmemorykiller(  647): calc_zone_watermarks pgskip_deltas_val: 0 pgskip_deltas[PGSKIP_IDX(i++)]: 0
06-14 15:54:27.647 E/lowmemorykiller(  647): adj:1001 file_cache:324024 free:168822
06-14 15:54:27.647 E/lowmemorykiller(  647): device has enough memory 1855228Kib, and freeMemory 675288Kib, disable killing(limit_killing:819200Kib)
06-14 15:54:27.648 W/[0]DCS  (31945): Common Record event failed. DCS reject event: [appId=20110,logTag=201101,eventId=card_or_widget_exposure] . Pls check server config.
06-14 15:54:27.657 D/lowmemorykiller(  647): super critical pressure event polling check
06-14 15:54:27.658 D/lowmemorykiller(  647): thrashing: 0% thrashing_limit: 30%
06-14 15:54:27.658 E/lowmemorykiller(  647): calc_zone_watermarks pgskip_deltas_val: 0 pgskip_deltas[PGSKIP_IDX(i++)]: 0
06-14 15:54:27.658 E/lowmemorykiller(  647): adj:1001 file_cache:324024 free:168824
06-14 15:54:27.658 E/lowmemorykiller(  647): device has enough memory 1855232Kib, and freeMemory 675296Kib, disable killing(limit_killing:819200Kib)
06-14 15:54:27.670 D/lowmemorykiller(  647): super critical pressure event polling check
06-14 15:54:27.671 D/lowmemorykiller(  647): Ignoring super critical pressure event; system is not in reclaim or compaction and no refaults
06-14 15:54:27.681 D/lowmemorykiller(  647): super critical pressure event polling check
06-14 15:54:27.682 D/lowmemorykiller(  647): Ignoring super critical pressure event; system is not in reclaim or compaction and no refaults
06-14 15:54:27.689 D/UsageStatsService( 2066): User[0] type=0 b=1781420037686 e=1781420077686 cb=1781348849473 ce=1781420063393 disk=0 all=0
06-14 15:54:27.691 D/UsageStatsService( 2066): User[0] type=0 b=1781420037690 e=1781420077690 cb=1781348849473 ce=1781420063393 disk=0 all=0
06-14 15:54:27.694 D/lowmemorykiller(  647): super critical pressure event polling check
06-14 15:54:27.694 D/lowmemorykiller(  647): thrashing: 0% thrashing_limit: 30%
06-14 15:54:27.694 E/lowmemorykiller(  647): calc_zone_watermarks pgskip_deltas_val: 0 pgskip_deltas[PGSKIP_IDX(i++)]: 0
06-14 15:54:27.695 E/lowmemorykiller(  647): adj:1001 file_cache:324024 free:168824
06-14 15:54:27.695 E/lowmemorykiller(  647): device has enough memory 1855232Kib, and freeMemory 675296Kib, disable killing(limit_killing:819200Kib)
06-14 15:54:27.696 D/UsageStatsService( 2066): User[0] type=0 b=1781420037695 e=1781420077695 cb=1781348849473 ce=1781420063393 disk=0 all=0
06-14 15:54:27.700 D/UsageStatsService( 2066): User[0] type=0 b=1781420037699 e=1781420077699 cb=1781348849473 ce=1781420063393 disk=0 all=0
06-14 15:54:27.702 D/UsageStatsService( 2066): User[0] type=0 b=1781420037701 e=1781420077701 cb=1781348849473 ce=1781420063393 disk=0 all=0
06-14 15:54:27.705 D/lowmemorykiller(  647): super critical pressure event polling check
06-14 15:54:27.705 D/lowmemorykiller(  647): thrashing: 0% thrashing_limit: 30%
06-14 15:54:27.705 E/lowmemorykiller(  647): calc_zone_watermarks pgskip_deltas_val: 0 pgskip_deltas[PGSKIP_IDX(i++)]: 0
06-14 15:54:27.706 E/lowmemorykiller(  647): adj:1001 file_cache:324024 free:168824
06-14 15:54:27.706 E/lowmemorykiller(  647): device has enough memory 1855232Kib, and freeMemory 675296Kib, disable killing(limit_killing:819200Kib)
06-14 15:54:27.706 D/UsageStatsService( 2066): User[0] type=0 b=1781420037704 e=1781420077704 cb=1781348849473 ce=1781420063393 disk=0 all=0
06-14 15:54:27.709 D/UsageStatsService( 2066): User[0] type=0 b=1781420037707 e=1781420077707 cb=1781348849473 ce=1781420063393 disk=0 all=0
06-14 15:54:27.710 D/UsageStatsService( 2066): User[0] type=0 b=1781420037707 e=1781420077707 cb=1781348849473 ce=1781420063393 disk=0 all=0
06-14 15:54:27.717 D/UsageStatsService( 2066): User[0] type=0 b=1781420037716 e=1781420077716 cb=1781348849473 ce=1781420063393 disk=0 all=0
06-14 15:54:27.718 D/lowmemorykiller(  647): super critical pressure event polling check
06-14 15:54:27.719 D/lowmemorykiller(  647): Ignoring super critical pressure event; system is not in reclaim or compaction and no refaults
06-14 15:54:27.723 D/UsageStatsService( 2066): User[0] type=0 b=1781420037720 e=1781420077720 cb=1781348849473 ce=1781420063393 disk=0 all=0
06-14 15:54:27.726 D/UsageStatsService( 2066): User[0] type=0 b=1781420037724 e=1781420077724 cb=1781348849473 ce=1781420063393 disk=0 all=0
06-14 15:54:27.729 D/lowmemorykiller(  647): super critical pressure event polling check
06-14 15:54:27.730 D/lowmemorykiller(  647): Ignoring super critical pressure event; system is not in reclaim or compaction and no refaults
06-14 15:54:27.730 D/UsageStatsService( 2066): User[0] type=0 b=1781420037728 e=1781420077728 cb=1781348849473 ce=1781420063393 disk=0 all=0
06-14 15:54:27.733 D/UsageStatsService( 2066): User[0] type=0 b=1781420037731 e=1781420077731 cb=1781348849473 ce=1781420063393 disk=0 all=0
06-14 15:54:27.736 D/UsageStatsService( 2066): User[0] type=0 b=1781420037734 e=1781420077734 cb=1781348849473 ce=1781420063393 disk=0 all=0
06-14 15:54:27.739 D/UsageStatsService( 2066): User[0] type=0 b=1781420037737 e=1781420077737 cb=1781348849473 ce=1781420063393 disk=0 all=0
06-14 15:54:27.742 D/lowmemorykiller(  647): super critical pressure event polling check
06-14 15:54:27.743 D/lowmemorykiller(  647): thrashing: 0% thrashing_limit: 30%
06-14 15:54:27.743 D/UsageStatsService( 2066): User[0] type=0 b=1781420037740 e=1781420077740 cb=1781348849473 ce=1781420063393 disk=0 all=0
06-14 15:54:27.743 E/lowmemorykiller(  647): calc_zone_watermarks pgskip_deltas_val: 0 pgskip_deltas[PGSKIP_IDX(i++)]: 0
06-14 15:54:27.743 E/lowmemorykiller(  647): adj:1001 file_cache:324024 free:168824
06-14 15:54:27.743 E/lowmemorykiller(  647): device has enough memory 1855232Kib, and freeMemory 675296Kib, disable killing(limit_killing:819200Kib)
06-14 15:54:27.745 D/UsageStatsService( 2066): User[0] type=0 b=1781420037743 e=1781420077743 cb=1781348849473 ce=1781420063393 disk=0 all=0
06-14 15:54:27.748 D/UsageStatsService( 2066): User[0] type=0 b=1781420037746 e=1781420077746 cb=1781348849473 ce=1781420063393 disk=0 all=0
06-14 15:54:27.752 D/UsageStatsService( 2066): User[0] type=0 b=1781420037751 e=1781420077751 cb=1781348849473 ce=1781420063393 disk=0 all=0
06-14 15:54:27.753 D/lowmemorykiller(  647): super critical pressure event polling check
06-14 15:54:27.754 D/lowmemorykiller(  647): thrashing: 0% thrashing_limit: 30%
06-14 15:54:27.754 E/lowmemorykiller(  647): calc_zone_watermarks pgskip_deltas_val: 0 pgskip_deltas[PGSKIP_IDX(i++)]: 0
06-14 15:54:27.754 E/lowmemorykiller(  647): adj:1001 file_cache:324024 free:168824
06-14 15:54:27.754 E/lowmemorykiller(  647): device has enough memory 1855232Kib, and freeMemory 675296Kib, disable killing(limit_killing:819200Kib)
06-14 15:54:27.756 D/UsageStatsService( 2066): User[0] type=0 b=1781420037754 e=1781420077754 cb=1781348849473 ce=1781420063393 disk=0 all=0
06-14 15:54:27.760 D/UsageStatsService( 2066): User[0] type=0 b=1781420037758 e=1781420077758 cb=1781348849473 ce=1781420063393 disk=0 all=0
06-14 15:54:27.765 D/UsageStatsService( 2066): User[0] type=0 b=1781420037762 e=1781420077762 cb=1781348849473 ce=1781420063393 disk=0 all=0
06-14 15:54:27.767 D/lowmemorykiller(  647): super critical pressure event polling check
06-14 15:54:27.767 D/lowmemorykiller(  647): Ignoring super critical pressure event; system is not in reclaim or compaction and no refaults
06-14 15:54:27.769 D/UsageStatsService( 2066): User[0] type=0 b=1781420037767 e=1781420077767 cb=1781348849473 ce=1781420063393 disk=0 all=0
06-14 15:54:27.772 D/UsageStatsService( 2066): User[0] type=0 b=1781420037770 e=1781420077770 cb=1781348849473 ce=1781420063393 disk=0 all=0
06-14 15:54:27.777 D/lowmemorykiller(  647): super critical pressure event polling check
06-14 15:54:27.778 D/lowmemorykiller(  647): thrashing: 0% thrashing_limit: 30%
06-14 15:54:27.778 E/lowmemorykiller(  647): calc_zone_watermarks pgskip_deltas_val: 0 pgskip_deltas[PGSKIP_IDX(i++)]: 0
06-14 15:54:27.778 E/lowmemorykiller(  647): adj:1001 file_cache:324026 free:168824
06-14 15:54:27.778 E/lowmemorykiller(  647): device has enough memory 1855240Kib, and freeMemory 675296Kib, disable killing(limit_killing:819200Kib)
06-14 15:54:27.790 D/lowmemorykiller(  647): super critical pressure event polling check
06-14 15:54:27.791 D/lowmemorykiller(  647): thrashing: 0% thrashing_limit: 30%
06-14 15:54:27.791 E/lowmemorykiller(  647): calc_zone_watermarks pgskip_deltas_val: 0 pgskip_deltas[PGSKIP_IDX(i++)]: 0
06-14 15:54:27.791 E/lowmemorykiller(  647): adj:1001 file_cache:324026 free:168826
06-14 15:54:27.791 E/lowmemorykiller(  647): device has enough memory 1855244Kib, and freeMemory 675304Kib, disable killing(limit_killing:819200Kib)
06-14 15:54:27.801 D/lowmemorykiller(  647): super critical pressure event polling check
06-14 15:54:27.802 D/lowmemorykiller(  647): thrashing: 0% thrashing_limit: 30%
06-14 15:54:27.802 E/lowmemorykiller(  647): calc_zone_watermarks pgskip_deltas_val: 0 pgskip_deltas[PGSKIP_IDX(i++)]: 0
06-14 15:54:27.802 E/lowmemorykiller(  647): adj:1001 file_cache:324026 free:168826
06-14 15:54:27.802 E/lowmemorykiller(  647): device has enough memory 1855244Kib, and freeMemory 675304Kib, disable killing(limit_killing:819200Kib)
06-14 15:54:27.814 D/lowmemorykiller(  647): super critical pressure event polling check
06-14 15:54:27.815 D/lowmemorykiller(  647): Ignoring super critical pressure event; system is not in reclaim or compaction and no refaults
06-14 15:54:27.825 D/lowmemorykiller(  647): super critical pressure event polling check
06-14 15:54:27.826 D/lowmemorykiller(  647): thrashing: 0% thrashing_limit: 30%
06-14 15:54:27.826 E/lowmemorykiller(  647): calc_zone_watermarks pgskip_deltas_val: 0 pgskip_deltas[PGSKIP_IDX(i++)]: 0
06-14 15:54:27.827 E/lowmemorykiller(  647): adj:1001 file_cache:324026 free:168826
06-14 15:54:27.827 E/lowmemorykiller(  647): device has enough memory 1855244Kib, and freeMemory 675304Kib, disable killing(limit_killing:819200Kib)
06-14 15:54:27.837 D/lowmemorykiller(  647): super critical pressure event polling check
06-14 15:54:27.838 D/lowmemorykiller(  647): thrashing: 0% thrashing_limit: 30%
06-14 15:54:27.838 E/lowmemorykiller(  647): calc_zone_watermarks pgskip_deltas_val: 0 pgskip_deltas[PGSKIP_IDX(i++)]: 0
06-14 15:54:27.839 E/lowmemorykiller(  647): adj:1001 file_cache:324026 free:168826
06-14 15:54:27.839 E/lowmemorykiller(  647): device has enough memory 1855244Kib, and freeMemory 675304Kib, disable killing(limit_killing:819200Kib)
06-14 15:54:27.849 D/lowmemorykiller(  647): super critical pressure event polling check
06-14 15:54:27.850 D/lowmemorykiller(  647): thrashing: 0% thrashing_limit: 30%
06-14 15:54:27.850 E/lowmemorykiller(  647): calc_zone_watermarks pgskip_deltas_val: 0 pgskip_deltas[PGSKIP_IDX(i++)]: 0
06-14 15:54:27.850 E/lowmemorykiller(  647): adj:1001 file_cache:324026 free:168883
06-14 15:54:27.850 E/lowmemorykiller(  647): device has enough memory 1855472Kib, and freeMemory 675532Kib, disable killing(limit_killing:819200Kib)
06-14 15:54:27.855 W/msgr.JDGWNetworkRevalidatorBridge( 5961): No active network to report connectivity issue
06-14 15:54:27.861 D/lowmemorykiller(  647): super critical pressure event polling check
06-14 15:54:27.862 D/lowmemorykiller(  647): Ignoring super critical pressure event; system is not in reclaim or compaction and no refaults
06-14 15:54:27.874 D/lowmemorykiller(  647): super critical pressure event polling check
06-14 15:54:27.874 D/lowmemorykiller(  647): Ignoring super critical pressure event; system is not in reclaim or compaction and no refaults
06-14 15:54:27.877 D/ShellSubscriberWorkerThread(12384): the first 8 bytes empty, and RestData length > 8 
06-14 15:54:27.883 E/msgr.msys( 5961): E[N mns:DGWClient]_LogError(304)=>Failed to resolve using system DNS resolver, getaddrinfo(): No address associated with hostname
06-14 15:54:27.885 D/lowmemorykiller(  647): super critical pressure event polling check
06-14 15:54:27.885 D/lowmemorykiller(  647): thrashing: 0% thrashing_limit: 30%
06-14 15:54:27.886 E/lowmemorykiller(  647): calc_zone_watermarks pgskip_deltas_val: 0 pgskip_deltas[PGSKIP_IDX(i++)]: 0
06-14 15:54:27.886 E/lowmemorykiller(  647): adj:1001 file_cache:324026 free:168889
06-14 15:54:27.886 E/lowmemorykiller(  647): device has enough memory 1855496Kib, and freeMemory 675556Kib, disable killing(limit_killing:819200Kib)
06-14 15:54:27.889 E/msgr.msys( 5961): E[N mns:DGWClient]_LogError(304)=>Failed to resolve using system DNS resolver, getaddrinfo(): No address associated with hostname
06-14 15:54:27.898 D/lowmemorykiller(  647): super critical pressure event polling check
06-14 15:54:27.899 D/lowmemorykiller(  647): thrashing: 0% thrashing_limit: 30%
06-14 15:54:27.899 E/lowmemorykiller(  647): calc_zone_watermarks pgskip_deltas_val: 0 pgskip_deltas[PGSKIP_IDX(i++)]: 0
06-14 15:54:27.899 E/lowmemorykiller(  647): adj:1001 file_cache:324028 free:168946
06-14 15:54:27.899 E/lowmemorykiller(  647): device has enough memory 1855732Kib, and freeMemory 675784Kib, disable killing(limit_killing:819200Kib)
06-14 15:54:27.909 D/lowmemorykiller(  647): super critical pressure event polling check
06-14 15:54:27.909 D/lowmemorykiller(  647): thrashing: 0% thrashing_limit: 30%
06-14 15:54:27.910 E/lowmemorykiller(  647): calc_zone_watermarks pgskip_deltas_val: 0 pgskip_deltas[PGSKIP_IDX(i++)]: 0
06-14 15:54:27.910 E/lowmemorykiller(  647): adj:1001 file_cache:324028 free:168950
06-14 15:54:27.910 E/lowmemorykiller(  647): device has enough memory 1855748Kib, and freeMemory 675800Kib, disable killing(limit_killing:819200Kib)
06-14 15:54:27.922 D/lowmemorykiller(  647): super critical pressure event polling check
06-14 15:54:27.923 D/lowmemorykiller(  647): Ignoring super critical pressure event; system is not in reclaim or compaction and no refaults
06-14 15:54:27.933 D/lowmemorykiller(  647): super critical pressure event polling check
06-14 15:54:27.934 D/lowmemorykiller(  647): thrashing: 0% thrashing_limit: 30%
06-14 15:54:27.934 E/lowmemorykiller(  647): calc_zone_watermarks pgskip_deltas_val: 0 pgskip_deltas[PGSKIP_IDX(i++)]: 0
06-14 15:54:27.934 E/lowmemorykiller(  647): adj:1001 file_cache:324028 free:168950
06-14 15:54:27.934 E/lowmemorykiller(  647): device has enough memory 1855748Kib, and freeMemory 675800Kib, disable killing(limit_killing:819200Kib)
06-14 15:54:27.945 D/lowmemorykiller(  647): super critical pressure event polling check
06-14 15:54:27.946 D/lowmemorykiller(  647): thrashing: 0% thrashing_limit: 30%
06-14 15:54:27.946 E/lowmemorykiller(  647): calc_zone_watermarks pgskip_deltas_val: 0 pgskip_deltas[PGSKIP_IDX(i++)]: 0
06-14 15:54:27.946 E/lowmemorykiller(  647): adj:1001 file_cache:324028 free:168950
06-14 15:54:27.947 E/lowmemorykiller(  647): device has enough memory 1855748Kib, and freeMemory 675800Kib, disable killing(limit_killing:819200Kib)
06-14 15:54:27.957 D/lowmemorykiller(  647): super critical pressure event polling check
06-14 15:54:27.957 D/lowmemorykiller(  647): thrashing: 0% thrashing_limit: 30%
06-14 15:54:27.958 E/lowmemorykiller(  647): calc_zone_watermarks pgskip_deltas_val: 0 pgskip_deltas[PGSKIP_IDX(i++)]: 0
06-14 15:54:27.958 E/lowmemorykiller(  647): adj:1001 file_cache:324028 free:168950
06-14 15:54:27.958 E/lowmemorykiller(  647): device has enough memory 1855748Kib, and freeMemory 675800Kib, disable killing(limit_killing:819200Kib)
06-14 15:54:27.970 D/lowmemorykiller(  647): super critical pressure event polling check
06-14 15:54:27.971 D/lowmemorykiller(  647): thrashing: 0% thrashing_limit: 30%
06-14 15:54:27.972 E/lowmemorykiller(  647): calc_zone_watermarks pgskip_deltas_val: 0 pgskip_deltas[PGSKIP_IDX(i++)]: 0
06-14 15:54:27.972 E/lowmemorykiller(  647): adj:1001 file_cache:324028 free:168950
06-14 15:54:27.972 E/lowmemorykiller(  647): device has enough memory 1855748Kib, and freeMemory 675800Kib, disable killing(limit_killing:819200Kib)
06-14 15:54:27.982 D/lowmemorykiller(  647): super critical pressure event polling check
06-14 15:54:27.983 D/lowmemorykiller(  647): thrashing: 0% thrashing_limit: 30%
06-14 15:54:27.984 E/lowmemorykiller(  647): calc_zone_watermarks pgskip_deltas_val: 0 pgskip_deltas[PGSKIP_IDX(i++)]: 0
06-14 15:54:27.984 E/lowmemorykiller(  647): adj:1001 file_cache:324028 free:168945
06-14 15:54:27.984 E/lowmemorykiller(  647): device has enough memory 1855728Kib, and freeMemory 675780Kib, disable killing(limit_killing:819200Kib)
06-14 15:54:27.994 D/lowmemorykiller(  647): super critical pressure event polling check
06-14 15:54:27.995 D/lowmemorykiller(  647): thrashing: 0% thrashing_limit: 30%
06-14 15:54:27.995 E/lowmemorykiller(  647): calc_zone_watermarks pgskip_deltas_val: 0 pgskip_deltas[PGSKIP_IDX(i++)]: 0
06-14 15:54:27.995 E/lowmemorykiller(  647): adj:1001 file_cache:324028 free:168950
06-14 15:54:27.995 E/lowmemorykiller(  647): device has enough memory 1855748Kib, and freeMemory 675800Kib, disable killing(limit_killing:819200Kib)
06-14 15:54:28.005 D/lowmemorykiller(  647): super critical pressure event polling check
06-14 15:54:28.006 D/lowmemorykiller(  647): Ignoring super critical pressure event; system is not in reclaim or compaction and no refaults
06-14 15:54:28.018 D/lowmemorykiller(  647): super critical pressure event polling check
06-14 15:54:28.019 D/lowmemorykiller(  647): Ignoring super critical pressure event; system is not in reclaim or compaction and no refaults
06-14 15:54:28.026 I/Osense-PsiDetector( 2066): 1812,660,2691,6656,60,296,348,1167,1674,529,735,0,8,8660
06-14 15:54:28.027 I/Osense-BaseDecisionMaker( 2066): notifySceneToAthenaPolicy: SCENE_RES_MEM_PSI_NORMAL, bundle: Bundle[{memLevel=3}]
06-14 15:54:28.029 D/lowmemorykiller(  647): super critical pressure event polling check
06-14 15:54:28.030 D/lowmemorykiller(  647): Ignoring super critical pressure event; system is not in reclaim or compaction and no refaults
06-14 15:54:28.030 W/OsenseCommonUtils( 2066): /proc/oplus_mem/fragmentation_index is not exist
06-14 15:54:28.034 W/OsenseCommonUtils( 2066): /proc/oplus_mem/fragmentation_index is not exist
06-14 15:54:28.035 I/[UAH_CLIENT_WRAPPER]( 2066): [UahNotifyWapper] inputflinger, src:1000, type:0
06-14 15:54:28.035 I/[UAH_CLIENT]( 2066): uahRuleCtl, ruleId:1000, status:0
06-14 15:54:28.035 D/system_server( 2066): addOrUpdateWindow: set 7be6eaf com.android.launcher/com.android.launcher.Launcher firstDownTimeInTarget to 355422765313000
06-14 15:54:28.035 D/system_server( 2066): addOrUpdateWindow: set 3ea7026 com.android.systemui.wallpapers.ImageWallpaper firstDownTimeInTarget to 355422765313000
06-14 15:54:28.035 D/system_server( 2066): addOrUpdateWindow: set [Gesture Monitor] OplusExInputReceiver1 firstDownTimeInTarget to 355422765313000
06-14 15:54:28.037 W/OsenseCommonUtils( 2066): /proc/oplus_mem/fragmentation_index is not exist
06-14 15:54:28.037 I/[UAH_CLIENT_WRAPPER]( 2066): [UahEventAcquireWrapper] eventId:OSENSE_ACTION_TOUCH_BOOST, scene:none, identity:inputflinger, timeout:150
06-14 15:54:28.037 I/[UAH_CLIENT]( 2066): UahEventAcquire, cmdid:37, pkg:none, identity:inputflinger
06-14 15:54:28.038 D/PowerManagerService( 2066): userActivityNoUpdateLocked: groupId=0, eventTime=355422765, event=touch, flags=0x0, uid=1000
06-14 15:54:28.039 W/OsenseCommonUtils( 2066): /proc/oplus_mem/fragmentation_index is not exist
06-14 15:54:28.040 D/TracePrintUtil( 3730): asyncTraceBegin add 509
06-14 15:54:28.041 D/lowmemorykiller(  647): super critical pressure event polling check
06-14 15:54:28.041 D/lowmemorykiller(  647): thrashing: 0% thrashing_limit: 30%
06-14 15:54:28.041 E/lowmemorykiller(  647): calc_zone_watermarks pgskip_deltas_val: 0 pgskip_deltas[PGSKIP_IDX(i++)]: 0
06-14 15:54:28.041 E/lowmemorykiller(  647): adj:1001 file_cache:324090 free:168980
06-14 15:54:28.042 E/lowmemorykiller(  647): device has enough memory 1855848Kib, and freeMemory 675920Kib, disable killing(limit_killing:819200Kib)
06-14 15:54:28.042 W/OsenseCommonUtils( 2066): /proc/oplus_mem/fragmentation_index is not exist
06-14 15:54:28.044 D/OGG_Detector( 2066): D:done mCurrStatus: 0
06-14 15:54:28.046 W/OsenseCommonUtils( 2066): /proc/oplus_mem/fragmentation_index is not exist
06-14 15:54:28.046 D/UsageStatsService( 2066): User[0] type=0 b=1781420038039 e=1781420078039 cb=1781348849473 ce=1781420063393 disk=0 all=0
06-14 15:54:28.050 D/UsageStatsService( 2066): User[0] type=0 b=1781420038049 e=1781420078049 cb=1781348849473 ce=1781420063393 disk=0 all=0
06-14 15:54:28.052 D/UsageStatsService( 2066): User[0] type=0 b=1781420038051 e=1781420078051 cb=1781348849473 ce=1781420063393 disk=0 all=0
06-14 15:54:28.054 D/lowmemorykiller(  647): super critical pressure event polling check
06-14 15:54:28.054 D/lowmemorykiller(  647): thrashing: 0% thrashing_limit: 30%
06-14 15:54:28.054 E/lowmemorykiller(  647): calc_zone_watermarks pgskip_deltas_val: 0 pgskip_deltas[PGSKIP_IDX(i++)]: 0
06-14 15:54:28.054 E/lowmemorykiller(  647): adj:1001 file_cache:324147 free:169038
06-14 15:54:28.054 E/lowmemorykiller(  647): device has enough memory 1856536Kib, and freeMemory 676152Kib, disable killing(limit_killing:819200Kib)
06-14 15:54:28.056 D/UsageStatsService( 2066): User[0] type=0 b=1781420038054 e=1781420078054 cb=1781348849473 ce=1781420063393 disk=0 all=0
06-14 15:54:28.058 D/UsageStatsService( 2066): User[0] type=0 b=1781420038057 e=1781420078057 cb=1781348849473 ce=1781420063393 disk=0 all=0
06-14 15:54:28.066 D/UsageStatsService( 2066): User[0] type=0 b=1781420038065 e=1781420078065 cb=1781348849473 ce=1781420063393 disk=0 all=0
06-14 15:54:28.067 D/lowmemorykiller(  647): super critical pressure event polling check
06-14 15:54:28.067 D/lowmemorykiller(  647): thrashing: 0% thrashing_limit: 30%
06-14 15:54:28.067 E/lowmemorykiller(  647): calc_zone_watermarks pgskip_deltas_val: 0 pgskip_deltas[PGSKIP_IDX(i++)]: 0
06-14 15:54:28.067 E/lowmemorykiller(  647): adj:1001 file_cache:324443 free:168827
06-14 15:54:28.067 E/lowmemorykiller(  647): device has enough memory 1856876Kib, and freeMemory 675308Kib, disable killing(limit_killing:819200Kib)
06-14 15:54:28.072 D/UsageStatsService( 2066): User[0] type=0 b=1781420038071 e=1781420078071 cb=1781348849473 ce=1781420063393 disk=0 all=0
06-14 15:54:28.075 D/UsageStatsService( 2066): User[0] type=0 b=1781420038074 e=1781420078074 cb=1781348849473 ce=1781420063393 disk=0 all=0
06-14 15:54:28.077 D/lowmemorykiller(  647): super critical pressure event polling check
06-14 15:54:28.078 D/lowmemorykiller(  647): thrashing: 0% thrashing_limit: 30%
06-14 15:54:28.078 D/UsageStatsService( 2066): User[0] type=0 b=1781420038076 e=1781420078076 cb=1781348849473 ce=1781420063393 disk=0 all=0
06-14 15:54:28.078 E/lowmemorykiller(  647): calc_zone_watermarks pgskip_deltas_val: 0 pgskip_deltas[PGSKIP_IDX(i++)]: 0
06-14 15:54:28.078 E/lowmemorykiller(  647): adj:1001 file_cache:324979 free:168378
06-14 15:54:28.078 E/lowmemorykiller(  647): device has enough memory 1857232Kib, and freeMemory 673512Kib, disable killing(limit_killing:819200Kib)
06-14 15:54:28.080 D/UsageStatsService( 2066): User[0] type=0 b=1781420038078 e=1781420078078 cb=1781348849473 ce=1781420063393 disk=0 all=0
06-14 15:54:28.082 D/UsageStatsService( 2066): User[0] type=0 b=1781420038081 e=1781420078081 cb=1781348849473 ce=1781420063393 disk=0 all=0
06-14 15:54:28.085 D/UsageStatsService( 2066): User[0] type=0 b=1781420038084 e=1781420078084 cb=1781348849473 ce=1781420063393 disk=0 all=0
06-14 15:54:28.088 D/UsageStatsService( 2066): User[0] type=0 b=1781420038087 e=1781420078087 cb=1781348849473 ce=1781420063393 disk=0 all=0
06-14 15:54:28.090 D/UsageStatsService( 2066): User[0] type=0 b=1781420038089 e=1781420078089 cb=1781348849473 ce=1781420063393 disk=0 all=0
06-14 15:54:28.090 D/lowmemorykiller(  647): super critical pressure event polling check
06-14 15:54:28.091 E/lowmemorykiller(  647): calc_zone_watermarks pgskip_deltas_val: 0 pgskip_deltas[PGSKIP_IDX(i++)]: 0
06-14 15:54:28.091 E/lowmemorykiller(  647): adj:1001 file_cache:325400 free:168000
06-14 15:54:28.091 E/lowmemorykiller(  647): device has enough memory 1857404Kib, and freeMemory 672000Kib, disable killing(limit_killing:819200Kib)
06-14 15:54:28.092 D/UsageStatsService( 2066): User[0] type=0 b=1781420038091 e=1781420078091 cb=1781348849473 ce=1781420063393 disk=0 all=0
06-14 15:54:28.094 D/UsageStatsService( 2066): User[0] type=0 b=1781420038093 e=1781420078093 cb=1781348849473 ce=1781420063393 disk=0 all=0
06-14 15:54:28.097 D/UsageStatsService( 2066): User[0] type=0 b=1781420038096 e=1781420078096 cb=1781348849473 ce=1781420063393 disk=0 all=0
06-14 15:54:28.098 I/Quality ( 3730): Skipped: false 4 cost 49.20717 refreshRate 11111111 bit true processName com.android.launcher
06-14 15:54:28.101 D/lowmemorykiller(  647): super critical pressure event polling check
06-14 15:54:28.102 D/lowmemorykiller(  647): thrashing: 0% thrashing_limit: 30%
06-14 15:54:28.102 D/UsageStatsService( 2066): User[0] type=0 b=1781420038098 e=1781420078098 cb=1781348849473 ce=1781420063393 disk=0 all=0
06-14 15:54:28.102 E/lowmemorykiller(  647): calc_zone_watermarks pgskip_deltas_val: 0 pgskip_deltas[PGSKIP_IDX(i++)]: 0
06-14 15:54:28.102 E/lowmemorykiller(  647): adj:1001 file_cache:325599 free:167811
06-14 15:54:28.102 E/lowmemorykiller(  647): device has enough memory 1857444Kib, and freeMemory 671244Kib, disable killing(limit_killing:819200Kib)
06-14 15:54:28.104 D/UsageStatsService( 2066): User[0] type=0 b=1781420038103 e=1781420078103 cb=1781348849473 ce=1781420063393 disk=0 all=0
06-14 15:54:28.108 D/UsageStatsService( 2066): User[0] type=0 b=1781420038106 e=1781420078106 cb=1781348849473 ce=1781420063393 disk=0 all=0
06-14 15:54:28.110 D/UsageStatsService( 2066): User[0] type=0 b=1781420038109 e=1781420078109 cb=1781348849473 ce=1781420063393 disk=0 all=0
06-14 15:54:28.112 I/iopgp   ( 4206): Iopgp: TRANSACTION_IOPGP_ON_KEY_DOWN sequence_id = 89 pkg_name = com.annieworks.AnnieWalkingLog isProfile = 0
06-14 15:54:28.114 D/UsageStatsService( 2066): User[0] type=0 b=1781420038112 e=1781420078112 cb=1781348849473 ce=1781420063393 disk=0 all=0
06-14 15:54:28.114 D/lowmemorykiller(  647): super critical pressure event polling check
06-14 15:54:28.115 D/lowmemorykiller(  647): thrashing: 0% thrashing_limit: 30%
06-14 15:54:28.115 E/lowmemorykiller(  647): calc_zone_watermarks pgskip_deltas_val: 0 pgskip_deltas[PGSKIP_IDX(i++)]: 0
06-14 15:54:28.115 E/lowmemorykiller(  647): adj:1001 file_cache:325879 free:168201
06-14 15:54:28.115 E/lowmemorykiller(  647): device has enough memory 1859552Kib, and freeMemory 672804Kib, disable killing(limit_killing:819200Kib)
06-14 15:54:28.116 D/UsageStatsService( 2066): User[0] type=0 b=1781420038115 e=1781420078115 cb=1781348849473 ce=1781420063393 disk=0 all=0
06-14 15:54:28.116 I/iopgp   ( 4206): Cannot find package for package_name: com.annieworks.AnnieWalkingLog and version 20, will start tracing on intentstart.
06-14 15:54:28.117 D/UsageStatsService( 2066): User[0] type=0 b=1781420038116 e=1781420078116 cb=1781348849473 ce=1781420063393 disk=0 all=0
06-14 15:54:28.122 D/UsageStatsService( 2066): User[0] type=0 b=1781420038120 e=1781420078120 cb=1781348849473 ce=1781420063393 disk=0 all=0
06-14 15:54:28.125 D/lowmemorykiller(  647): super critical pressure event polling check
06-14 15:54:28.125 D/lowmemorykiller(  647): thrashing: 0% thrashing_limit: 30%
06-14 15:54:28.125 E/lowmemorykiller(  647): calc_zone_watermarks pgskip_deltas_val: 0 pgskip_deltas[PGSKIP_IDX(i++)]: 0
06-14 15:54:28.125 E/lowmemorykiller(  647): adj:1001 file_cache:325891 free:168204
06-14 15:54:28.125 E/lowmemorykiller(  647): device has enough memory 1859520Kib, and freeMemory 672816Kib, disable killing(limit_killing:819200Kib)
06-14 15:54:28.125 D/lowmemorykiller(  647): medium pressure event triggered
06-14 15:54:28.126 D/lowmemorykiller(  647): Ignoring medium pressure event; system is not in reclaim or compaction and no refaults
06-14 15:54:28.126 I/[UAH_CLIENT_WRAPPER]( 2066): [UahNotifyWapper] inputflinger, src:1000, type:1
06-14 15:54:28.126 I/[UAH_CLIENT]( 2066): uahRuleCtl, ruleId:1000, status:1
06-14 15:54:28.126 I/Osense-PsiDetector( 2066): 1815,657,2690,6656,60,296,349,1163,1682,530,742,0,8,8660
06-14 15:54:28.128 D/TracePrintUtil( 3730): asyncTraceEnd remove 509,windAnimTagArray.size = 0
06-14 15:54:28.128 D/TracePrintUtil( 3730): onWindowAnimationEnd
06-14 15:54:28.128 D/TracePrintUtil( 3730): asyncTraceBegin add 509
06-14 15:54:28.130 D/ViewRootImplExtImpl( 3730): the up motion event handled by client, just return
06-14 15:54:28.152 I/iopgp   ( 4206): Iopgp: TRANSACTION_IOPGP_ON_INTENT_STARTED sequence_id = 89 pkg_name = com.annieworks.AnnieWalkingLog class_name = com.annieworks.AnnieWalkingLog.MainActivity
06-14 15:54:28.154 D/iopgp   ( 4206): Create Perfetto handle 13
06-14 15:54:28.156 E/UAH_JNI ( 2066): uah_event_acquire ! cmdId: 2 ,strPkg: , strIdent: com.android.server.wm, timeout: 500
06-14 15:54:28.156 I/[UAH_CLIENT]( 2066): UahEventAcquire, cmdid:2, pkg:none, identity:com.android.server.wm
06-14 15:54:28.159 D/OplusOsPackageManager( 2066): removePkgFromNotLaunchedList com.annieworks.AnnieWalkingLog
06-14 15:54:28.164 D/MultiApp.CMAService( 2066): changeIntentIfNeed --- from launcher
06-14 15:54:28.168 I/perfetto( 1721): ng_service_impl.cc:1042 Configured tracing session 13, #sources:1, duration:5000 ms, #buffers:1, total buffer size:5120 KB, total sessions:1, uid:1000 session name: ""
06-14 15:54:28.168 W/OplusLauncherModel[u0]( 3730): onGreenPointAppsUpdate pkgNames is invalid 
06-14 15:54:28.171 D/CompatibilityChangeReporter( 2066): Compat change id reported: 265464455; UID 10707; state: DISABLED
06-14 15:54:28.171 I/perfetto( 1713):  probes_producer.cc:143 Ftrace setup (target_buf=13)
06-14 15:54:28.172 D/CompatibilityChangeReporter( 2066): Compat change id reported: 265452344; UID 10707; state: DISABLED
06-14 15:54:28.172 D/CompatibilityChangeReporter( 2066): Compat change id reported: 266124927; UID 10707; state: DISABLED
06-14 15:54:28.172 D/CompatibilityChangeReporter( 2066): Compat change id reported: 265451093; UID 10707; state: DISABLED
06-14 15:54:28.172 D/CompatibilityChangeReporter( 2066): Compat change id reported: 265456536; UID 10707; state: DISABLED
06-14 15:54:28.172 D/CompatibilityChangeReporter( 2066): Compat change id reported: 255940284; UID 10707; state: DISABLED
06-14 15:54:28.172 D/CompatibilityChangeReporter( 2066): Compat change id reported: 236283604; UID 10707; state: DISABLED
06-14 15:54:28.172 D/CompatibilityChangeReporter( 2066): Compat change id reported: 263959004; UID 10707; state: DISABLED
06-14 15:54:28.172 D/CompatibilityChangeReporter( 2066): Compat change id reported: 264304459; UID 10707; state: DISABLED
06-14 15:54:28.172 D/CompatibilityChangeReporter( 2066): Compat change id reported: 264301586; UID 10707; state: DISABLED
06-14 15:54:28.172 D/CompatibilityChangeReporter( 2066): Compat change id reported: 254631730; UID 10707; state: DISABLED
06-14 15:54:28.172 D/CompatibilityChangeReporter( 2066): Compat change id reported: 273509367; UID 10707; state: DISABLED
06-14 15:54:28.172 D/CompatibilityChangeReporter( 2066): Compat change id reported: 263259275; UID 10707; state: DISABLED
06-14 15:54:28.172 D/CompatibilityChangeReporter( 2066): Compat change id reported: 174042980; UID 10707; state: DISABLED
06-14 15:54:28.172 I/perfetto( 1713):    ftrace_procfs.cc:445 disabled ftrace in /sys/kernel/tracing/
06-14 15:54:28.172 D/CompatibilityChangeReporter( 2066): Compat change id reported: 174042936; UID 10707; state: DISABLED
06-14 15:54:28.172 D/CompatibilityChangeReporter( 2066): Compat change id reported: 181136395; UID 10707; state: DISABLED
06-14 15:54:28.178 D/CompatibilityChangeReporter( 2066): Compat change id reported: 194480991; UID 10707; state: ENABLED
06-14 15:54:28.178 D/ActivityStarterExtImpl( 2066): NOT BACKGROUND_START_ACTIVITY_PERMISSION FEATURE
06-14 15:54:28.186 I/[UAH_CLIENT]( 1231): UahPlatformResAcquire
06-14 15:54:28.186 I/[UAH_CLIENT]( 1231): UahEventAcquire, cmdid:-3, pkg:2066 3690, identity:qcom-perfd
06-14 15:54:28.191 I/[UAH_CLIENT]( 1231): UahPlatformResAcquire
06-14 15:54:28.191 I/[UAH_CLIENT]( 1231): UahEventAcquire, cmdid:-3, pkg:2066 3690, identity:qcom-perfd
06-14 15:54:28.191 E/ANDR-PERF-RESOURCEQS( 1231): Resource with major=15, minor=1 not supported
06-14 15:54:28.191 E/ANDR-PERF-RESOURCEQS( 1231): Resource with major=15, minor=1 not supported
06-14 15:54:28.191 E/ANDR-PERF-RESOURCEQS( 1231): Resource with major=15, minor=0 not supported
06-14 15:54:28.191 E/ANDR-PERF-RESOURCEQS( 1231): Resource with major=15, minor=0 not supported
06-14 15:54:28.192 I/hwservicemanager(  649): getTransport: Cannot find entry vendor.qti.hardware.iop@2.0::IIop/default in either framework or device VINTF manifest.
06-14 15:54:28.193 D/FlexibleTaskController( 2066): adjustOptionsForFlexibleTask skip adjust options reason:2
06-14 15:54:28.194 I/perfetto( 1713):    ftrace_procfs.cc:442 enabled ftrace in /sys/kernel/tracing/
06-14 15:54:28.195 E/ANDR-PERF-RESOURCEQS( 1231): Resource with major=15, minor=22 not supported
06-14 15:54:28.195 E/ANDR-PERF-RESOURCEQS( 1231): Resource with major=15, minor=21 not supported
06-14 15:54:28.197 D/FlexibleWindowManager( 2066): no reused task found for ActivityRecord{f7005bc u0 com.annieworks.AnnieWalkingLog/.MainActivity
06-14 15:54:28.198 E/ANDR-PERF-LM( 1231): MetaMeter: handleAsync() 166: AdaptLaunch Invalid Async
06-14 15:54:28.198 E/ANDR-PERF-LM( 1231): MetaMeter: handleAsync() 166: AdaptLaunch Invalid Async
06-14 15:54:28.199 I/vendor.qti.bluetooth@1.0-ibs_handler( 1200): ProcessIbsCmd: Received IBS_WAKE_IND: 0xFD
06-14 15:54:28.199 D/vendor.qti.bluetooth@1.0-ibs_handler( 1200): SerialClockVote: vote for UART CLK ON
06-14 15:54:28.200 D/vendor.qti.bluetooth@1.0-wake_lock( 1200): Acquire wakelock is acquired 
06-14 15:54:28.200 I/vendor.qti.bluetooth@1.0-ibs_handler( 1200): ProcessIbsCmd: Writing IBS_WAKE_ACK
06-14 15:54:28.202 E/adv_data_processor(17806): adv data modified, but len check fail or data invalid, stay intact
06-14 15:54:28.214 E/adv_data_processor(17806): adv data modified, but len check fail or data invalid, stay intact
06-14 15:54:28.221 I/OplusScreenSecurityMask( 2066): onStackAdded task = Task{23a45cb #84584 type=standard} record = null displayId = 0
06-14 15:54:28.221 I/OplusScreenSecurityMask( 2066): onStackAdded task = Task{23a45cb #84584 type=standard A=10707:com.annieworks.AnnieWalkingLog} record = null displayId = 0
06-14 15:54:28.222 D/CompatibilityChangeReporter( 2066): Compat change id reported: 184838306; UID 10707; state: DISABLED
06-14 15:54:28.222 D/CompatibilityChangeReporter( 2066): Compat change id reported: 185004937; UID 10707; state: DISABLED
06-14 15:54:28.223 D/TaskFragmentExtImpl( 2066): add ActivityRecord{f7005bc u0 com.annieworks.AnnieWalkingLog/.MainActivity t84584} to mActivityRecordSum = Counter{ com.annieworks.AnnieWalkingLog/.MainActivity(1) }
06-14 15:54:28.223 D/CompatibilityChangeReporter( 2066): Compat change id reported: 197654537; UID 10707; state: ENABLED
06-14 15:54:28.225 D/OplusStartingWindowManager( 2066): reviseWindowFlagsForStarting activityRecord =:ActivityRecord{f7005bc u0 com.annieworks.AnnieWalkingLog/.MainActivity t84584}, RUS version:20230829
06-14 15:54:28.226 D/ActivityTaskManager( 2066): validateStartingWindowTheme:  Pkg=com.annieworks.AnnieWalkingLog, Translucent=false, Floating=false, ShowWallpaper=false, Disable=false, LaunchSource=2
06-14 15:54:28.226 D/ActivityTaskManager( 2066): getStartingWindowType: , newTask=true, taskSwitch=true, processRunning=false, allowTaskSnapshot=true, activityCreated=false, activityAllDrawn=false, snapshot=null, record:ActivityRecord{f7005bc u0 com.annieworks.AnnieWalkingLog/.MainActivity t84584}
06-14 15:54:28.226 D/ActivityRecordExtImpl( 2066): handleStartingWindowForCompactWindow origin type:2, adjustType : 2
06-14 15:54:28.226 D/CompatibilityChangeReporter( 2066): Compat change id reported: 205907456; UID 10707; state: ENABLED
06-14 15:54:28.226 D/lowmemorykiller(  647): super critical pressure event polling check
06-14 15:54:28.226 D/lowmemorykiller(  647): thrashing: 1% thrashing_limit: 30%
06-14 15:54:28.226 E/lowmemorykiller(  647): calc_zone_watermarks pgskip_deltas_val: 0 pgskip_deltas[PGSKIP_IDX(i++)]: 0
06-14 15:54:28.227 E/lowmemorykiller(  647): adj:1001 file_cache:331606 free:158480
06-14 15:54:28.227 E/lowmemorykiller(  647): device has enough memory 1843384Kib, and freeMemory 633920Kib, disable killing(limit_killing:819200Kib)
06-14 15:54:28.228 D/OplusZoomWindowRUSConfigManager( 2066): isSupportZoomModeWithPolicyLocked: target = com.annieworks.AnnieWalkingLog/.MainActivity
06-14 15:54:28.228 D/OplusZoomWindowRUSConfigManager( 2066): targetPkg = com.annieworks.AnnieWalkingLog
06-14 15:54:28.229 D/ActivityTrigger( 2066): ActivityTrigger activityPauseTrigger 
06-14 15:54:28.229 I/TaskFragmentExtImpl( 2066): hookSetBinderUxFlag:true prev:ActivityRecord{98822e0 u0 com.android.launcher/.Launcher t5}
06-14 15:54:28.230 I/TaskFragmentExtImpl( 2066): hookSetBinderUxFlag:false prev:ActivityRecord{98822e0 u0 com.android.launcher/.Launcher t5}
06-14 15:54:28.232 E/UAH_JNI ( 2066): uah_event_acquire ! cmdId: 1 ,strPkg: com.annieworks.AnnieWalkingLog, strIdent: com.android.server.wm, timeout: 2000
06-14 15:54:28.232 I/[UAH_CLIENT]( 2066): UahEventAcquire, cmdid:1, pkg:com.annieworks.AnnieWalkingLog, identity:com.android.server.wm
06-14 15:54:28.235 D/PhoneStartingWindowTypeAlgorithm( 3476): preferredStartingWindowType newTask=true, taskSwitch=true, processRunning=false, allowTaskSnapshot=true, activityCreated=false, isSolidColorSplashScreen=false, legacySplashScreen=false, activityDrawn=false, windowless=false, topIsHome=false
06-14 15:54:28.237 D/lowmemorykiller(  647): super critical pressure event polling check
06-14 15:54:28.237 D/lowmemorykiller(  647): thrashing: 2% thrashing_limit: 30%
06-14 15:54:28.238 E/lowmemorykiller(  647): calc_zone_watermarks pgskip_deltas_val: 0 pgskip_deltas[PGSKIP_IDX(i++)]: 0
06-14 15:54:28.238 E/lowmemorykiller(  647): adj:1001 file_cache:332341 free:157598
06-14 15:54:28.238 E/lowmemorykiller(  647): device has enough memory 1843036Kib, and freeMemory 630392Kib, disable killing(limit_killing:819200Kib)
06-14 15:54:28.242 D/ActivityTaskManager( 2066): notifyTaskRemoved, task: Task{e0ab243 #84564 type=standard A=10707:com.annieworks.AnnieWalkingLog} trace:com.android.server.wm.RecentTasks.removeForAddTask:1680 com.android.server.wm.RecentTasks.add:1254 com.android.server.wm.ActivityStarter.startActivityInner:2342 com.android.server.wm.ActivityStarter.startActivityUnchecked:1754 com.android.server.wm.ActivityStarter.executeRequest:1538 
06-14 15:54:28.242 D/ActivityTaskManager( 2066): notifyTaskAdded, task: Task{23a45cb #84584 type=standard A=10707:com.annieworks.AnnieWalkingLog} trace:com.android.server.wm.RecentTasks.add:1269 com.android.server.wm.ActivityStarter.startActivityInner:2342 com.android.server.wm.ActivityStarter.startActivityUnchecked:1754 com.android.server.wm.ActivityStarter.executeRequest:1538 com.android.server.wm.ActivityStarter.execute:830 
06-14 15:54:28.246 D/OplusShellStartingWindowManager( 3476): getReviseStartingWindowType not support, windowInfo is null
06-14 15:54:28.246 E/adv_data_processor(17806): adv data modified, but len check fail or data invalid, stay intact
06-14 15:54:28.250 D/lowmemorykiller(  647): super critical pressure event polling check
06-14 15:54:28.250 D/OplusTransitionController( 2066): requestStartTransition, requestInfo type: OPEN, remoteTransition: null, displayChange: null, transition: TransitionRecord{c34d4c1 id=1745 type=OPEN flags=0x0}, caller: com.android.server.wm.TransitionControllerExtImpl.requestStartTransition:41 com.android.server.wm.TransitionController.requestStartTransition:738 com.android.server.wm.ActivityStarter.handleStartResult:1930 com.android.server.wm.ActivityStarter.startActivityUnchecked:1788 com.android.server.wm.ActivityStarter.executeRequest:1538 
06-14 15:54:28.250 D/lowmemorykiller(  647): thrashing: 2% thrashing_limit: 30%
06-14 15:54:28.251 E/lowmemorykiller(  647): calc_zone_watermarks pgskip_deltas_val: 0 pgskip_deltas[PGSKIP_IDX(i++)]: 0
06-14 15:54:28.251 E/lowmemorykiller(  647): adj:1001 file_cache:333410 free:156532
06-14 15:54:28.251 E/lowmemorykiller(  647): device has enough memory 1843232Kib, and freeMemory 626128Kib, disable killing(limit_killing:819200Kib)
06-14 15:54:28.252 D/CompatibilityChangeReporter( 2066): Compat change id reported: 194833441; UID 10707; state: ENABLED
06-14 15:54:28.252 I/ActivityTaskManager( 2066): START u0 {act=android.intent.action.MAIN cat=[android.intent.category.LAUNCHER] flg=0x10200000 cmp=com.annieworks.AnnieWalkingLog/.MainActivity bnds=[438,1326][644,1613] (has extras) mCallingUid=10187} with LAUNCH_SINGLE_TASK from uid 10187 (BAL_ALLOW_ALLOWLISTED_COMPONENT) result code=0
06-14 15:54:28.252 V/WindowManagerShell( 3476): Transition requested: android.os.BinderProxy@db1e29f TransitionRequestInfo { type = OPEN, triggerTask = TaskInfo{userId=0 taskId=84584 displayId=0 isRunning=true baseIntent=Intent { act=android.intent.action.MAIN cat=[android.intent.category.LAUNCHER] flg=0x10200000 cmp=com.annieworks.AnnieWalkingLog/.MainActivity mCallingUid=10187 } baseActivity=ComponentInfo{com.annieworks.AnnieWalkingLog/com.annieworks.AnnieWalkingLog.MainActivity} topActivity=ComponentInfo{com.annieworks.AnnieWalkingLog/com.annieworks.AnnieWalkingLog.MainActivity} origActivity=null realActivity=ComponentInfo{com.annieworks.AnnieWalkingLog/com.annieworks.AnnieWalkingLog.MainActivity} numActivities=1 lastActiveTime=467143852 supportsSplitScreenMultiWindow=true supportsMultiWindow=true supportsPocketStudioMultiWindow=true isInFlexibleEmbedded = false uid = 10707 pid = 0 resizeMode=1 isResizeable=true minWidth=-1 minHeight=-1 defaultMinSize=220 token=WCT{android.window.IWindowContainerToken$Stub$Proxy@dc41fec} topActivityType=1 pictureInPictureParams=null shouldDockBigOverlays=false launchIntoPipHostTaskId=-1 lastParentTaskIdBeforePip=-1 displayCutoutSafeInsets=Rect(0, 118 - 0, 0) topActivityInfo=ActivityInfo{ac3afb5 com.annieworks.AnnieWalkingLog.MainActivity} launchCookies=[] positionInParent=Point(0, 0) parentTaskId=-1 isFocused=false isVisible=false isVisibleRequested=false isSleeping=false topActivityInSizeCompat=false topActivityInOplusCompatMode=false topActivityEligibleForLetterboxEducation= false topActivityLetterboxed= false isFromDoubleTap= false topActivityLetterboxVerticalPosition= -1 topActivityLetterboxHorizontalPosition= -1 topActivityLetterboxWidth=-1 topActivityLetterboxHeight=-1 locusId=null displayAreaFeatureId=1 cameraCompatControlState=hidden locusId= null topActivityLetterboxInsets=Rect(0, 0 - 0, 0)}, remoteTransition = null, displayChange = null }
06-14 15:54:28.255 D/OplusShellStartingWindowManager( 3476): adjustSuggestedWindowType: skip no-system app and no-exception list app
06-14 15:54:28.257 I/Quality ( 3730): Skipped: false 10 cost 113.33631 refreshRate 11166081 bit true processName com.android.launcher
06-14 15:54:28.258 D/TracePrintUtil( 3730): asyncTraceEnd remove 509,windAnimTagArray.size = 0
06-14 15:54:28.258 D/TracePrintUtil( 3730): onWindowAnimationEnd
06-14 15:54:28.260 D/ShellStartingWindow( 3476): getWindowAttrs window attributes color: 0, replace icon: false
06-14 15:54:28.260 I/SurfaceFlinger( 1374): [SF client] NEW(0xb4000075cdd32480) for (3476:com.android.systemui)
06-14 15:54:28.261 D/lowmemorykiller(  647): super critical pressure event polling check
06-14 15:54:28.261 D/lowmemorykiller(  647): thrashing: 2% thrashing_limit: 30%
06-14 15:54:28.261 E/lowmemorykiller(  647): calc_zone_watermarks pgskip_deltas_val: 0 pgskip_deltas[PGSKIP_IDX(i++)]: 0
06-14 15:54:28.262 E/lowmemorykiller(  647): adj:1001 file_cache:334021 free:155594
06-14 15:54:28.262 E/lowmemorykiller(  647): device has enough memory 1841728Kib, and freeMemory 622376Kib, disable killing(limit_killing:819200Kib)
06-14 15:54:28.265 D/CompatibilityChangeReporter( 2066): Compat change id reported: 135634846; UID 10707; state: DISABLED
06-14 15:54:28.265 D/CompatibilityChangeReporter( 2066): Compat change id reported: 177438394; UID 10707; state: DISABLED
06-14 15:54:28.265 D/CompatibilityChangeReporter( 2066): Compat change id reported: 135772972; UID 10707; state: DISABLED
06-14 15:54:28.265 D/CompatibilityChangeReporter( 2066): Compat change id reported: 135754954; UID 10707; state: ENABLED
06-14 15:54:28.268 D/WindowManager( 3476): Add to mViews: android.widget.FrameLayout{f8b5d16 V.E...... ......I. 0,0-0,0 viewInfo = },pkg= com.annieworks.AnnieWalkingLog
06-14 15:54:28.270 E/OplusBubbleTextView[u0]( 3730): initFancyIcon when Launcher --cache miss!!!
06-14 15:54:28.271 D/CompatibilityChangeReporter( 2066): Compat change id reported: 143937733; UID 10707; state: ENABLED
06-14 15:54:28.274 D/lowmemorykiller(  647): super critical pressure event polling check
06-14 15:54:28.274 D/lowmemorykiller(  647): thrashing: 2% thrashing_limit: 30%
06-14 15:54:28.274 E/lowmemorykiller(  647): calc_zone_watermarks pgskip_deltas_val: 0 pgskip_deltas[PGSKIP_IDX(i++)]: 0
06-14 15:54:28.274 E/lowmemorykiller(  647): adj:1001 file_cache:334819 free:153956
06-14 15:54:28.274 E/lowmemorykiller(  647): device has enough memory 1838596Kib, and freeMemory 615824Kib, disable killing(limit_killing:819200Kib)
06-14 15:54:28.277 E/adv_data_processor(17806): adv data modified, but len check fail or data invalid, stay intact
06-14 15:54:28.276 I/TheiaLaunchMonitor( 2066): [checkAndRecovery] the function is disable.
06-14 15:54:28.281 D/callGcSupression( 3730): java.lang.NullPointerException: Attempt to invoke virtual method 'java.lang.Object java.lang.reflect.Method.invoke(java.lang.Object, java.lang.Object[])' on a null object reference
06-14 15:54:28.282 D/CompatibilityChangeReporter( 2066): Compat change id reported: 168419799; UID 10707; state: DISABLED
06-14 15:54:28.282 D/CompatibilityChangeReporter( 2066): Compat change id reported: 273564678; UID 10707; state: DISABLED
06-14 15:54:28.284 I/BpBinder( 1374): onLastStrongRef automatically unlinking death recipients: 
06-14 15:54:28.285 D/ZoomController( 3476): onTaskMovedToFront, task id:84584
06-14 15:54:28.285 D/lowmemorykiller(  647): super critical pressure event polling check
06-14 15:54:28.285 D/lowmemorykiller(  647): thrashing: 3% thrashing_limit: 30%
06-14 15:54:28.285 E/lowmemorykiller(  647): calc_zone_watermarks pgskip_deltas_val: 0 pgskip_deltas[PGSKIP_IDX(i++)]: 0
06-14 15:54:28.285 E/lowmemorykiller(  647): adj:1001 file_cache:335560 free:152816
06-14 15:54:28.285 E/lowmemorykiller(  647): device has enough memory 1837000Kib, and freeMemory 611264Kib, disable killing(limit_killing:819200Kib)
06-14 15:54:28.285 W/ShellStartingWindow( 3476): peekWindowBGColor mWindowBgColor:0 mWindowBgResId:2131165365 estimatedWindowBGColor:-1
06-14 15:54:28.287 I/ZoomUiController( 3476): FloatHandle-isFloatHandleShow mPackageName = null
06-14 15:54:28.288 I/iopgp   ( 4206): Iopgp: TRANSACTION_IOPGP_ON_ACTIVITY_LAUNCHED sequence_id = 89
06-14 15:54:28.291 D/ActivityTaskManager( 2066): attachStartingWindow: mStartingData=com.android.server.wm.SplashScreenStartingData@9faca3e,mStartingWindow=Window{3a51dc0 u0 Splash Screen com.annieworks.AnnieWalkingLog}
06-14 15:54:28.292 I/WindowManager( 2066): addWindow: New client android.os.BinderProxy@eaba343 : window=Window{3a51dc0 u0 Splash Screen com.annieworks.AnnieWalkingLog}
06-14 15:54:28.293 D/callGcSupression( 3730): java.lang.NullPointerException: Attempt to invoke virtual method 'java.lang.Object java.lang.reflect.Method.invoke(java.lang.Object, java.lang.Object[])' on a null object reference
06-14 15:54:28.293 D/ScrollOptim [SceneManager]( 3730): updateCurrentActivity: mCurrentActivityName=null, isOptEnable=true, isAnimAheadEnable=true, isFrameInsertEnable=true, InsertNum=1, isEnabledForScrollChanged=false
06-14 15:54:28.293 D/InputEventReceiver( 3476): Input log is disabled in InputEventReceiver.
06-14 15:54:28.294 D/ShellStartingWindow( 3476): inconsize = 408
06-14 15:54:28.298 D/lowmemorykiller(  647): super critical pressure event polling check
06-14 15:54:28.298 D/lowmemorykiller(  647): thrashing: 3% thrashing_limit: 30%
06-14 15:54:28.298 E/lowmemorykiller(  647): calc_zone_watermarks pgskip_deltas_val: 0 pgskip_deltas[PGSKIP_IDX(i++)]: 0
06-14 15:54:28.298 E/lowmemorykiller(  647): adj:1001 file_cache:336061 free:152002
06-14 15:54:28.298 E/lowmemorykiller(  647): device has enough memory 1835524Kib, and freeMemory 608008Kib, disable killing(limit_killing:819200Kib)
06-14 15:54:28.299 D/Zygote  ( 1053): Forked child process 12250
06-14 15:54:28.300 D/OplusShellStartingWindowManager( 3476): handleSplashScreenView: normal third app or no-default
06-14 15:54:28.300 E/OplusBracketLog( 3476): [OplusViewMirrorManager] updateHostViewRootIfNeeded, not support android.view.ViewRootImpl@900f025
06-14 15:54:28.300 W/ANDR-PERF-LM( 1231): MetaMeter: handlePrimaryAsync() 118: AdaptLaunch MetaMeter. No MeterMgr Available to handle this Primary Async. !!!!
06-14 15:54:28.301 W/ANDR-PERF-LM( 1231): MetaMeter: handlePrimaryAsync() 118: AdaptLaunch MetaMeter. No MeterMgr Available to handle this Primary Async. !!!!
06-14 15:54:28.302 D/ViewRootImplExtImpl( 3476): wrapConfigInfoIntoFlags rotation=0, smallestScreenWidthDp=424, relayoutAsync=false, newFlags=27787264, title=Splash Screen com.annieworks.AnnieWalkingLog
06-14 15:54:28.302 I/[UAH_CLIENT]( 1231): UahPlatformResAcquire
06-14 15:54:28.303 I/[UAH_CLIENT]( 1231): UahEventAcquire, cmdid:-3, pkg:2066 3690, identity:qcom-perfd
06-14 15:54:28.303 I/ActivityManager( 2066): Start proc 12250:com.annieworks.AnnieWalkingLog/u0a707 for next-top-activity {com.annieworks.AnnieWalkingLog/com.annieworks.AnnieWalkingLog.MainActivity}
06-14 15:54:28.304 E/ANDR-PERF-RESOURCEQS( 1231): Resource with major=15, minor=1 not supported
06-14 15:54:28.304 E/ANDR-PERF-RESOURCEQS( 1231): Resource with major=15, minor=1 not supported
06-14 15:54:28.304 E/ANDR-PERF-RESOURCEQS( 1231): Resource with major=15, minor=0 not supported
06-14 15:54:28.304 E/ANDR-PERF-RESOURCEQS( 1231): Resource with major=15, minor=0 not supported
06-14 15:54:28.305 I/SystemUi--Notification( 3476): OplusNotificationShadeWindowControllerExImpl-->SHADE_FOCUSABLE-->mNotificationShadeFocusable= false, mPanelExpanded= false, mBouncerShowing= false, mKeyguardShowing= false, mKeyguardOccluded= false, mKeyguardNeedsInput= false, ENABLE_REMOTE_INPUT= true, mRemoteInputActive= false, layoutFlags= -2130444216
06-14 15:54:28.305 E/ANDR-PERF-LM( 1231): MetaMeter: handleAsync() 166: AdaptLaunch Invalid Async
06-14 15:54:28.306 W/ContextImpl( 2066): Calling a method in the system process without a qualified user: android.app.ContextImpl.sendBroadcast:1232 com.qualcomm.qti.Performance$SendGameLaunchBroadcast.run:256 java.lang.Thread.run:1572 <bottom of call stack> <bottom of call stack> 
06-14 15:54:28.306 V/SensorManager( 2066): call sensorServiceCommonInterface name: setScreenShotDisable
06-14 15:54:28.306 D/SensorServiceExtImpl( 2066): sensorServiceCommonInterface funcName = setScreenShotDisable, flag = 0, status = 0
06-14 15:54:28.306 I/OplusHansManager ( 2066): front pkg: com.annieworks.AnnieWalkingLog, uid: 10707, prev pkg: com.android.launcher, prev uid: 10187
06-14 15:54:28.307 V/SensorManager( 2066): call sensorServiceCommonInterface name: setScreenShotDisable
06-14 15:54:28.307 D/SensorServiceExtImpl( 2066): sensorServiceCommonInterface funcName = setScreenShotDisable, flag = 0, status = 0
06-14 15:54:28.307 D/ActivityTaskManager( 2066): setVisibility(Token{a15c1a8 ActivityRecord{f7005bc u0 com.annieworks.AnnieWalkingLog/.MainActivity t84584}}, visible=true) defer commitVisibility for transition collecting
06-14 15:54:28.307 V/SensorManager( 2066): call sensorServiceCommonInterface name: setScreenShotDisable
06-14 15:54:28.307 D/SensorServiceExtImpl( 2066): sensorServiceCommonInterface funcName = setScreenShotDisable, flag = 0, status = 0
06-14 15:54:28.308 D/ActivityTaskManager( 2066): setVisibility(Token{36d245e ActivityRecord{98822e0 u0 com.android.launcher/.Launcher t5}}, visible=false) defer commitVisibility for transition collecting
06-14 15:54:28.310 D/lowmemorykiller(  647): super critical pressure event polling check
06-14 15:54:28.311 D/lowmemorykiller(  647): thrashing: 3% thrashing_limit: 30%
06-14 15:54:28.311 E/lowmemorykiller(  647): calc_zone_watermarks pgskip_deltas_val: 0 pgskip_deltas[PGSKIP_IDX(i++)]: 0
06-14 15:54:28.311 E/lowmemorykiller(  647): adj:1001 file_cache:336867 free:151057
06-14 15:54:28.311 E/lowmemorykiller(  647): device has enough memory 1812672Kib, and freeMemory 604228Kib, disable killing(limit_killing:819200Kib)
06-14 15:54:28.312 E/adv_data_processor(17806): adv data modified, but len check fail or data invalid, stay intact
06-14 15:54:28.315 D/CoreBackPreview( 2066): Window{3a51dc0 u0 Splash Screen com.annieworks.AnnieWalkingLog}: Setting back callback OnBackInvokedCallbackInfo{mCallback=android.window.IOnBackInvokedCallback$Stub$Proxy@9e55ec, mPriority=0, mIsAnimationCallback=false}
06-14 15:54:28.315 D/WindowManagerServiceExtImpl( 2066): extractConfigInfoAndRealFlags rotation=0, screenDp=424, win=Window{3a51dc0 u0 Splash Screen com.annieworks.AnnieWalkingLog}
06-14 15:54:28.315 V/WindowManager( 2066): Relayout Window{3a51dc0 u0 Splash Screen com.annieworks.AnnieWalkingLog}: viewVisibility=0, oldvis=0, req=1080x2400, vsysui=
06-14 15:54:28.315 I/WindowManager( 2066): Window{3a51dc0 u0 Splash Screen com.annieworks.AnnieWalkingLog} state from NO_SURFACE to DRAW_PENDING; reason: resetDrawState
06-14 15:54:28.316 D/OplusLayer( 1374): setProcInfo (30960,Splash Screen com.annieworks.AnnieWalkingLog#30960,com.android.systemui)
06-14 15:54:28.320 I/Osense-BaseDecisionMaker( 2066): notifySceneToAthenaPolicy: SCENE_APP_SWITCH, bundle: Bundle[{prevPkgName=com.android.launcher, curUid=10707, curPkgName=com.annieworks.AnnieWalkingLog, prevUid=10187}]
06-14 15:54:28.320 I/OplusResourcePreloadManager( 2066): resume pkg: com.annieworks.AnnieWalkingLog, uid:10707, prev pkg: com.android.launcher, prev uid: 10187
06-14 15:54:28.321 D/lowmemorykiller(  647): super critical pressure event polling check
06-14 15:54:28.322 D/lowmemorykiller(  647): thrashing: 3% thrashing_limit: 30%
06-14 15:54:28.322 I/Osense-BaseDecisionMaker( 2066): scene: SCENE_APP_SWITCH, excutingPolicy: freezer
06-14 15:54:28.322 E/lowmemorykiller(  647): calc_zone_watermarks pgskip_deltas_val: 0 pgskip_deltas[PGSKIP_IDX(i++)]: 0
06-14 15:54:28.322 E/lowmemorykiller(  647): adj:1001 file_cache:337239 free:150346
06-14 15:54:28.322 E/lowmemorykiller(  647): device has enough memory 1811348Kib, and freeMemory 601384Kib, disable killing(limit_killing:819200Kib)
06-14 15:54:28.324 V/WindowManager( 2066): Changing focus from Window{7be6eaf u0 com.android.launcher/com.android.launcher.Launcher} to null,diplayid=0
06-14 15:54:28.324 D/UXUtils ( 3476): notifyUiSwitched: 1; stack: com.oplus.systemui.shade.OplusNotificationShadeWindowControllerExImpl.notifyUiSwitched:70
06-14 15:54:28.324 D/UXUtils ( 3476): set ux flag--> setFlag = 400, old flag = 0, open = true, cal = 400
06-14 15:54:28.324 D/UXUtils ( 3476): set process top-ui: pid=3476 value=130
06-14 15:54:28.325 D/Osense-BaseDecisionMaker( 2066): invoke freezer policy,type: fast
06-14 15:54:28.327 D/Theia.NoFocusWindow( 2066): FocusWindowErrorScene CheckFreezeScreen
06-14 15:54:28.327 D/WindowManager( 2066): updateOrientation: mLastOrientation = SCREEN_ORIENTATION_NOSENSOR(5) newOrientation = SCREEN_ORIENTATION_PORTRAIT(1) forceUpdate = false LastOrientationSource = ActivityRecord{f7005bc u0 com.annieworks.AnnieWalkingLog/.MainActivity t84584}
06-14 15:54:28.327 D/WindowManager( 2066): rotation(ROTATION_0) no changed.
06-14 15:54:28.329 W/ActivityManager( 2066): Slow operation: 68ms so far, now at startProcess: done updating pids map
06-14 15:54:28.330 W/VRI[AnnieWalkingLog]( 3476): updateBlastSurfaceIfNeeded, surfaceSize:Point(1080, 2400), lastSurfaceSize:Point(0, 0), format:-3, blastBufferQueue:null
06-14 15:54:28.330 D/BufferQueueConsumer( 3476): [](id:d9400000cb4,api:0,p:-1,c:3476) connect: controlledByApp=false
06-14 15:54:28.334 D/lowmemorykiller(  647): super critical pressure event polling check
06-14 15:54:28.335 D/lowmemorykiller(  647): thrashing: 4% thrashing_limit: 30%
06-14 15:54:28.335 E/lowmemorykiller(  647): calc_zone_watermarks pgskip_deltas_val: 0 pgskip_deltas[PGSKIP_IDX(i++)]: 0
06-14 15:54:28.335 E/lowmemorykiller(  647): adj:1001 file_cache:338101 free:149157
06-14 15:54:28.335 E/lowmemorykiller(  647): device has enough memory 1810016Kib, and freeMemory 596628Kib, disable killing(limit_killing:819200Kib)
06-14 15:54:28.335 D/BufferQueueProducer( 3476): [VRI[AnnieWalkingLog]#3078(BLAST Consumer)3078](id:d9400000cb4,api:1,p:3476,c:3476) connect: api=1 producerControlledByApp=true
06-14 15:54:28.335 E/OpenGLRenderer( 3476): Unable to match the desired swap behavior.
06-14 15:54:28.336 I/SurfaceControl( 3476):  setExtendedRangeBrightness sc=Surface(name=Splash Screen com.annieworks.AnnieWalkingLog)/@0x71ed7ab,currentBufferRatio=1.0,desiredRatio=1.0
06-14 15:54:28.344 D/BLASTBufferQueue( 3476): [VRI[AnnieWalkingLog]#3078](f:0,a:1) acquireNextBufferLocked size=1080x2400 mFrameNumber=1 applyTransaction=true mTimestamp=355423074463894(auto) mPendingTransactions.size=0 graphicBufferId=14929306339105 transform=0
06-14 15:54:28.344 D/VRI[AnnieWalkingLog]( 3476): Received frameCommittedCallback lastAttemptedDrawFrameNum=1 didProduceBuffer=true syncBuffer=false
06-14 15:54:28.344 D/VRI[AnnieWalkingLog]( 3476): draw finished.
06-14 15:54:28.344 D/VRI[AnnieWalkingLog]( 3476): reportDrawFinished
06-14 15:54:28.345 D/ViewRootImplExtImpl( 3476): setMaxDequeuedBufferCount: 2
06-14 15:54:28.345 D/lowmemorykiller(  647): super critical pressure event polling check
06-14 15:54:28.346 D/lowmemorykiller(  647): thrashing: 4% thrashing_limit: 30%
06-14 15:54:28.346 E/lowmemorykiller(  647): calc_zone_watermarks pgskip_deltas_val: 0 pgskip_deltas[PGSKIP_IDX(i++)]: 0
06-14 15:54:28.346 E/lowmemorykiller(  647): adj:1001 file_cache:337689 free:144283
06-14 15:54:28.346 E/lowmemorykiller(  647): device has enough memory 1787672Kib, and freeMemory 577132Kib, disable killing(limit_killing:819200Kib)
06-14 15:54:28.347 D/OplusTransitionController( 2066): onSyncFinishedDrawing, Window{3a51dc0 u0 Splash Screen com.annieworks.AnnieWalkingLog}
06-14 15:54:28.347 I/vendor.qti.bluetooth@1.0-ibs_handler( 1200): ProcessIbsCmd: Received IBS_SLEEP_IND: 0xFE
06-14 15:54:28.348 D/vendor.qti.bluetooth@1.0-ibs_handler( 1200): SerialClockVote: vote for UART CLK OFF
06-14 15:54:28.348 I/WindowManager( 2066): finishDrawing skipLayout:false Window{3a51dc0 u0 Splash Screen com.annieworks.AnnieWalkingLog} com.android.server.wm.WindowManagerService.finishDrawingWindow:2972 com.android.server.wm.Session.finishDrawing:311 android.view.IWindowSession$Stub.onTransact:779 
06-14 15:54:28.348 I/WindowManager( 2066): Window{3a51dc0 u0 Splash Screen com.annieworks.AnnieWalkingLog} state from DRAW_PENDING to COMMIT_DRAW_PENDING; reason: finishDrawingLocked
06-14 15:54:28.348 D/OplusTransitionAnimationManager( 2066): skipFinishDrawingIfNeed clientRotation=0, currentRotation=0, hasFixedRotationApp=false, requestedOrientation=1, win=Window{3a51dc0 u0 Splash Screen com.annieworks.AnnieWalkingLog}, activity=ActivityRecord{f7005bc u0 com.annieworks.AnnieWalkingLog/.MainActivity t84584}, currentConfig={0.85 ??mcc??mnc [ja_JP,en_JP] ldltr sw424dp w424dp h851dp 408dpi nrml long hdr widecg port finger -keyb/h/h -nav/h winConfig={ mBounds=Rect(0, 0 - 1080, 2400) mAppBounds=Rect(0, 118 - 1080, 2288) mMaxBounds=Rect(0, 0 - 1080, 2400) mDisplayRotation=ROTATION_0 mWindowingMode=fullscreen mDisplayWindowingMode=fullscreen mActivityType=standard mAlwaysOnTop=undefined mRotation=ROTATION_0} s.1 fontWeightAdjustment=0mThemeChanged= 0, mThemeChangedFlags= 0, mFlipFont= 0, mScenario= -1, mAccessibleChanged= -1, mUxIconConfig= 3468921665126662177, mMaterialColor= 0, mUserId= 0, mFontUserId= 0, mFontVariationSettings= 1226, mFoldingAngle = -1.0, mIconPackName= , mDarkModeBackgroundMaxL= 0.0, mDarkModeDialogBgMaxL= 27.0, mDarkModeForegroundMinL= 100.0, mOplusConfigType= 1, mOplusChangedConfigs= 0, OpSans= -1, mBurmeseFontFlag= 2, mFlag= 0, mFlexibleActivitySuitable= -1, mPuttDisplayFlag= -1}
06-14 15:54:28.352 I/WindowManager( 2066): Window{3a51dc0 u0 Splash Screen com.annieworks.AnnieWalkingLog} state from COMMIT_DRAW_PENDING to READY_TO_SHOW; reason: commitFinishDrawingLocked
06-14 15:54:28.352 D/SurfaceFlinger( 1374): Find Focus windowName=<null>, notVisible=1
06-14 15:54:28.352 D/ActivityTaskManager( 2066): onStartingWindowDrawn: wasTaskVisible=false, mStartingData=com.android.server.wm.SplashScreenStartingData@9faca3e, finishing=false,mLaunchedFromBubble=false, mVisibleRequested=true, mDisplayContent=Display{#0 state=ON size=1080x2400 ROTATION_0}, isZoomMode=false
06-14 15:54:28.352 D/Layer   ( 1374): Focus: Task=84583#30905 isHiddenByPolicy s.flags&layer_state_t::eLayerHidden=1
06-14 15:54:28.352 D/Layer   ( 1374): Focus: isHiddenByPolicy parent Task=84583#30905 is hidden cause not visible
06-14 15:54:28.352 D/SurfaceFlinger( 1374): Focus inVisible Reason:isVisibleForInput(){hasInputInfo()?canReceiveInput():isVisible()}=0 has=1 can{!isHiddenByPolicy()&&(mBuffer==nullptr||getAlpha()>0.0f)}=0 Hidden=1 Buf=1 getA=1
06-14 15:54:28.352 D/SurfaceFlinger( 1374): Find Focus windowName=<null>, notVisible=1
06-14 15:54:28.352 D/Layer   ( 1374): Focus: Task=84561#27815 isHiddenByPolicy s.flags&layer_state_t::eLayerHidden=1
06-14 15:54:28.352 D/Layer   ( 1374): Focus: isHiddenByPolicy parent Task=84561#27815 is hidden cause not visible
06-14 15:54:28.352 D/SurfaceFlinger( 1374): Focus inVisible Reason:isVisibleForInput(){hasInputInfo()?canReceiveInput():isVisible()}=0 has=1 can{!isHiddenByPolicy()&&(mBuffer==nullptr||getAlpha()>0.0f)}=0 Hidden=1 Buf=1 getA=1
06-14 15:54:28.352 D/SurfaceFlinger( 1374): Find Focus windowName=<null>, notVisible=1
06-14 15:54:28.352 D/Layer   ( 1374): Focus: Task=84581#30841 isHiddenByPolicy s.flags&layer_state_t::eLayerHidden=1
06-14 15:54:28.352 D/Layer   ( 1374): Focus: isHiddenByPolicy parent Task=84581#30841 is hidden cause not visible
06-14 15:54:28.352 D/SurfaceFlinger( 1374): Focus inVisible Reason:isVisibleForInput(){hasInputInfo()?canReceiveInput():isVisible()}=0 has=1 can{!isHiddenByPolicy()&&(mBuffer==nullptr||getAlpha()>0.0f)}=0 Hidden=1 Buf=1 getA=1
06-14 15:54:28.352 D/SurfaceFlinger( 1374): Find Focus windowName=<null>, notVisible=1
06-14 15:54:28.352 D/Layer   ( 1374): Focus: Task=84529#24665 isHiddenByPolicy s.flags&layer_state_t::eLayerHidden=1
06-14 15:54:28.352 D/Layer   ( 1374): Focus: isHiddenByPolicy parent Task=84529#24665 is hidden cause not visible
06-14 15:54:28.352 D/SurfaceFlinger( 1374): Focus inVisible Reason:isVisibleForInput(){hasInputInfo()?canReceiveInput():isVisible()}=0 has=1 can{!isHiddenByPolicy()&&(mBuffer==nullptr||getAlpha()>0.0f)}=0 Hidden=1 Buf=1 getA=1
06-14 15:54:28.352 D/SurfaceFlinger( 1374): Find Focus windowName=<null>, notVisible=1
06-14 15:54:28.352 D/Layer   ( 1374): Focus: Task=84404#11534 isHiddenByPolicy s.flags&layer_state_t::eLayerHidden=1
06-14 15:54:28.352 D/Layer   ( 1374): Focus: isHiddenByPolicy parent Task=84404#11534 is hidden cause not visible
06-14 15:54:28.352 D/SurfaceFlinger( 1374): Focus inVisible Reason:isVisibleForInput(){hasInputInfo()?canReceiveInput():isVisible()}=0 has=1 can{!isHiddenByPolicy()&&(mBuffer==nullptr||getAlpha()>0.0f)}=0 Hidden=1 Buf=1 getA=1
06-14 15:54:28.352 D/SurfaceFlinger( 1374): Find Focus windowName=<null>, notVisible=1
06-14 15:54:28.352 D/Layer   ( 1374): Focus: Task=84522#24156 isHiddenByPolicy s.flags&layer_state_t::eLayerHidden=1
06-14 15:54:28.352 D/Layer   ( 1374): Focus: isHiddenByPolicy parent Task=84522#24156 is hidden cause not visible
06-14 15:54:28.352 D/SurfaceFlinger( 1374): Focus inVisible Reason:isVisibleForInput(){hasInputInfo()?canReceiveInput():isVisible()}=0 has=1 can{!isHiddenByPolicy()&&(mBuffer==nullptr||getAlpha()>0.0f)}=0 Hidden=1 Buf=1 getA=1
06-14 15:54:28.352 D/SurfaceFlinger( 1374): Find Focus windowName=<null>, notVisible=1
06-14 15:54:28.352 D/Layer   ( 1374): Focus: Task=84520#24010 isHiddenByPolicy s.flags&layer_state_t::eLayerHidden=1
06-14 15:54:28.352 D/Layer   ( 1374): Focus: isHiddenByPolicy parent Task=84520#24010 is hidden cause not visible
06-14 15:54:28.352 D/SurfaceFlinger( 1374): Focus inVisible Reason:isVisibleForInput(){hasInputInfo()?canReceiveInput():isVisible()}=0 has=1 can{!isHiddenByPolicy()&&(mBuffer==nullptr||getAlpha()>0.0f)}=0 Hidden=1 Buf=1 getA=1
06-14 15:54:28.352 D/SurfaceFlinger( 1374): Find Focus windowName=<null>, notVisible=1
06-14 15:54:28.352 D/Layer   ( 1374): Focus: Task=84526#24439 isHiddenByPolicy s.flags&layer_state_t::eLayerHidden=1
06-14 15:54:28.352 D/Layer   ( 1374): Focus: isHiddenByPolicy parent Task=84526#24439 is hidden cause not visible
06-14 15:54:28.352 D/SurfaceFlinger( 1374): Focus inVisible Reason:isVisibleForInput(){hasInputInfo()?canReceiveInput():isVisible()}=0 has=1 can{!isHiddenByPolicy()&&(mBuffer==nullptr||getAlpha()>0.0f)}=0 Hidden=1 Buf=1 getA=1
06-14 15:54:28.352 D/SurfaceFlinger( 1374): Find Focus windowName=<null>, notVisible=1
06-14 15:54:28.352 D/Layer   ( 1374): Focus: Task=84551#26524 isHiddenByPolicy s.flags&layer_state_t::eLayerHidden=1
06-14 15:54:28.352 D/Layer   ( 1374): Focus: isHiddenByPolicy parent Task=84551#26524 is hidden cause not visible
06-14 15:54:28.352 D/SurfaceFlinger( 1374): Focus inVisible Reason:isVisibleForInput(){hasInputInfo()?canReceiveInput():isVisible()}=0 has=1 can{!isHiddenByPolicy()&&(mBuffer==nullptr||getAlpha()>0.0f)}=0 Hidden=1 Buf=1 getA=1
06-14 15:54:28.352 D/SurfaceFlinger( 1374): Find Focus windowName=<null>, notVisible=1
06-14 15:54:28.352 D/Layer   ( 1374): Focus: Task=84480#19853 isHiddenByPolicy s.flags&layer_state_t::eLayerHidden=1
06-14 15:54:28.352 D/Layer   ( 1374): Focus: isHiddenByPolicy parent Task=84480#19853 is hidden cause not visible
06-14 15:54:28.352 D/SurfaceFlinger( 1374): Focus inVisible Reason:isVisibleForInput(){hasInputInfo()?canReceiveInput():isVisible()}=0 has=1 can{!isHiddenByPolicy()&&(mBuffer==nullptr||getAlpha()>0.0f)}=0 Hidden=1 Buf=1 getA=1
06-14 15:54:28.352 D/SurfaceFlinger( 1374): Find Focus windowName=<null>, notVisible=1
06-14 15:54:28.352 D/Layer   ( 1374): Focus: Task=84480#19853 isHiddenByPolicy s.flags&layer_state_t::eLayerHidden=1
06-14 15:54:28.352 D/Layer   ( 1374): Focus: isHiddenByPolicy parent Task=84480#19853 is hidden cause not visible
06-14 15:54:28.352 D/SurfaceFlinger( 1374): Focus inVisible Reason:isVisibleForInput(){hasInputInfo()?canReceiveInput():isVisible()}=0 has=1 can{!isHiddenByPolicy()&&(mBuffer==nullptr||getAlpha()>0.0f)}=0 Hidden=1 Buf=1 getA=1
06-14 15:54:28.352 D/SurfaceFlinger( 1374): Find Focus windowName=<null>, notVisible=1
06-14 15:54:28.352 D/Layer   ( 1374): Focus: Task=84580#30778 isHiddenByPolicy s.flags&layer_state_t::eLayerHidden=1
06-14 15:54:28.352 D/Layer   ( 1374): Focus: isHiddenByPolicy parent Task=84580#30778 is hidden cause not visible
06-14 15:54:28.352 D/SurfaceFlinger( 1374): Focus inVisible Reason:isVisibleForInput(){hasInputInfo()?canReceiveInput():isVisible()}=0 has=1 can{!isHiddenByPolicy()&&(mBuffer==nullptr||getAlpha()>0.0f)}=0 Hidden=1 Buf=1 getA=1
06-14 15:54:28.352 D/SurfaceFlinger( 1374): Find Focus windowName=<null>, notVisible=1
06-14 15:54:28.352 D/SurfaceFlinger( 1374): Focus inVisible Reason:isVisibleForInput(){hasInputInfo()?canReceiveInput():isVisible()}=0 has=1 can{!isHiddenByPolicy()&&(mBuffer==nullptr||getAlpha()>0.0f)}=0 Hidden=0 Buf=0 getA=0
06-14 15:54:28.353 D/SurfaceFlinger( 1374): updateWinowInfo=1, setFocusedWindow timestamp=355423061658008, windowName=<null>
06-14 15:54:28.353 I/InputDispatcher( 2066): updateFocusedWindow,  on display 0, reason: NO_WINDOW, result:   FocusedWindows: <none>
06-14 15:54:28.355 D/VRI[Launcher]( 3730): onFocusEvent false
06-14 15:54:28.357 D/ActivityTaskManager( 2066): onStartingWindowDrawn: wasTaskVisible=true, mStartingData=com.android.server.wm.SplashScreenStartingData@9faca3e, finishing=false,mLaunchedFromBubble=false, mVisibleRequested=true, mDisplayContent=Display{#0 state=ON size=1080x2400 ROTATION_0}, isZoomMode=false
06-14 15:54:28.357 I/WindowManager( 2066): Window{3a51dc0 u0 Splash Screen com.annieworks.AnnieWalkingLog} state from READY_TO_SHOW to HAS_DRAWN; reason: performShowLocked
06-14 15:54:28.358 I/WindowStateExtImpl( 2066): onSurfaceShowChange show = true mPackageName = com.annieworks.AnnieWalkingLog parentPkgName = com.annieworks.AnnieWalkingLog
06-14 15:54:28.358 D/OplusTransitionAnimationManager( 2066): Transition replace type from OPEN to OPEN, mNextAppTransitionRequests : [1, 1]
06-14 15:54:28.358 D/OplusFlexibleActivityTransitionManager( 2066): fixTransitType type result:1, targets: [Task{23a45cb #84584 type=standard A=10707:com.annieworks.AnnieWalkingLog}, Task{fc6a80d #1 type=home}]
06-14 15:54:28.358 D/lowmemorykiller(  647): super critical pressure event polling check
06-14 15:54:28.359 D/lowmemorykiller(  647): thrashing: 4% thrashing_limit: 30%
06-14 15:54:28.359 E/lowmemorykiller(  647): calc_zone_watermarks pgskip_deltas_val: 0 pgskip_deltas[PGSKIP_IDX(i++)]: 0
06-14 15:54:28.359 E/lowmemorykiller(  647): adj:1001 file_cache:337305 free:140183
06-14 15:54:28.359 E/lowmemorykiller(  647): device has enough memory 1769884Kib, and freeMemory 560732Kib, disable killing(limit_killing:819200Kib)
06-14 15:54:28.361 D/OplusTransitionController( 2066): onTransactionReady, syncId: 1745, 
06-14 15:54:28.361 D/OplusTransitionController( 2066):  info: {id=1745 t=OPEN f=0x0 trk=0 r=[0@Point(0, 0)] c=[{WCT{RemoteToken{eebe333 Task{23a45cb #84584 type=standard A=10707:com.annieworks.AnnieWalkingLog}}} m=OPEN f=NONE leash=Surface(name=Task=84584)/@0x61b76f0 sb=Rect(0, 0 - 1080, 2400) eb=Rect(0, 0 - 1080, 2400) d=0},{WCT{RemoteToken{1f84488 Task{fc6a80d #1 type=home}}} m=TO_BACK f=SHOW_WALLPAPER leash=Surface(name=Task=1)/@0x875495e sb=Rect(0, 0 - 1080, 2400) eb=Rect(0, 0 - 1080, 2400) d=0}]}, 
06-14 15:54:28.361 D/OplusTransitionController( 2066):  targets : [Task{23a45cb #84584 type=standard A=10707:com.annieworks.AnnieWalkingLog}, Task{fc6a80d #1 type=home}]
06-14 15:54:28.362 D/OplusTransitionAnimationManager( 2066): mOpeningTasks add Task{23a45cb #84584 type=standard A=10707:com.annieworks.AnnieWalkingLog}
06-14 15:54:28.362 D/OplusTransitionAnimationManager( 2066): mOpeningTasks add Task{fc6a80d #1 type=home}
06-14 15:54:28.362 W/WindowManager( 2066): captureTaskSnapshot mSnapshotMode= 2
06-14 15:54:28.364 I/InputDispatcher( 2066): NFW_setFocusedWindow, <null> on display 0, same as the previous:1
06-14 15:54:28.364 D/UXUtils ( 3476): setHasTopUi: true; stack: com.android.systemui.shade.NotificationShadeWindowControllerImpl.lambda$apply$0:631
06-14 15:54:28.364 D/InputDispatcher( 2066): setFocusedWindow <null> on display 0 ignored, reason: already focused
06-14 15:54:28.369 D/lowmemorykiller(  647): super critical pressure event polling check
06-14 15:54:28.370 D/lowmemorykiller(  647): thrashing: 4% thrashing_limit: 30%
06-14 15:54:28.370 E/lowmemorykiller(  647): calc_zone_watermarks pgskip_deltas_val: 0 pgskip_deltas[PGSKIP_IDX(i++)]: 0
06-14 15:54:28.370 E/lowmemorykiller(  647): adj:1001 file_cache:337362 free:138293
06-14 15:54:28.370 E/lowmemorykiller(  647): device has enough memory 1763056Kib, and freeMemory 553172Kib, disable killing(limit_killing:819200Kib)
06-14 15:54:28.370 I/OplusHansManager ( 2066): FastFreeze enter, freeze uids: [10275, 10296, 10306, 10308, 10313, 10320, 10370, 10487, 10524]
06-14 15:54:28.370 I/OplusHansManager ( 2066): enter FastFreezer, frontApp: 10707, frozen uids: [10275, 10296, 10306, 10308, 10313, 10320, 10370, 10487, 10524], important uids: {10294=input, 10297=widget, 10310=widget, 10323=widget, 10337=fg-service, 10390=widget, 10441=bt, 10683=widget}, reason: osense
06-14 15:54:28.372 V/WindowManager( 2066): Sent Transition #1745 createdAt=06-14 15:54:28.179 via request=TransitionRequestInfo { type = OPEN, triggerTask = TaskInfo{userId=0 taskId=84584 displayId=0 isRunning=true baseIntent=Intent { act=android.intent.action.MAIN cat=[android.intent.category.LAUNCHER] flg=0x10200000 cmp=com.annieworks.AnnieWalkingLog/.MainActivity mCallingUid=10187 } baseActivity=ComponentInfo{com.annieworks.AnnieWalkingLog/com.annieworks.AnnieWalkingLog.MainActivity} topActivity=ComponentInfo{com.annieworks.AnnieWalkingLog/com.annieworks.AnnieWalkingLog.MainActivity} origActivity=null realActivity=ComponentInfo{com.annieworks.AnnieWalkingLog/com.annieworks.AnnieWalkingLog.MainActivity} numActivities=1 lastActiveTime=467143852 supportsSplitScreenMultiWindow=true supportsMultiWindow=true supportsPocketStudioMultiWindow=true isInFlexibleEmbedded = false uid = 10707 pid = 0 resizeMode=1 isResizeable=true minWidth=-1 minHeight=-1 defaultMinSize=220 token=WCT{RemoteToken{eebe333 Task{23a45cb #84584 type=standard A=10707:com.annieworks.AnnieWalkingLog}}} topActivityType=1 pictureInPictureParams=null shouldDockBigOverlays=false launchIntoPipHostTaskId=-1 lastParentTaskIdBeforePip=-1 displayCutoutSafeInsets=Rect(0, 118 - 0, 0) topActivityInfo=ActivityInfo{200d342 com.annieworks.AnnieWalkingLog.MainActivity} launchCookies=[] positionInParent=Point(0, 0) parentTaskId=-1 isFocused=false isVisible=false isVisibleRequested=false isSleeping=false topActivityInSizeCompat=false topActivityInOplusCompatMode=false topActivityEligibleForLetterboxEducation= false topActivityLetterboxed= false isFromDoubleTap= false topActivityLetterboxVerticalPosition= -1 topActivityLetterboxHorizontalPosition= -1 topActivityLetterboxWidth=-1 topActivityLetterboxHeight=-1 locusId=null displayAreaFeatureId=1 cameraCompatControlState=hidden locusId= null topActivityLetterboxInsets=Rect(0, 0 - 0, 0)}, remoteTransition = null, displayChange = null }
06-14 15:54:28.372 V/WindowManager( 2066):     startWCT=WindowContainerTransaction { changes = {} hops = [] errorCallbackToken=null taskFragmentOrganizer=null }
06-14 15:54:28.372 V/WindowManager( 2066):     info={id=1745 t=OPEN f=0x0 trk=0 r=[0@Point(0, 0)] c=[{WCT{RemoteToken{eebe333 Task{23a45cb #84584 type=standard A=10707:com.annieworks.AnnieWalkingLog}}} m=OPEN f=NONE leash=Surface(name=Task=84584)/@0x61b76f0 sb=Rect(0, 0 - 1080, 2400) eb=Rect(0, 0 - 1080, 2400) d=0},{WCT{RemoteToken{1f84488 Task{fc6a80d #1 type=home}}} m=TO_BACK f=SHOW_WALLPAPER leash=Surface(name=Task=1)/@0x875495e sb=Rect(0, 0 - 1080, 2400) eb=Rect(0, 0 - 1080, 2400) d=0}]}
06-14 15:54:28.372 V/WindowManagerShell( 3476): onTransitionReady android.os.BinderProxy@db1e29f: {id=1745 t=OPEN f=0x0 trk=0 r=[0@Point(0, 0)] c=[{WCT{android.window.IWindowContainerToken$Stub$Proxy@c8ca620} m=OPEN f=NONE leash=Surface(name=Task=84584)/@0x25dfedd sb=Rect(0, 0 - 1080, 2400) eb=Rect(0, 0 - 1080, 2400) d=0},{WCT{android.window.IWindowContainerToken$Stub$Proxy@f40abd9} m=TO_BACK f=SHOW_WALLPAPER leash=Surface(name=Task=1)/@0x19b0a52 sb=Rect(0, 0 - 1080, 2400) eb=Rect(0, 0 - 1080, 2400) d=0}]}
06-14 15:54:28.381 D/OplusInterceptLockScreenWindow( 2066): starting IOplusLockScreenCallbacks service...
06-14 15:54:28.382 D/FSS_OplusFoldSwitchStateObserver( 3476): getDeviceFolding: mDeviceFolding = false
06-14 15:54:28.382 D/lowmemorykiller(  647): super critical pressure event polling check
06-14 15:54:28.383 V/WindowManagerShell( 3476): Playing animation for (#1745)android.os.BinderProxy@db1e29f@0
06-14 15:54:28.383 V/WindowManagerShell( 3476):  try handler com.oplus.zoom.transition.ZoomTransitionController@acf2c1a
06-14 15:54:28.383 D/lowmemorykiller(  647): thrashing: 4% thrashing_limit: 30%
06-14 15:54:28.383 V/WindowManagerShell( 3476):  try handler com.android.wm.shell.transition.DefaultMixedHandler@fc1e34b
06-14 15:54:28.383 V/WindowManagerShell( 3476):  try handler com.android.wm.shell.keyguard.KeyguardTransitionHandler@d25766c
06-14 15:54:28.383 V/WindowManagerShell( 3476):  try handler com.android.wm.shell.activityembedding.ActivityEmbeddingController@6908435
06-14 15:54:28.383 E/lowmemorykiller(  647): calc_zone_watermarks pgskip_deltas_val: 0 pgskip_deltas[PGSKIP_IDX(i++)]: 0
06-14 15:54:28.383 V/WindowManagerShell( 3476):  try handler com.android.wm.shell.recents.RecentsTransitionHandler@9cea0ca
06-14 15:54:28.383 V/WindowManagerShell( 3476): RecentsTransitionHandler.startAnimation: no controller found
06-14 15:54:28.383 V/WindowManagerShell( 3476):  try handler com.android.wm.shell.pip.PipTransition@834323b
06-14 15:54:28.383 V/WindowManagerShell( 3476):  try handler com.android.wm.shell.splitscreen.StageCoordinator@a298d58
06-14 15:54:28.383 E/lowmemorykiller(  647): adj:1001 file_cache:337901 free:137915
06-14 15:54:28.383 E/lowmemorykiller(  647): device has enough memory 1763700Kib, and freeMemory 551660Kib, disable killing(limit_killing:819200Kib)
06-14 15:54:28.383 V/WindowManagerShell( 3476):  try handler com.oplus.flexibleactivity.FlexibleActivityTransitionHandler@6d22eb1
06-14 15:54:28.383 V/WindowManagerShell( 3476):  try handler OnePuttTransitionHandler
06-14 15:54:28.383 D/OnePuttTransitionHandler( 3476):  startAnimation= android.os.BinderProxy@db1e29f startTransaction= android.view.SurfaceControl$Transaction@6e191aa finishTransaction= android.view.SurfaceControl$Transaction@be9019b finishCallback= com.android.wm.shell.transition.Transitions$$ExternalSyntheticLambda7@9951938 TransitionInfo ={id=1745 t=OPEN f=0x0 trk=0 r=[0@Point(0, 0)] c=[{WCT{android.window.IWindowContainerToken$Stub$Proxy@c8ca620} m=OPEN f=NONE leash=Surface(name=Task=84584)/@0x25dfedd sb=Rect(0, 0 - 1080, 2400) eb=Rect(0, 0 - 1080, 2400) d=0},{WCT{android.window.IWindowContainerToken$Stub$Proxy@f40abd9} m=TO_BACK f=SHOW_WALLPAPER leash=Surface(name=Task=1)/@0x19b0a52 sb=Rect(0, 0 - 1080, 2400) eb=Rect(0, 0 - 1080, 2400) d=0}]}
06-14 15:54:28.383 V/WindowManagerShell( 3476):  try handler com.android.wm.shell.transition.RemoteTransitionHandler@5aa04ed
06-14 15:54:28.383 V/WindowManagerShell( 3476): Transition doesn't have explicit remote, search filters for match for {id=1745 t=OPEN f=0x0 trk=0 r=[0@Point(0, 0)] c=[{WCT{android.window.IWindowContainerToken$Stub$Proxy@c8ca620} m=OPEN f=NONE leash=Surface(name=Task=84584)/@0x25dfedd sb=Rect(0, 0 - 1080, 2400) eb=Rect(0, 0 - 1080, 2400) d=0},{WCT{android.window.IWindowContainerToken$Stub$Proxy@f40abd9} m=TO_BACK f=SHOW_WALLPAPER leash=Surface(name=Task=1)/@0x19b0a52 sb=Rect(0, 0 - 1080, 2400) eb=Rect(0, 0 - 1080, 2400) d=0}]}
06-14 15:54:28.383 V/WindowManagerShell( 3476):  Checking filter Pair{{types=[] flags=0x0] notFlags=0x100 checks=[{atype=home independent=true modes=[OPEN,TO_FRONT] flags=NONE mustBeTask=false order=TOP topActivity=ComponentInfo{com.android.launcher/com.android.launcher.Launcher}},{atype=standard independent=true modes=[CLOSE,TO_BACK] flags=NONE mustBeTask=false order=ANY topActivity=null}]} RemoteTransition { remoteTransition = android.window.IRemoteTransition$Stub$Proxy@37ed20f, appThread = android.app.IApplicationThread$Stub$Proxy@79a329c, debugName = QuickstepLaunchHome }}
06-14 15:54:28.383 V/WindowManagerShell( 3476):  Delegate animation for #1745 to null
06-14 15:54:28.383 V/WindowManagerShell( 3476):  try handler com.android.wm.shell.transition.DefaultTransitionHandler@b90af70
06-14 15:54:28.383 V/WindowManagerShell( 3476): start default transition animation, info = {id=1745 t=OPEN f=0x0 trk=0 r=[0@Point(0, 0)] c=[{WCT{android.window.IWindowContainerToken$Stub$Proxy@c8ca620} m=OPEN f=NONE leash=Surface(name=Task=84584)/@0x25dfedd sb=Rect(0, 0 - 1080, 2400) eb=Rect(0, 0 - 1080, 2400) d=0},{WCT{android.window.IWindowContainerToken$Stub$Proxy@f40abd9} m=TO_BACK f=SHOW_WALLPAPER leash=Surface(name=Task=1)/@0x19b0a52 sb=Rect(0, 0 - 1080, 2400) eb=Rect(0, 0 - 1080, 2400) d=0}]}
06-14 15:54:28.387 E/OplusShellTransition( 3476): couldn't get animation style packageName, android.window.OplusTransitionExtendedInfo.getAnimationStylePackageName []
06-14 15:54:28.387 W/OplusShellTransition( 3476): couldn't get package name, skip loading oplus animation
06-14 15:54:28.388 D/OplusSmartBrightnessController( 2066): handleMessage MSG_LUX_CHANGED, mLux:480.64087 luxQueue=[480.64087, 480.64087, 480.64087, 480.64087, 480.64087, 480.64087, 480.64087]
06-14 15:54:28.388 E/AnnieWalkingLog(12250): Unknown bits set in runtime_flags: 0x40000000
06-14 15:54:28.389 I/AnnieWalkingLog(12250): Using generational CollectorTypeCC GC.
06-14 15:54:28.389 V/WindowManagerShell( 3476): loadAnimation: anim=android.view.animation.AnimationSet@89f1e76 animAttr=0x13 type=OPEN isEntrance=false
06-14 15:54:28.390 E/OplusShellTransition( 3476): couldn't get animation style packageName, android.window.OplusTransitionExtendedInfo.getAnimationStylePackageName []
06-14 15:54:28.390 W/OplusShellTransition( 3476): no system app in targets, skip loading oplus animation
06-14 15:54:28.390 D/UsageStatsService( 2066): User[0] type=0 b=1781420038386 e=1781420078386 cb=1781348849473 ce=1781420068353 disk=0 all=1
06-14 15:54:28.391 V/WindowManagerShell( 3476): loadAnimation: anim=android.view.animation.AnimationSet@3d6ac02 animAttr=0x12 type=OPEN isEntrance=true
06-14 15:54:28.393 D/lowmemorykiller(  647): super critical pressure event polling check
06-14 15:54:28.393 D/lowmemorykiller(  647): thrashing: 4% thrashing_limit: 30%
06-14 15:54:28.394 E/lowmemorykiller(  647): calc_zone_watermarks pgskip_deltas_val: 0 pgskip_deltas[PGSKIP_IDX(i++)]: 0
06-14 15:54:28.394 E/lowmemorykiller(  647): adj:1001 file_cache:337913 free:137403
06-14 15:54:28.394 E/lowmemorykiller(  647): device has enough memory 1761796Kib, and freeMemory 549612Kib, disable killing(limit_killing:819200Kib)
06-14 15:54:28.394 V/WindowManagerShell( 3476):  animated by com.android.wm.shell.transition.DefaultTransitionHandler@b90af70
06-14 15:54:28.394 D/OplusShellTransition( 3476): dispatchTransition, animated mHandler: com.android.wm.shell.transition.DefaultTransitionHandler@b90af70
06-14 15:54:28.396 D/OplusLayer( 1374): setGameMode Task=1#48, gameMode 0, parentLayer .
06-14 15:54:28.398 D/FSS_OplusFoldSwitchStateObserver( 3476): onAnimationStart reset mPendingFoldAnimationTrigger
06-14 15:54:28.399 D/UsageStatsService( 2066): User[0] type=0 b=1781420038394 e=1781420078394 cb=1781348849473 ce=1781420068353 disk=0 all=1
06-14 15:54:28.399 D/FSS_OplusFoldSwitchStateObserver( 3476): onAnimationStart reset mPendingFoldAnimationTrigger
06-14 15:54:28.402 D/UsageStatsService( 2066): User[0] type=0 b=1781420038400 e=1781420078400 cb=1781348849473 ce=1781420068353 disk=0 all=1
06-14 15:54:28.404 D/TaskOrganizerController( 2066): TaskOrganizerCallbacks.onTaskAppeared
06-14 15:54:28.405 D/OplusFlexibleWindowMinimizedManagerHelper( 2066): onTaskAppered taskInfo:84584
06-14 15:54:28.406 D/UsageStatsService( 2066): User[0] type=0 b=1781420038404 e=1781420078404 cb=1781348849473 ce=1781420068353 disk=0 all=1
06-14 15:54:28.406 D/lowmemorykiller(  647): super critical pressure event polling check
06-14 15:54:28.406 V/ShellTaskOrganizer( 3476): Task appeared taskId=84584, parentTaskId=-1, taskVisibility=true
06-14 15:54:28.406 D/lowmemorykiller(  647): thrashing: 4% thrashing_limit: 30%
06-14 15:54:28.406 D/ShellTaskOrganizer( 3476): dispatchTaskEventToClientIfNeed, eventType:0, taskInfo:TaskInfo{userId=0 taskId=84584 displayId=0 isRunning=true baseIntent=Intent { act=android.intent.action.MAIN cat=[android.intent.category.LAUNCHER] flg=0x10200000 cmp=com.annieworks.AnnieWalkingLog/.MainActivity mCallingUid=10187 } baseActivity=ComponentInfo{com.annieworks.AnnieWalkingLog/com.annieworks.AnnieWalkingLog.MainActivity} topActivity=ComponentInfo{com.annieworks.AnnieWalkingLog/com.annieworks.AnnieWalkingLog.MainActivity} origActivity=null realActivity=ComponentInfo{com.annieworks.AnnieWalkingLog/com.annieworks.AnnieWalkingLog.MainActivity} numActivities=1 lastActiveTime=467143852 supportsSplitScreenMultiWindow=true supportsMultiWindow=true supportsPocketStudioMultiWindow=true isInFlexibleEmbedded = false uid = 10707 pid = 0 resizeMode=1 isResizeable=true minWidth=-1 minHeight=-1 defaultMinSize=220 token=WCT{android.window.IWindowContainerToken$Stub$Proxy@759b95a} topActivityType=1 pictureInPictureParams=null shouldDockBigOverlays=false launchIntoPipHostTaskId=-1 lastParentTaskIdBeforePip=-1 displayCutoutSafeInsets=Rect(0, 118 - 0, 0) topActivityInfo=ActivityInfo{d49878b com.annieworks.AnnieWalkingLog.MainActivity} launchCookies=[] positionInParent=Point(0, 0) parentTaskId=-1 isFocused=false isVisible=true isVisibleRequested=true isSleeping=false topActivityInSizeCompat=false topActivityInOplusCompatMode=false topActivityEligibleForLetterboxEducation= false topActivityLetterboxed= false isFromDoubleTap= false topActivityLetterboxVerticalPosition= -1 topActivityLetterboxHorizontalPosition= -1 topActivityLetterboxWidth=-1 topActivityLetterboxHeight=-1 locusId=null displayAreaFeatureId=1 cameraCompatControlState=hidden locusId= null topActivityLetterboxInsets=Rect(0, 0 - 0, 0)}, leash:Surface(name=Task=84584)/@0xb74236f
06-14 15:54:28.406 E/lowmemorykiller(  647): calc_zone_watermarks pgskip_deltas_val: 0 pgskip_deltas[PGSKIP_IDX(i++)]: 0
06-14 15:54:28.407 E/lowmemorykiller(  647): adj:1001 file_cache:337991 free:136798
06-14 15:54:28.407 E/lowmemorykiller(  647): device has enough memory 1759548Kib, and freeMemory 547192Kib, disable killing(limit_killing:819200Kib)
06-14 15:54:28.407 D/OplusLayer( 1374): setGameMode 4b4f2c StatusBar#76, gameMode 0, parentLayer Surface(name=4b4f2c StatusBar)/@0x81858cb - animation-leash of insets_animation#30962.
06-14 15:54:28.407 D/Layer   ( 1374): reparent to null sequence=30953, seq[1], name=Surface(name=4b4f2c StatusBar)/@0x81858cb - animation-leash of insets_animation#30953
06-14 15:54:28.407 D/Layer   ( 1374): reparent to null sequence=30954, seq[2], name=Surface(name=6163f5f NavigationBar_displayId_0)/@0x56dd8a8 - animation-leash of insets_animation#30954
06-14 15:54:28.407 D/ShellTaskOrganizerExt( 3476): visibleFlexibleTaskInfos delete:84584
06-14 15:54:28.412 D/nativeloader(12250): Load libframework-connectivity-tiramisu-jni.so using APEX ns com_android_tethering for caller /apex/com.android.tethering/javalib/framework-connectivity-t.jar: ok
06-14 15:54:28.412 D/UsageStatsService( 2066): User[0] type=0 b=1781420038407 e=1781420078407 cb=1781348849473 ce=1781420068353 disk=0 all=1
06-14 15:54:28.416 D/UsageStatsService( 2066): User[0] type=0 b=1781420038415 e=1781420078415 cb=1781348849473 ce=1781420068353 disk=0 all=1
06-14 15:54:28.417 D/lowmemorykiller(  647): super critical pressure event polling check
06-14 15:54:28.417 D/lowmemorykiller(  647): thrashing: 4% thrashing_limit: 30%
06-14 15:54:28.417 E/lowmemorykiller(  647): calc_zone_watermarks pgskip_deltas_val: 0 pgskip_deltas[PGSKIP_IDX(i++)]: 0
06-14 15:54:28.417 E/lowmemorykiller(  647): adj:1001 file_cache:337820 free:136757
06-14 15:54:28.417 E/lowmemorykiller(  647): device has enough memory 1758656Kib, and freeMemory 547028Kib, disable killing(limit_killing:819200Kib)
06-14 15:54:28.417 D/OplusActivityThreadExtImpl(12250): java.lang.NoSuchMethodException: dalvik.system.VMRuntime.SupressionGC [int, int]
06-14 15:54:28.418 W/libc    (12250): Access denied finding property "persist.vendor.sys.activitylog"
06-14 15:54:28.418 I/OneTrace(12250): Mark active for pid=12250? true
06-14 15:54:28.418 D/cutils-dev(12250): otrace_set_tracing_enabled? true tag:0
06-14 15:54:28.418 D/cutils-dev(12250): properties changed in otrace_seq_number_changed!
06-14 15:54:28.426 E/ANDR-PERF-LM( 1231): MetaMeter: handleAsync() 166: AdaptLaunch Invalid Async
06-14 15:54:28.426 D/UsageStatsService( 2066): User[0] type=0 b=1781420038421 e=1781420078421 cb=1781348849473 ce=1781420068353 disk=0 all=1
06-14 15:54:28.430 D/lowmemorykiller(  647): super critical pressure event polling check
06-14 15:54:28.430 D/lowmemorykiller(  647): thrashing: 4% thrashing_limit: 30%
06-14 15:54:28.430 E/lowmemorykiller(  647): calc_zone_watermarks pgskip_deltas_val: 0 pgskip_deltas[PGSKIP_IDX(i++)]: 0
06-14 15:54:28.430 E/lowmemorykiller(  647): adj:1001 file_cache:337586 free:137005
06-14 15:54:28.430 E/lowmemorykiller(  647): device has enough memory 1758712Kib, and freeMemory 548020Kib, disable killing(limit_killing:819200Kib)
06-14 15:54:28.434 D/UsageStatsService( 2066): User[0] type=0 b=1781420038431 e=1781420078431 cb=1781348849473 ce=1781420068353 disk=0 all=1
06-14 15:54:28.435 D/OplusAppListInterceptManager( 2066): shouldFilterTask
06-14 15:54:28.435 D/OplusAppListInterceptManager( 2066): shouldFilterTask::packageName = com.annieworks.AnnieWalkingLog
06-14 15:54:28.436 D/ActivityTaskManager( 2066): Skipping, invisible task: Task{2460ab7 #5 type=home I=com.android.launcher/.Launcher}
06-14 15:54:28.436 D/OplusAppListInterceptManager( 2066): shouldFilterTask
06-14 15:54:28.436 D/OplusAppListInterceptManager( 2066): shouldFilterTask::packageName = com.android.vending
06-14 15:54:28.436 D/CompatibilityChangeReporter( 2066): Compat change id reported: 197654537; UID 10097; state: ENABLED
06-14 15:54:28.436 D/UsageStatsService( 2066): User[0] type=0 b=1781420038435 e=1781420078435 cb=1781348849473 ce=1781420068353 disk=0 all=1
06-14 15:54:28.436 D/OplusAppListInterceptManager( 2066): shouldFilterTask
06-14 15:54:28.436 D/OplusAppListInterceptManager( 2066): shouldFilterTask::packageName = com.android.chrome
06-14 15:54:28.437 D/OplusAppListInterceptManager( 2066): shouldFilterTask
06-14 15:54:28.437 D/OplusAppListInterceptManager( 2066): shouldFilterTask::packageName = com.google.android.keep
06-14 15:54:28.437 D/OplusAppListInterceptManager( 2066): shouldFilterTask
06-14 15:54:28.437 D/OplusAppListInterceptManager( 2066): shouldFilterTask::packageName = com.android.settings
06-14 15:54:28.437 D/CompatibilityChangeReporter( 2066): Compat change id reported: 197654537; UID 1000; state: ENABLED
06-14 15:54:28.437 D/OplusSplitScreenManagerService( 2066): com.android.settings unSupportsSplitScreen by blockList or ForbidActivityList
06-14 15:54:28.437 D/OplusSplitScreenManagerService( 2066): com.android.settings unSupportsSplitScreen by blockList or ForbidActivityList
06-14 15:54:28.437 D/OplusAppListInterceptManager( 2066): shouldFilterTask
06-14 15:54:28.437 D/OplusAppListInterceptManager( 2066): shouldFilterTask::packageName = com.instagram.android
06-14 15:54:28.437 D/OplusSplitScreenManagerService( 2066): com.instagram.android unSupportsSplitScreen by blockList or ForbidActivityList
06-14 15:54:28.437 D/OplusAppListInterceptManager( 2066): shouldFilterTask
06-14 15:54:28.437 D/OplusAppListInterceptManager( 2066): shouldFilterTask::packageName = com.twitter.android
06-14 15:54:28.438 D/OplusAppListInterceptManager( 2066): shouldFilterTask
06-14 15:54:28.438 D/OplusAppListInterceptManager( 2066): shouldFilterTask::packageName = jp.co.yahoo.android.news
06-14 15:54:28.438 D/ActivityTaskManager( 2066): after skip size 8
06-14 15:54:28.441 I/bzeg    (23065): onPause
06-14 15:54:28.442 D/UsageStatsService( 2066): User[0] type=0 b=1781420038437 e=1781420078437 cb=1781348849473 ce=1781420068353 disk=0 all=1
06-14 15:54:28.443 D/lowmemorykiller(  647): super critical pressure event polling check
06-14 15:54:28.443 D/lowmemorykiller(  647): thrashing: 4% thrashing_limit: 30%
06-14 15:54:28.443 E/lowmemorykiller(  647): calc_zone_watermarks pgskip_deltas_val: 0 pgskip_deltas[PGSKIP_IDX(i++)]: 0
06-14 15:54:28.443 E/lowmemorykiller(  647): adj:1001 file_cache:337679 free:136694
06-14 15:54:28.443 E/lowmemorykiller(  647): device has enough memory 1758184Kib, and freeMemory 546776Kib, disable killing(limit_killing:819200Kib)
06-14 15:54:28.448 D/UsageStatsService( 2066): User[0] type=0 b=1781420038447 e=1781420078447 cb=1781348849473 ce=1781420068353 disk=0 all=1
06-14 15:54:28.453 D/UsageStatsService( 2066): User[0] type=0 b=1781420038451 e=1781420078451 cb=1781348849473 ce=1781420068353 disk=0 all=1
06-14 15:54:28.453 D/lowmemorykiller(  647): super critical pressure event polling check
06-14 15:54:28.454 D/lowmemorykiller(  647): thrashing: 5% thrashing_limit: 30%
06-14 15:54:28.454 E/lowmemorykiller(  647): calc_zone_watermarks pgskip_deltas_val: 0 pgskip_deltas[PGSKIP_IDX(i++)]: 0
06-14 15:54:28.454 E/lowmemorykiller(  647): adj:1001 file_cache:338172 free:136253
06-14 15:54:28.454 E/lowmemorykiller(  647): device has enough memory 1757428Kib, and freeMemory 545012Kib, disable killing(limit_killing:819200Kib)
06-14 15:54:28.458 D/RGBNormalizeServer( 2066): OplusRGBNormalize feature enabled ? false
06-14 15:54:28.458 D/ResourcesManagerCache( 2066): For package com.annieworks.AnnieWalkingLog we got cacheList [null] appInfoExt is null ? false hasFeature ? false
06-14 15:54:28.461 D/UsageStatsService( 2066): User[0] type=0 b=1781420038454 e=1781420078454 cb=1781348849473 ce=1781420068353 disk=0 all=1
06-14 15:54:28.463 W/System.err( 2066): java.io.FileNotFoundException: /data/su_test: open failed: EACCES (Permission denied)
06-14 15:54:28.463 D/WindowManager( 2066): updateOrientation: mLastOrientation = SCREEN_ORIENTATION_PORTRAIT(1) newOrientation = SCREEN_ORIENTATION_PORTRAIT(1) forceUpdate = true LastOrientationSource = ActivityRecord{f7005bc u0 com.annieworks.AnnieWalkingLog/.MainActivity t84584}
06-14 15:54:28.463 D/WindowManager( 2066): rotation(ROTATION_0) no changed.
06-14 15:54:28.464 I/TaskOrganizerController( 2066): onTaskInfoChanged taskid 84584 config { mBounds=Rect(0, 0 - 1080, 2400) mAppBounds=Rect(0, 118 - 1080, 2288) mMaxBounds=Rect(0, 0 - 1080, 2400) mDisplayRotation=ROTATION_0 mWindowingMode=fullscreen mDisplayWindowingMode=fullscreen mActivityType=standard mAlwaysOnTop=undefined mRotation=ROTATION_0}
06-14 15:54:28.464 D/UsageStatsService( 2066): User[0] type=0 b=1781420038462 e=1781420078462 cb=1781348849473 ce=1781420068353 disk=0 all=1
06-14 15:54:28.465 D/FlexibleWindowManager( 2066): onFlexibleWindowTaskInfoChanged: mTaskId = 84584 oldIsTaskEmbedded = false   curIsTaskEmbedded = false  topActivity = ComponentInfo{com.annieworks.AnnieWalkingLog/com.annieworks.AnnieWalkingLog.MainActivity}
06-14 15:54:28.465 D/OplusFlexibleWindowMinimizedManagerHelper( 2066): onTaskInfoChanged taskInfo:TaskInfo{userId=0 taskId=84584 displayId=0 isRunning=true baseIntent=Intent { act=android.intent.action.MAIN cat=[android.intent.category.LAUNCHER] flg=0x10200000 cmp=com.annieworks.AnnieWalkingLog/.MainActivity mCallingUid=10187 } baseActivity=ComponentInfo{com.annieworks.AnnieWalkingLog/com.annieworks.AnnieWalkingLog.MainActivity} topActivity=ComponentInfo{com.annieworks.AnnieWalkingLog/com.annieworks.AnnieWalkingLog.MainActivity} origActivity=null realActivity=ComponentInfo{com.annieworks.AnnieWalkingLog/com.annieworks.AnnieWalkingLog.MainActivity} numActivities=1 lastActiveTime=467143852 supportsSplitScreenMultiWindow=true supportsMultiWindow=true supportsPocketStudioMultiWindow=true isInFlexibleEmbedded = false uid = 10707 pid = 12250 resizeMode=1 isResizeable=true minWidth=-1 minHeight=-1 defaultMinSize=220 token=WCT{RemoteToken{eebe333 Task{23a45cb #84584 type=standard A=10707:com.annieworks.AnnieWalkingLog}}} topActivityType=1 pictureInPictureParams=null shouldDockBigOverlays=false launchIntoPipHostTaskId=-1 lastParentTaskIdBeforePip=-1 displayCutoutSafeInsets=Rect(0, 118 - 0, 0) topActivityInfo=ActivityInfo{200d342 com.annieworks.AnnieWalkingLog.MainActivity} launchCookies=[] positionInParent=Point(0, 0) parentTaskId=-1 isFocused=false isVisible=true isVisibleRequested=true isSleeping=false topActivityInSizeCompat=false topActivityInOplusCompatMode=false topActivityEligibleForLetterboxEducation= false topActivityLetterboxed= false isFromDoubleTap= false topActivityLetterboxVerticalPosition= -1 topActivityLetterboxHorizontalPosition= -1 topActivityLetterboxWidth=-1 topActivityLetterboxHeight=-1 locusId=null displayAreaFeatureId=1 cameraCompatControlState=hidden locusId= null topActivityLetterboxInsets=Rect(0, 0 - 0, 0)} task:Task{23a45cb #84584 type=standard A=10707:com.annieworks.AnnieWalkingLog}
06-14 15:54:28.466 D/OplusDexOptimizeManager( 2066): Do not in AppLaunchOptList!
06-14 15:54:28.466 D/lowmemorykiller(  647): super critical pressure event polling check
06-14 15:54:28.466 D/ShellTaskOrganizer( 3476): dispatchTaskEventToClientIfNeed, eventType:2, taskInfo:TaskInfo{userId=0 taskId=84584 displayId=0 isRunning=true baseIntent=Intent { act=android.intent.action.MAIN cat=[android.intent.category.LAUNCHER] flg=0x10200000 cmp=com.annieworks.AnnieWalkingLog/.MainActivity mCallingUid=10187 } baseActivity=ComponentInfo{com.annieworks.AnnieWalkingLog/com.annieworks.AnnieWalkingLog.MainActivity} topActivity=ComponentInfo{com.annieworks.AnnieWalkingLog/com.annieworks.AnnieWalkingLog.MainActivity} origActivity=null realActivity=ComponentInfo{com.annieworks.AnnieWalkingLog/com.annieworks.AnnieWalkingLog.MainActivity} numActivities=1 lastActiveTime=467143852 supportsSplitScreenMultiWindow=true supportsMultiWindow=true supportsPocketStudioMultiWindow=true isInFlexibleEmbedded = false uid = 10707 pid = 12250 resizeMode=1 isResizeable=true minWidth=-1 minHeight=-1 defaultMinSize=220 token=WCT{android.window.IWindowContainerToken$Stub$Proxy@e844c81} topActivityType=1 pictureInPictureParams=null shouldDockBigOverlays=false launchIntoPipHostTaskId=-1 lastParentTaskIdBeforePip=-1 displayCutoutSafeInsets=Rect(0, 118 - 0, 0) topActivityInfo=ActivityInfo{a6a1126 com.annieworks.AnnieWalkingLog.MainActivity} launchCookies=[] positionInParent=Point(0, 0) parentTaskId=-1 isFocused=false isVisible=true isVisibleRequested=true isSleeping=false topActivityInSizeCompat=false topActivityInOplusCompatMode=false topActivityEligibleForLetterboxEducation= false topActivityLetterboxed= false isFromDoubleTap= false topActivityLetterboxVerticalPosition= -1 topActivityLetterboxHorizontalPosition= -1 topActivityLetterboxWidth=-1 topActivityLetterboxHeight=-1 locusId=null displayAreaFeatureId=1 cameraCompatControlState=hidden locusId= null topActivityLetterboxInsets=Rect(0, 0 - 0, 0)}, leash:null
06-14 15:54:28.467 D/lowmemorykiller(  647): thrashing: 5% thrashing_limit: 30%
06-14 15:54:28.467 E/lowmemorykiller(  647): calc_zone_watermarks pgskip_deltas_val: 0 pgskip_deltas[PGSKIP_IDX(i++)]: 0
06-14 15:54:28.467 E/lowmemorykiller(  647): adj:1001 file_cache:338656 free:135203
06-14 15:54:28.467 E/lowmemorykiller(  647): device has enough memory 1756128Kib, and freeMemory 540812Kib, disable killing(limit_killing:819200Kib)
06-14 15:54:28.467 D/ShellTaskOrganizerExt( 3476): visibleFlexibleTaskInfos delete:84584
06-14 15:54:28.467 D/UsageStatsService( 2066): User[0] type=0 b=1781420038466 e=1781420078466 cb=1781348849473 ce=1781420068353 disk=0 all=1
06-14 15:54:28.475 D/UsageStatsService( 2066): User[0] type=0 b=1781420038471 e=1781420078471 cb=1781348849473 ce=1781420068353 disk=0 all=1
06-14 15:54:28.476 D/OplusAppHeapManager(12250): java.lang.NoSuchMethodException: dalvik.system.VMRuntime.updateProcessValue [int, int, int]
06-14 15:54:28.477 D/lowmemorykiller(  647): super critical pressure event polling check
06-14 15:54:28.477 D/OplusCameraStartupOptimization( 2066): cameraPreopenIfNeed, r = ActivityRecord{f7005bc u0 com.annieworks.AnnieWalkingLog/.MainActivity t84584}
06-14 15:54:28.477 D/OplusCameraStartupOptimization( 2066): needOptimizeForCamera bNeedOptimize:false clsName: com.annieworks.AnnieWalkingLog/.MainActivity
06-14 15:54:28.477 D/lowmemorykiller(  647): thrashing: 5% thrashing_limit: 30%
06-14 15:54:28.477 E/lowmemorykiller(  647): calc_zone_watermarks pgskip_deltas_val: 0 pgskip_deltas[PGSKIP_IDX(i++)]: 0
06-14 15:54:28.478 E/lowmemorykiller(  647): adj:1001 file_cache:339072 free:134923
06-14 15:54:28.478 E/lowmemorykiller(  647): device has enough memory 1756792Kib, and freeMemory 539692Kib, disable killing(limit_killing:819200Kib)
06-14 15:54:28.479 D/CompatibilityInfo(12250): setOverrideInvertedScale  1.0 to 1.0
06-14 15:54:28.490 D/lowmemorykiller(  647): super critical pressure event polling check
06-14 15:54:28.490 D/lowmemorykiller(  647): thrashing: 5% thrashing_limit: 30%
06-14 15:54:28.490 E/lowmemorykiller(  647): calc_zone_watermarks pgskip_deltas_val: 0 pgskip_deltas[PGSKIP_IDX(i++)]: 0
06-14 15:54:28.491 E/lowmemorykiller(  647): adj:1001 file_cache:339623 free:134108
06-14 15:54:28.491 E/lowmemorykiller(  647): device has enough memory 1755744Kib, and freeMemory 536432Kib, disable killing(limit_killing:819200Kib)
06-14 15:54:28.496 D/ActivityTaskManager( 2066): onWindowFocusChanged Task{23a45cb #84584 type=standard A=10707:com.annieworks.AnnieWalkingLog} would transfer to compact
06-14 15:54:28.496 I/InputDispatcher( 2066): setFocusedApplication displayId=0 ActivityRecord{f7005bc u0 com.annieworks.AnnieWalkingLog/.MainActivity t84584}
06-14 15:54:28.496 D/ActivityTaskManager( 2066): NFW_setLastResumedActivityUncheckLocked:true r:ActivityRecord{f7005bc u0 com.annieworks.AnnieWalkingLog/.MainActivity t84584} currentFocus:null
06-14 15:54:28.497 D/FlexibleTaskController( 2066): onTaskFocusChanged prevTask:Task{2460ab7 #5 type=home I=com.android.launcher/.Launcher} ,currentTask:Task{23a45cb #84584 type=standard A=10707:com.annieworks.AnnieWalkingLog}
06-14 15:54:28.498 I/OplusAppSwitchManagerService( 2066): appswitch hasProcess ActivityRecord{f7005bc u0 com.annieworks.AnnieWalkingLog/.MainActivity t84584}
06-14 15:54:28.498 E/UAH_JNI ( 2066): uah_event_acquire ! cmdId: 0 ,strPkg: com.annieworks.AnnieWalkingLog, strIdent: com.android.server.wm, timeout: 600
06-14 15:54:28.498 I/[UAH_CLIENT]( 2066): UahEventAcquire, cmdid:0, pkg:com.annieworks.AnnieWalkingLog, identity:com.android.server.wm
06-14 15:54:28.498 I/OplusJoystickManager( 2066): handleApplicationSwitch deprecated!
06-14 15:54:28.498 D/vendor.qti.bluetooth@1.0-wake_lock( 1200): Release wakelock is released 
06-14 15:54:28.499 I/OplusAppSwitchManagerService( 2066): appswitch hasProcess ActivityRecord{f7005bc u0 com.annieworks.AnnieWalkingLog/.MainActivity t84584}
06-14 15:54:28.501 D/lowmemorykiller(  647): super critical pressure event polling check
06-14 15:54:28.501 D/lowmemorykiller(  647): thrashing: 6% thrashing_limit: 30%
06-14 15:54:28.501 E/lowmemorykiller(  647): calc_zone_watermarks pgskip_deltas_val: 0 pgskip_deltas[PGSKIP_IDX(i++)]: 0
06-14 15:54:28.501 E/lowmemorykiller(  647): adj:1001 file_cache:339463 free:133022
06-14 15:54:28.501 E/lowmemorykiller(  647): device has enough memory 1750644Kib, and freeMemory 532088Kib, disable killing(limit_killing:819200Kib)
06-14 15:54:28.500 D/OplusAppSwitchListener( 2066): Detect com.android.launcher switch to background
06-14 15:54:28.503 D/OplusFeatureReduceBrightness( 2066): onAppExit , info = com.android.launcher
06-14 15:54:28.503 D/OplusEapManager( 2066): mTargetExitName :com.android.launcher
06-14 15:54:28.509 I/SystemUi--Keyguard( 3476): ChargingAnimationImpl-->onAppExit , oplusAppExitInfo : OplusAppExitInfo = {  targetName = com.android.launcher hasResumingActivity = true resumingPackageName = com.annieworks.AnnieWalkingLog resumingActivityName = com.annieworks.AnnieWalkingLog.MainActivity resumingWindowMode = 1 isResumingMultiApp = false isResumingFirstStart = true extension = Bundle[mParcelledData.dataSize=84]}
06-14 15:54:28.511 D/OplusAppSwitchListener( 2066): Detect com.annieworks.AnnieWalkingLog switch to foreground
06-14 15:54:28.511 D/OplusEapManager( 2066): mTargetEnterName :com.annieworks.AnnieWalkingLog
06-14 15:54:28.512 D/OplusLatencyOptimizerManager( 2066): enter pkg: com.annieworks.AnnieWalkingLog isPrevBlackAppTop: false mIsBlackAppTop: false
06-14 15:54:28.513 D/VRR [OPlusFrontAppManager]( 2066): OnAppSwitchObserver: onAppEnter , info.targetName = com.annieworks.AnnieWalkingLog
06-14 15:54:28.514 D/lowmemorykiller(  647): super critical pressure event polling check
06-14 15:54:28.514 D/lowmemorykiller(  647): thrashing: 6% thrashing_limit: 30%
06-14 15:54:28.514 E/lowmemorykiller(  647): calc_zone_watermarks pgskip_deltas_val: 0 pgskip_deltas[PGSKIP_IDX(i++)]: 0
06-14 15:54:28.514 E/lowmemorykiller(  647): adj:1001 file_cache:339982 free:132404
06-14 15:54:28.514 E/lowmemorykiller(  647): device has enough memory 1750160Kib, and freeMemory 529616Kib, disable killing(limit_killing:819200Kib)
06-14 15:54:28.515 I/Athena  ( 2066): RecordAppChangeAction: updateRecentlyUsedApp bgAppRecord=packageName:com.android.launcher, uid:10187, userId:0, isTop=false, fgElapsedTime=466818225, bgElapsedTime=467144125, fgElapsedDur=325900, bgElapsedDur=0
06-14 15:54:28.515 I/Athena  ( 2066): RecordAppChangeAction: updateRecentlyUsedApp fgAppRecord=packageName:com.annieworks.AnnieWalkingLog, uid:10707, userId:0, isTop=true, fgElapsedTime=467144125, bgElapsedTime=0, fgElapsedDur=467144125, bgElapsedDur=0
06-14 15:54:28.516 D/VRR [OPlusRefreshRateService]( 2066): handleFrontAppChange pkgName: null
06-14 15:54:28.516 D/VRR [OPlusRefreshRateService]( 2066): handleFrontAppChange pkgName: com.annieworks.AnnieWalkingLog
06-14 15:54:28.517 V/DCSEX-AppSwitchManager( 3423): OnAppSwitchObserver: onAppExit, resuming = com.annieworks.AnnieWalkingLog, target = com.android.launcher, is ResumingFirstStart =  true, is ResumingMultiApp =  false, extensionInfo =  Bundle[mParcelledData.dataSize=84]
06-14 15:54:28.517 I/Athena  ( 3978): AthenaDynamicReceiver: pre_app:com.android.launcher, next_app:com.annieworks.AnnieWalkingLog(10707|12250)
06-14 15:54:28.526 W/ContextImpl( 3978): Calling a method in the system process without a qualified user: android.app.ContextImpl.startService:1929 android.content.ContextWrapper.startService:835 j.c.c:8 j.c.a:4 o0.b.f:4 
06-14 15:54:28.532 W/ActivityManager( 2066): Slow operation: 71ms so far, now at finishAttachApplicationInner: after mServices.attachApplicationLocked
06-14 15:54:28.532 W/ActivityManager( 2066): Slow operation: 71ms so far, now at finishAttachApplicationInner: after dispatching broadcasts
06-14 15:54:28.533 D/OplusActivityManager(12250): get AMS extension: android.os.BinderProxy@702c46c
06-14 15:54:28.535 W/Battery ( 6222): ThermalControlUtils: mForegroundPkg=com.annieworks.AnnieWalkingLog
06-14 15:54:28.536 W/dpeo    (23065): measuring already stopped.
06-14 15:54:28.538 D/nativeloader(12250): Load libsigprotector_jni.so using system ns (caller=/system/framework/oplus-framework.jar): ok
06-14 15:54:28.539 D/callGcSupression(12250): java.lang.NullPointerException: Attempt to invoke virtual method 'java.lang.Object java.lang.reflect.Method.invoke(java.lang.Object, java.lang.Object[])' on a null object reference
06-14 15:54:28.540 D/CompatibilityChangeReporter(12250): Compat change id reported: 171979766; UID 10707; state: ENABLED
06-14 15:54:28.543 E/OplusThermalStats( 2066): Error getting package info: com.annieworks.AnnieWalkingLog
06-14 15:54:28.544 I/OplusFeatureCache(12250): Milliseconds spent on init(): 4
06-14 15:54:28.547 D/CompactWindowAppManager(12250): initCompactApplicationInfo CompactMode: , NormalMode: 
06-14 15:54:28.549 D/CompatibilityChangeReporter( 2066): Compat change id reported: 170503758; UID 10707; state: ENABLED
06-14 15:54:28.550 D/OplusScrollToTopManager(12250): setIsInWhiteList false
06-14 15:54:28.551 D/OplusViewDebugManager(12250): OplusViewDebugManager Constructor android.view.debug.OplusViewDebugManager@f8dbb58 [mHasViewDebugProperty true] [mHasMsgDebugProperty false] [DEBUG false] [EXTRAINFOENABLE false] [LIGHT_OS false]
06-14 15:54:28.552 D/CompatibilityChangeReporter(12250): Compat change id reported: 242716250; UID 10707; state: ENABLED
06-14 15:54:28.552 D/DCSEX-AppLaunchEventRecorder( 3423): onAppSwitch from = com.android.launcher to = com.annieworks.AnnieWalkingLog
06-14 15:54:28.556 W/libc    (12250): Access denied finding property "ro.odm.prev.product.name"
06-14 15:54:28.557 V/DCSEX-AppSwitchManager( 3423): OnAppSwitchObserver: onAppEnter, launchedFrom =  com.android.launcher, target =  com.annieworks.AnnieWalkingLog, is firstStart =  true, is multiApp =  false, extensionInfo =  Bundle[mParcelledData.dataSize=140]
06-14 15:54:28.560 D/OplusAtlas.OplusAtlasEventDispatch( 4962): setEvent:atlas_event_on_foreground_activities_changed info:pid:12250,uid:10707,hasForegroundActivities:1
06-14 15:54:28.561 D/OplusAtlas.OplusAudioScene( 4962): callback success event:atlas_event_on_foreground_activities_changed eventInfo:pid:12250,uid:10707,hasForegroundActivities:1
06-14 15:54:28.561 D/OplusAtlas.OplusMessageHandler( 4962): handleMessage: Msg { when=0 what=0 obj=com.oplus.atlas.OplusAtlasEvent@92ad087 target=com.oplus.atlas.OplusMessageHandler$MyHandler }
06-14 15:54:28.564 W/System.err( 2066): 	at libcore.io.IoBridge.open(IoBridge.java:574)
06-14 15:54:28.564 W/System.err( 2066): 	at java.io.FileOutputStream.<init>(FileOutputStream.java:259)
06-14 15:54:28.564 W/System.err( 2066): 	at java.io.FileOutputStream.<init>(FileOutputStream.java:147)
06-14 15:54:28.564 W/System.err( 2066): 	at com.android.server.oplus.heimdall.root.RootDetector.writeFile(RootDetector.java:179)
06-14 15:54:28.564 W/System.err( 2066): 	at com.android.server.oplus.heimdall.root.RootDetector.checkAccessRootData(RootDetector.java:152)
06-14 15:54:28.564 W/System.err( 2066): 	at com.android.server.oplus.heimdall.root.RootDetector.checkDeviceRootStatus(RootDetector.java:45)
06-14 15:54:28.564 W/System.err( 2066): 	at com.android.server.oplus.heimdall.HeimdallHandler.handleMessage(HeimdallHandler.java:43)
06-14 15:54:28.564 W/System.err( 2066): 	at android.os.Handler.dispatchMessage(Handler.java:106)
06-14 15:54:28.564 W/System.err( 2066): 	at android.os.Looper.loopOnce(Looper.java:257)
06-14 15:54:28.564 W/System.err( 2066): 	at android.os.Looper.loop(Looper.java:368)
06-14 15:54:28.564 W/System.err( 2066): 	at android.os.HandlerThread.run(HandlerThread.java:67)
06-14 15:54:28.564 W/System.err( 2066): 	at com.android.server.ServiceThread.run(ServiceThread.java:46)
06-14 15:54:28.565 D/OplusAtlas.OplusMessageHandler( 4962): handleMessage: Msg { when=-4ms what=2 obj=com.oplus.atlas.OplusAtlasEvent@92ad087 target=com.oplus.atlas.OplusMessageHandler$MyHandler }
06-14 15:54:28.566 D/nativeloader(12250): Configuring clns-4 for other apk /system/framework/org.apache.http.legacy.jar. target_sdk_version=36, uses_libraries=ALL, library_path=/data/app/~~lW5vgGJjZkx2fSMMEpjqwA==/com.annieworks.AnnieWalkingLog-LDOidKIMOYS9IZ7Yjt34uA==/lib/arm64:/data/app/~~lW5vgGJjZkx2fSMMEpjqwA==/com.annieworks.AnnieWalkingLog-LDOidKIMOYS9IZ7Yjt34uA==/base.apk!/lib/arm64-v8a:/data/app/~~lW5vgGJjZkx2fSMMEpjqwA==/com.annieworks.AnnieWalkingLog-LDOidKIMOYS9IZ7Yjt34uA==/split_config.arm64_v8a.apk!/lib/arm64-v8a:/data/app/~~lW5vgGJjZkx2fSMMEpjqwA==/com.annieworks.AnnieWalkingLog-LDOidKIMOYS9IZ7Yjt34uA==/split_config.en.apk!/lib/arm64-v8a:/data/app/~~lW5vgGJjZkx2fSMMEpjqwA==/com.annieworks.AnnieWalkingLog-LDOidKIMOYS9IZ7Yjt34uA==/split_config.ja.apk!/lib/arm64-v8a:/data/app/~~lW5vgGJjZkx2fSMMEpjqwA==/com.annieworks.AnnieWalkingLog-LDOidKIMOYS9IZ7Yjt34uA==/split_config.xxhdpi.apk!/lib/arm64-v8a, permitted_path=/data:/mnt/expand:/data/user/0/com.annieworks.AnnieWalkingLog
06-14 15:54:28.566 D/nativeloader(12250): Extending system_exposed_libraries: libbinauralrenderer_wrapper.qti.so:libhoaeffects.qti.so:libSloganJni.oplus.so:libsuperNight.oplus.so:libAPSClient-cmd-jni-extension.oplus.so:libupdateprof.qti.so:libQOC.qti.so:libthermalclient.qti.so:libqape.qti.so:libqesdk_ndk_platform.qti.so:liblistenjni.qti.so
06-14 15:54:28.571 W/System.err( 2066): Caused by: android.system.ErrnoException: open failed: EACCES (Permission denied)
06-14 15:54:28.571 W/System.err( 2066): 	at libcore.io.Linux.open(Native Method)
06-14 15:54:28.571 W/System.err( 2066): 	at libcore.io.ForwardingOs.open(ForwardingOs.java:579)
06-14 15:54:28.571 W/System.err( 2066): 	at libcore.io.BlockGuardOs.open(BlockGuardOs.java:274)
06-14 15:54:28.571 W/System.err( 2066): 	at libcore.io.IoBridge.open(IoBridge.java:560)
06-14 15:54:28.571 W/System.err( 2066): 	... 11 more
06-14 15:54:28.571 W/System.err( 2066): java.io.FileNotFoundException: /data/su_test: open failed: ENOENT (No such file or directory)
06-14 15:54:28.574 W/OplusDexOptimizeManager( 2066): isFirstNotifyDexLoad: isExistInDelate=false isExistInDexContainer=false
06-14 15:54:28.574 W/OplusDexOptimizeManager( 2066): isFirstNotifyDexLoad: result=false
06-14 15:54:28.578 W/System.err( 2066): 	at libcore.io.IoBridge.open(IoBridge.java:574)
06-14 15:54:28.578 W/System.err( 2066): 	at java.io.FileInputStream.<init>(FileInputStream.java:179)
06-14 15:54:28.578 W/System.err( 2066): 	at com.android.server.oplus.heimdall.root.RootDetector.readFile(RootDetector.java:202)
06-14 15:54:28.578 W/System.err( 2066): 	at com.android.server.oplus.heimdall.root.RootDetector.checkAccessRootData(RootDetector.java:160)
06-14 15:54:28.578 W/System.err( 2066): 	at com.android.server.oplus.heimdall.root.RootDetector.checkDeviceRootStatus(RootDetector.java:45)
06-14 15:54:28.578 W/System.err( 2066): 	at com.android.server.oplus.heimdall.HeimdallHandler.handleMessage(HeimdallHandler.java:43)
06-14 15:54:28.578 W/System.err( 2066): 	at android.os.Handler.dispatchMessage(Handler.java:106)
06-14 15:54:28.578 W/System.err( 2066): 	at android.os.Looper.loopOnce(Looper.java:257)
06-14 15:54:28.578 W/System.err( 2066): 	at android.os.Looper.loop(Looper.java:368)
06-14 15:54:28.578 W/System.err( 2066): 	at android.os.HandlerThread.run(HandlerThread.java:67)
06-14 15:54:28.578 W/System.err( 2066): 	at com.android.server.ServiceThread.run(ServiceThread.java:46)
06-14 15:54:28.586 W/System.err( 2066): Caused by: android.system.ErrnoException: open failed: ENOENT (No such file or directory)
06-14 15:54:28.587 W/System.err( 2066): 	at libcore.io.Linux.open(Native Method)
06-14 15:54:28.587 W/System.err( 2066): 	at libcore.io.ForwardingOs.open(ForwardingOs.java:579)
06-14 15:54:28.587 W/System.err( 2066): 	at libcore.io.BlockGuardOs.open(BlockGuardOs.java:274)
06-14 15:54:28.587 W/System.err( 2066): 	at libcore.io.IoBridge.open(IoBridge.java:560)
06-14 15:54:28.587 W/System.err( 2066): 	... 10 more
06-14 15:54:28.596 D/AppProfilerExtImpl( 2066): Skipped pss collection for CPU busy
06-14 15:54:28.596 D/AudioFlingerExtImpl( 1317): AudioFlingerExtImpl oplusSetParameters: keyvalue onForegroundActivitiesChanged=com.annieworks.AnnieWalkingLog:foreground:1
06-14 15:54:28.597 D/AudioFlingerExtImpl( 1317): updateForegroundInfo mForegroundMap(1)|[com.annieworks.AnnieWalkingLog]=1
06-14 15:54:28.600 W/AnnieWalkingLog(12250): Failed to find entry 'classes.dex': Entry not found
06-14 15:54:28.600 W/AnnieWalkingLog(12250): Failed to find entry 'classes.dex': Entry not found
06-14 15:54:28.601 W/AnnieWalkingLog(12250): Failed to find entry 'classes.dex': Entry not found
06-14 15:54:28.601 W/AnnieWalkingLog(12250): Failed to find entry 'classes.dex': Entry not found
06-14 15:54:28.602 D/nativeloader(12250): Configuring clns-5 for other apk /data/app/~~lW5vgGJjZkx2fSMMEpjqwA==/com.annieworks.AnnieWalkingLog-LDOidKIMOYS9IZ7Yjt34uA==/base.apk:/data/app/~~lW5vgGJjZkx2fSMMEpjqwA==/com.annieworks.AnnieWalkingLog-LDOidKIMOYS9IZ7Yjt34uA==/split_config.arm64_v8a.apk:/data/app/~~lW5vgGJjZkx2fSMMEpjqwA==/com.annieworks.AnnieWalkingLog-LDOidKIMOYS9IZ7Yjt34uA==/split_config.en.apk:/data/app/~~lW5vgGJjZkx2fSMMEpjqwA==/com.annieworks.AnnieWalkingLog-LDOidKIMOYS9IZ7Yjt34uA==/split_config.ja.apk:/data/app/~~lW5vgGJjZkx2fSMMEpjqwA==/com.annieworks.AnnieWalkingLog-LDOidKIMOYS9IZ7Yjt34uA==/split_config.xxhdpi.apk. target_sdk_version=36, uses_libraries=, library_path=/data/app/~~lW5vgGJjZkx2fSMMEpjqwA==/com.annieworks.AnnieWalkingLog-LDOidKIMOYS9IZ7Yjt34uA==/lib/arm64:/data/app/~~lW5vgGJjZkx2fSMMEpjqwA==/com.annieworks.AnnieWalkingLog-LDOidKIMOYS9IZ7Yjt34uA==/base.apk!/lib/arm64-v8a:/data/app/~~lW5vgGJjZkx2fSMMEpjqwA==/com.annieworks.AnnieWalkingLog-LDOidKIMOYS9IZ7Yjt34uA==/split_config.arm64_v8a.apk!/lib/arm64-v8a:/data/app/~~lW5v
06-14 15:54:28.603 W/OplusDexOptimizeManager( 2066): isFirstNotifyDexLoad: isExistInDelate=false isExistInDexContainer=false
06-14 15:54:28.603 W/OplusDexOptimizeManager( 2066): isFirstNotifyDexLoad: result=false
06-14 15:54:28.608 D/CompatibilityChangeReporter( 2066): Compat change id reported: 261072174; UID 1000; state: ENABLED
06-14 15:54:28.610 D/nativeloader(12250): Load libframework-connectivity-jni.so using APEX ns com_android_tethering for caller /apex/com.android.tethering/javalib/framework-connectivity.jar: ok
06-14 15:54:28.616 V/GraphicsEnvironment(12250): Currently set values for:
06-14 15:54:28.616 V/GraphicsEnvironment(12250):   angle_gl_driver_selection_pkgs=[]
06-14 15:54:28.616 V/GraphicsEnvironment(12250):   angle_gl_driver_selection_values=[]
06-14 15:54:28.617 V/GraphicsEnvironment(12250): ANGLE GameManagerService for com.annieworks.AnnieWalkingLog: false
06-14 15:54:28.617 V/GraphicsEnvironment(12250): com.annieworks.AnnieWalkingLog is not listed in per-application setting
06-14 15:54:28.617 V/GraphicsEnvironment(12250): Neither updatable production driver nor prerelease driver is supported.
06-14 15:54:28.619 W/Battery ( 6222): ThermalControllHandler: tempLevel=1,userMode=2,gameUserMode=7,appType=-1,envTempType=1,appStates=[],appSwitchSafetyMode=true
06-14 15:54:28.621 W/Battery ( 6222): ThermalControllerCenter: mSafetyState=10000
06-14 15:54:28.623 W/Battery ( 6222): ThermalControllHandler: tempGear=1,configItemName=common_config
06-14 15:54:28.623 W/Battery ( 6222): ThermalControllHandler: MSG_THERMAL_CONTROL_CATEGORY_CHANGED
06-14 15:54:28.623 E/Battery ( 6222): ThermalControlConfig: TsensorPolicy featureConfig is null
06-14 15:54:28.635 D/TaskSnapshotControllerExtImpl( 2066): createTaskSnapshot isCompatMode:false, isCompactWindow:false
06-14 15:54:28.635 D/SurfaceFlinger( 1374): captureLayers from pid 2066 uid -1
06-14 15:54:28.644 I/system_server( 2066): Background young concurrent copying GC freed 23MB AllocSpace bytes, 46(920KB) LOS objects, 15% free, 109MB/128MB, paused 1.605ms,458us total 307.259ms
06-14 15:54:28.653 D/ResourcesManagerExtImpl(12250): applyConfigurationToAppResourcesLocked app.getDisplayId() return callback.displayId:-1
06-14 15:54:28.655 D/CompatibilityChangeReporter( 2066): Compat change id reported: 265195908; UID 10707; state: ENABLED
06-14 15:54:28.661 D/CompatibilityChangeReporter(12250): Compat change id reported: 183155436; UID 10707; state: ENABLED
06-14 15:54:28.666 I/FirebaseApp(12250): Device unlocked: initializing all Firebase APIs for app [DEFAULT]
06-14 15:54:28.670 I/FirebaseInitProvider(12250): FirebaseApp initialization successful
06-14 15:54:28.675 W/SurfaceFlingerPuller( 2066): Failed to pull atom 150134 from surfaceflinger. Success is 0, binder status is EX_NONE
06-14 15:54:28.675 E/statsd  ( 1051): Gauge Stats puller failed for tag: 150134 at 467144273456892
06-14 15:54:28.684 V/WindowManagerShell( 3476): Transition animation finished (aborted=false), notifying core (#1745)android.os.BinderProxy@db1e29f@0
06-14 15:54:28.689 D/nativeloader(12250): Load libSchedAssistJni.so using system ns (caller=/system/framework/oplus-framework.jar): ok
06-14 15:54:28.689 D/ExtensionsLoader(12250): createInstance(64bit) : createExtendedFactory
06-14 15:54:28.690 D/ExtensionsLoader(12250): Opened libSchedAssistExtImpl.so
06-14 15:54:28.690 E/SchedAssist(12250): ofbOpen failed with error=No such file or directory
06-14 15:54:28.690 E/SchedAssist(12250): sysOpen failed with error=No such file or directory
06-14 15:54:28.690 E/SchedAssist(12250): sharedImFd failed with error=Permission denied
06-14 15:54:28.691 D/VRI[Launcher]( 3730): dispatchAppVisibility visible:false
06-14 15:54:28.691 I/OplusAppSwitchManagerService( 2066):  handleAppVisible , r = ActivityRecord{f7005bc u0 com.annieworks.AnnieWalkingLog/.MainActivity t84584}
06-14 15:54:28.691 D/OplusTransitionController( 2066): finishTransition, transition: TransitionRecord{c34d4c1 id=1745 type=OPEN flags=0x0}
06-14 15:54:28.692 D/OplusTransitionAnimationManager( 2066): commitVisibilityWhenFinishTransition type=1, ar.isVisibleRequested=false, ar.isVisible=false, ar.isVisibleRequested=false, ar=ActivityRecord{98822e0 u0 com.android.launcher/.Launcher t5} ar type 2 ar state :PAUSED displayid :0, participants={Task{23a45cb #84584 type=standard A=10707:com.annieworks.AnnieWalkingLog}, ActivityRecord{98822e0 u0 com.android.launcher/.Launcher t5}, WallpaperWindowToken{b729850 token=android.os.Binder@2e6f177}, ActivityRecord{f7005bc u0 com.annieworks.AnnieWalkingLog/.MainActivity t84584}}
06-14 15:54:28.692 D/OplusTransitionAnimationManager( 2066): commitVisibilityWhenFinishTransition type=1, ar.isVisibleRequested=true, ar.isVisible=true, ar.isVisibleRequested=true, ar=ActivityRecord{f7005bc u0 com.annieworks.AnnieWalkingLog/.MainActivity t84584} ar type 1 ar state :RESUMED displayid :0, participants={Task{23a45cb #84584 type=standard A=10707:com.annieworks.AnnieWalkingLog}, ActivityRecord{98822e0 u0 com.android.launcher/.Launcher t5}, WallpaperWindowToken{b729850 token=android.os.Binder@2e6f177}, ActivityRecord{f7005bc u0 com.annieworks.AnnieWalkingLog/.MainActivity t84584}}
06-14 15:54:28.692 D/TransitionController( 2066): NFW_send RECOMPUTE_FOCUS in finishTransition
06-14 15:54:28.692 V/WindowManager( 2066): Finish Transition #1745: created at 06-14 15:54:28.179 collect-started=0.097ms request-sent=64.877ms started=81.551ms ready=172.538ms sent=182.858ms finished=509.638ms
06-14 15:54:28.692 D/VRI[GoogleDiscoverWindow](23065): dispatchAppVisibility visible:false
06-14 15:54:28.693 D/ShellTaskOrganizer( 3476): onTransitionFinish, isRecent:false
06-14 15:54:28.693 V/WindowManagerShell( 3476): Track 0 became idle
06-14 15:54:28.696 D/OplusGraphicsEvent(12250): OplusGraphicsEventListener create now!
06-14 15:54:28.697 D/OplusGraphicsEvent(12250): addEventListener success!
06-14 15:54:28.699 E/ScrollOptim [OplusPerfService]( 2066): isScrollOptimEnable: mSoptBean = ScrollOptimBean, mOptEnable=true, mPreAnimStrategy=1, mPreAnimBlacklist=[com.kyk.world, com.shopify.arrive, com.quark.browser], mPreAnimWhitelist=[], mInsertNum=1, mFrameInsertList={com.shopify.arrive={}, com.sina.weibo={com.sina.weibo.VisitorMainTabActivity=3}, com.tencent.mm={com.tencent.mm.ui.AlbumUI=3, com.tencent.mm.plugin.sns.ui.SnsTimeLineUI=3, com.tencent.mm.plugin.sns.ui.improve.ImproveSnsTimelineUI=3}, com.taobao.idlefish={}, com.kyk.world={}}, mSCEnableList={com.ss.android.ugc.aweme=[com.ss.android.ugc.aweme.splash.SplashActivity], com.sankuai.meituan=[com.meituan.android.pt.homepage.activity.MainActivity], com.dragon.read=[com.dragon.read.pages.main.MainFragmentActivity], com.sina.weibo=[com.sina.weibo.VisitorMainTabActivity], com.xunmeng.pinduoduo=[com.xunmeng.pinduoduo.activity.NewPageActivity], com.tencent.qqmusic=[com.tencent.qqmusic.activity.AppStarterActivity], com.tencent.mobileqq=[com.qzone.feed.ui.activity.QZoneFriendFeedActivity], com.tencent.qqlive=[com.tencent.qqlive.ona.activity.SplashHomeActivity], com.ct.client=[com.ct.client.activity.MainActivity]}
06-14 15:54:28.699 E/ScrollOptim [OplusPerfService]( 2066): isScrollOptimEnable: pkgName = com.annieworks.AnnieWalkingLog, output = Bundle[{pre_anim_enable=true, frame_insert_list=null, frame_insert_default_num=1, scroll_changed_enable_list=null}]
06-14 15:54:28.699 I/WindowStateExtImpl( 2066): onSurfaceShowChange show = false mPackageName = com.android.launcher parentPkgName = com.android.launcher
06-14 15:54:28.699 D/ScrollOptim [ConfigManager](12250): initOptConfig: pkg= com.annieworks.AnnieWalkingLog, mOptEnable= true, mAnimAheadEnable= true, mInsertDefaultNum= 1, mFrameInsertEnableList= {}, mSCEnableList= []
06-14 15:54:28.699 D/WM-WrkMgrInitializer(12250): Initializing WorkManager with default configuration.
06-14 15:54:28.702 D/OplusLayer( 1374): setGameMode Task=5#67, gameMode 0, parentLayer Task=1#48.
06-14 15:54:28.702 D/Layer   ( 1374): reparent to null sequence=30961, seq[2], name=Transition Root: Task=84584#30961
06-14 15:54:28.702 D/OplusLayer( 1374): setGameMode ImeContainer#13, gameMode 0, parentLayer ActivityRecord{98822e0 u0 com.android.launcher/.Launcher t5}#21292.
06-14 15:54:28.702 D/OplusLayer( 1374): setGameMode com.android.launcher/com.android.launcher.Launcher#30928, gameMode 0, parentLayer 7be6eaf com.android.launcher/com.android.launcher.Launcher#21293.
06-14 15:54:28.702 D/OplusLayer( 1374): setGameMode GoogleDiscoverWindow#30927, gameMode 0, parentLayer b7b87e5 GoogleDiscoverWindow#21295.
06-14 15:54:28.702 D/Layer   ( 1374): reparent to null sequence=30961, seq[2], name=Transition Root: Task=84584#30961
06-14 15:54:28.702 W/PackageManager( 2066): package com.annieworks.AnnieWalkingLog uid 10707 pid 12250 call SetEnabledSetting(com.annieworks.AnnieWalkingLog component = androidx.work.impl.background.systemjob.SystemJobService, 1, 0)
06-14 15:54:28.703 I/TaskOrganizerController( 2066): onTaskInfoChanged taskid 84584 config { mBounds=Rect(0, 0 - 1080, 2400) mAppBounds=Rect(0, 118 - 1080, 2288) mMaxBounds=Rect(0, 0 - 1080, 2400) mDisplayRotation=ROTATION_0 mWindowingMode=fullscreen mDisplayWindowingMode=fullscreen mActivityType=standard mAlwaysOnTop=undefined mRotation=ROTATION_0}
06-14 15:54:28.703 I/DispPerfService( 1374): updateLayerMask 8
06-14 15:54:28.704 D/ShellTaskOrganizer( 3476): dispatchTaskEventToClientIfNeed, eventType:2, taskInfo:TaskInfo{userId=0 taskId=84584 displayId=0 isRunning=true baseIntent=Intent { act=android.intent.action.MAIN cat=[android.intent.category.LAUNCHER] flg=0x10200000 cmp=com.annieworks.AnnieWalkingLog/.MainActivity mCallingUid=10187 } baseActivity=ComponentInfo{com.annieworks.AnnieWalkingLog/com.annieworks.AnnieWalkingLog.MainActivity} topActivity=ComponentInfo{com.annieworks.AnnieWalkingLog/com.annieworks.AnnieWalkingLog.MainActivity} origActivity=null realActivity=ComponentInfo{com.annieworks.AnnieWalkingLog/com.annieworks.AnnieWalkingLog.MainActivity} numActivities=1 lastActiveTime=467144106 supportsSplitScreenMultiWindow=true supportsMultiWindow=true supportsPocketStudioMultiWindow=true isInFlexibleEmbedded = false uid = 10707 pid = 12250 resizeMode=1 isResizeable=true minWidth=-1 minHeight=-1 defaultMinSize=220 token=WCT{android.window.IWindowContainerToken$Stub$Proxy@9c71167} topActivityType=1 pictureInPictureParams=null shouldDockBigOverlays=false launchIntoPipHostTaskId=-1 lastParentTaskIdBeforePip=-1 displayCutoutSafeInsets=Rect(0, 118 - 0, 0) topActivityInfo=ActivityInfo{db9fb14 com.annieworks.AnnieWalkingLog.MainActivity} launchCookies=[] positionInParent=Point(0, 0) parentTaskId=-1 isFocused=true isVisible=true isVisibleRequested=true isSleeping=false topActivityInSizeCompat=false topActivityInOplusCompatMode=false topActivityEligibleForLetterboxEducation= false topActivityLetterboxed= false isFromDoubleTap= false topActivityLetterboxVerticalPosition= -1 topActivityLetterboxHorizontalPosition= -1 topActivityLetterboxWidth=-1 topActivityLetterboxHeight=-1 locusId=null displayAreaFeatureId=1 cameraCompatControlState=hidden locusId= null topActivityLetterboxInsets=Rect(0, 0 - 0, 0)}, leash:null
06-14 15:54:28.705 D/ShellTaskOrganizerExt( 3476): visibleFlexibleTaskInfos delete:84584
06-14 15:54:28.705 D/FlexibleWindowManager( 2066): onFlexibleWindowTaskInfoChanged: mTaskId = 84584 oldIsTaskEmbedded = false   curIsTaskEmbedded = false  topActivity = ComponentInfo{com.annieworks.AnnieWalkingLog/com.annieworks.AnnieWalkingLog.MainActivity}
06-14 15:54:28.705 I/[UAH_CLIENT]( 1231): UahRelease, handle:117976
06-14 15:54:28.705 D/OplusFlexibleWindowMinimizedManagerHelper( 2066): onTaskInfoChanged taskInfo:TaskInfo{userId=0 taskId=84584 displayId=0 isRunning=true baseIntent=Intent { act=android.intent.action.MAIN cat=[android.intent.category.LAUNCHER] flg=0x10200000 cmp=com.annieworks.AnnieWalkingLog/.MainActivity mCallingUid=10187 } baseActivity=ComponentInfo{com.annieworks.AnnieWalkingLog/com.annieworks.AnnieWalkingLog.MainActivity} topActivity=ComponentInfo{com.annieworks.AnnieWalkingLog/com.annieworks.AnnieWalkingLog.MainActivity} origActivity=null realActivity=ComponentInfo{com.annieworks.AnnieWalkingLog/com.annieworks.AnnieWalkingLog.MainActivity} numActivities=1 lastActiveTime=467144106 supportsSplitScreenMultiWindow=true supportsMultiWindow=true supportsPocketStudioMultiWindow=true isInFlexibleEmbedded = false uid = 10707 pid = 12250 resizeMode=1 isResizeable=true minWidth=-1 minHeight=-1 defaultMinSize=220 token=WCT{RemoteToken{eebe333 Task{23a45cb #84584 type=standard A=10707:com.annieworks.AnnieWalkingLog}}} topActivityType=1 pictureInPictureParams=null shouldDockBigOverlays=false launchIntoPipHostTaskId=-1 lastParentTaskIdBeforePip=-1 displayCutoutSafeInsets=Rect(0, 118 - 0, 0) topActivityInfo=ActivityInfo{200d342 com.annieworks.AnnieWalkingLog.MainActivity} launchCookies=[] positionInParent=Point(0, 0) parentTaskId=-1 isFocused=true isVisible=true isVisibleRequested=true isSleeping=false topActivityInSizeCompat=false topActivityInOplusCompatMode=false topActivityEligibleForLetterboxEducation= false topActivityLetterboxed= false isFromDoubleTap= false topActivityLetterboxVerticalPosition= -1 topActivityLetterboxHorizontalPosition= -1 topActivityLetterboxWidth=-1 topActivityLetterboxHeight=-1 locusId=null displayAreaFeatureId=1 cameraCompatControlState=hidden locusId= null topActivityLetterboxInsets=Rect(0, 0 - 0, 0)} task:Task{23a45cb #84584 type=standard A=10707:com.annieworks.AnnieWalkingLog}
06-14 15:54:28.706 I/TaskOrganizerController( 2066): onTaskInfoChanged taskid 1 config { mBounds=Rect(0, 0 - 1080, 2400) mAppBounds=Rect(0, 118 - 1080, 2288) mMaxBounds=Rect(0, 0 - 1080, 2400) mDisplayRotation=ROTATION_0 mWindowingMode=fullscreen mDisplayWindowingMode=fullscreen mActivityType=home mAlwaysOnTop=undefined mRotation=ROTATION_0}
06-14 15:54:28.706 D/OpenGLRenderer( 3730): RenderProxy::destroy: this=0xb400007da06bc800, mContext=0xb400007db24ba100
06-14 15:54:28.706 D/FlexibleWindowManager( 2066): onFlexibleWindowTaskInfoChanged: mTaskId = 1 oldIsTaskEmbedded = false   curIsTaskEmbedded = false  topActivity = ComponentInfo{com.android.launcher/com.android.launcher.Launcher}
06-14 15:54:28.706 D/OpenGLRenderer( 3730): SkiaOpenGLPipeline::setSurface: this=0xb400007dabe4b680, surface=NULL
06-14 15:54:28.706 D/OplusFlexibleWindowMinimizedManagerHelper( 2066): onTaskInfoChanged taskInfo:TaskInfo{userId=0 taskId=1 displayId=0 isRunning=true baseIntent=Intent { act=android.intent.action.MAIN cat=[android.intent.category.HOME] flg=0x10000100 cmp=com.android.launcher/.Launcher mCallingUid=1000 } baseActivity=ComponentInfo{com.android.launcher/com.android.launcher.Launcher} topActivity=ComponentInfo{com.android.launcher/com.android.launcher.Launcher} origActivity=null realActivity=null numActivities=1 lastActiveTime=69654 supportsSplitScreenMultiWindow=false supportsMultiWindow=true supportsPocketStudioMultiWindow=true isInFlexibleEmbedded = false uid = 10187 pid = 3730 resizeMode=2 isResizeable=true minWidth=-1 minHeight=-1 defaultMinSize=220 token=WCT{RemoteToken{1f84488 Task{fc6a80d #1 type=home}}} topActivityType=2 pictureInPictureParams=null shouldDockBigOverlays=false launchIntoPipHostTaskId=-1 lastParentTaskIdBeforePip=-1 displayCutoutSafeInsets=Rect(0, 118 - 0, 0) topActivityInfo=ActivityInfo{8f50f61 com.android.launcher.Launcher} launchCookies=[] positionInParent=Point(0, 0) parentTaskId=-1 isFocused=false isVisible=false isVisibleRequested=false isSleeping=false topActivityInSizeCompat=false topActivityInOplusCompatMode=false topActivityEligibleForLetterboxEducation= false topActivityLetterboxed= false isFromDoubleTap= false topActivityLetterboxVerticalPosition= -1 topActivityLetterboxHorizontalPosition= -1 topActivityLetterboxWidth=-1 topActivityLetterboxHeight=-1 locusId=LocusId[17_chars] displayAreaFeatureId=1 cameraCompatControlState=hidden locusId= LocusId[17_chars] topActivityLetterboxInsets=Rect(0, 0 - 0, 0)} task:Task{fc6a80d #1 type=home}
06-14 15:54:28.707 D/BufferQueueProducer( 3730): [VRI[Launcher]#432(BLAST Consumer)432](id:e9200000220,api:1,p:3730,c:3730) disconnect: api 1
06-14 15:54:28.707 W/SoLoader(12250): Initializing SoLoader: 0
06-14 15:54:28.707 W/SoLoader(12250): Recording new base apk path: /data/app/~~lW5vgGJjZkx2fSMMEpjqwA==/com.annieworks.AnnieWalkingLog-LDOidKIMOYS9IZ7Yjt34uA==/base.apk
06-14 15:54:28.707 W/SoLoader(12250): Previously recorded 0 base apk paths.
06-14 15:54:28.708 I/SoLoader(12250): Preparing SO source: DirectorySoSource[root = /vendor/lib64 flags = 2]
06-14 15:54:28.708 I/SoLoader(12250): Preparing SO source: DirectorySoSource[root = /system/lib64 flags = 2]
06-14 15:54:28.708 D/ShellTaskOrganizer( 3476): dispatchTaskEventToClientIfNeed, eventType:2, taskInfo:TaskInfo{userId=0 taskId=1 displayId=0 isRunning=true baseIntent=Intent { act=android.intent.action.MAIN cat=[android.intent.category.HOME] flg=0x10000100 cmp=com.android.launcher/.Launcher mCallingUid=1000 } baseActivity=ComponentInfo{com.android.launcher/com.android.launcher.Launcher} topActivity=ComponentInfo{com.android.launcher/com.android.launcher.Launcher} origActivity=null realActivity=null numActivities=1 lastActiveTime=69654 supportsSplitScreenMultiWindow=false supportsMultiWindow=true supportsPocketStudioMultiWindow=true isInFlexibleEmbedded = false uid = 10187 pid = 3730 resizeMode=2 isResizeable=true minWidth=-1 minHeight=-1 defaultMinSize=220 token=WCT{android.window.IWindowContainerToken$Stub$Proxy@8282fbd} topActivityType=2 pictureInPictureParams=null shouldDockBigOverlays=false launchIntoPipHostTaskId=-1 lastParentTaskIdBeforePip=-1 displayCutoutSafeInsets=Rect(0, 118 - 0, 0) topActivityInfo=ActivityInfo{d619b2 com.android.launcher.Launcher} launchCookies=[] positionInParent=Point(0, 0) parentTaskId=-1 isFocused=false isVisible=false isVisibleRequested=false isSleeping=false topActivityInSizeCompat=false topActivityInOplusCompatMode=false topActivityEligibleForLetterboxEducation= false topActivityLetterboxed= false isFromDoubleTap= false topActivityLetterboxVerticalPosition= -1 topActivityLetterboxHorizontalPosition= -1 topActivityLetterboxWidth=-1 topActivityLetterboxHeight=-1 locusId=LocusId[17_chars] displayAreaFeatureId=1 cameraCompatControlState=hidden locusId= LocusId[17_chars] topActivityLetterboxInsets=Rect(0, 0 - 0, 0)}, leash:null
06-14 15:54:28.708 I/SoLoader(12250): Preparing SO source: DirectApkSoSource[root = [/data/app/~~lW5vgGJjZkx2fSMMEpjqwA==/com.annieworks.AnnieWalkingLog-LDOidKIMOYS9IZ7Yjt34uA==/split_config.en.apk!/lib/arm64-v8a, /data/app/~~lW5vgGJjZkx2fSMMEpjqwA==/com.annieworks.AnnieWalkingLog-LDOidKIMOYS9IZ7Yjt34uA==/base.apk!/lib/arm64-v8a, /data/app/~~lW5vgGJjZkx2fSMMEpjqwA==/com.annieworks.AnnieWalkingLog-LDOidKIMOYS9IZ7Yjt34uA==/split_config.arm64_v8a.apk!/lib/arm64-v8a, /data/app/~~lW5vgGJjZkx2fSMMEpjqwA==/com.annieworks.AnnieWalkingLog-LDOidKIMOYS9IZ7Yjt34uA==/split_config.ja.apk!/lib/arm64-v8a, /data/app/~~lW5vgGJjZkx2fSMMEpjqwA==/com.annieworks.AnnieWalkingLog-LDOidKIMOYS9IZ7Yjt34uA==/split_config.xxhdpi.apk!/lib/arm64-v8a]]
06-14 15:54:28.709 D/ShellTaskOrganizerExt( 3476): visibleFlexibleTaskInfos delete:1
06-14 15:54:28.712 I/SoLoader(12250): Preparing SO source: ApplicationSoSource[DirectorySoSource[root = /data/app/~~lW5vgGJjZkx2fSMMEpjqwA==/com.annieworks.AnnieWalkingLog-LDOidKIMOYS9IZ7Yjt34uA==/lib/arm64 flags = 0]]
06-14 15:54:28.712 I/SoLoader(12250): init finish: 4 SO sources prepared
06-14 15:54:28.712 W/SoLoader(12250): SoLoader initialized: 8
06-14 15:54:28.714 I/DispPerfService( 1374): updateLayerMask 0
06-14 15:54:28.727 D/SceneSDK.1.0.4-SNAPSHOT.23445.DeepThinkerAppSwitchAbility(23445): onAppSwitchEvent: AppSwitchEvent(timeStamp=1781420068569, eventType=2, targetName=com.android.launcher, firstStart=false, multiApp=false, windowMode=0, resumingPackageName=com.annieworks.AnnieWalkingLog, resumingActivityName=com.annieworks.AnnieWalkingLog.MainActivity, isResumingMultiApp=false, isResumingFirstStart=true)
06-14 15:54:28.731 D/nativeloader(12250): Load /data/app/~~lW5vgGJjZkx2fSMMEpjqwA==/com.annieworks.AnnieWalkingLog-LDOidKIMOYS9IZ7Yjt34uA==/split_config.arm64_v8a.apk!/lib/arm64-v8a/libc++_shared.so using class loader ns clns-5 (caller=/data/app/~~lW5vgGJjZkx2fSMMEpjqwA==/com.annieworks.AnnieWalkingLog-LDOidKIMOYS9IZ7Yjt34uA==/base.apk!classes3.dex): ok
06-14 15:54:28.738 D/nativeloader(12250): Load /data/app/~~lW5vgGJjZkx2fSMMEpjqwA==/com.annieworks.AnnieWalkingLog-LDOidKIMOYS9IZ7Yjt34uA==/split_config.arm64_v8a.apk!/lib/arm64-v8a/libjsi.so using class loader ns clns-5 (caller=/data/app/~~lW5vgGJjZkx2fSMMEpjqwA==/com.annieworks.AnnieWalkingLog-LDOidKIMOYS9IZ7Yjt34uA==/base.apk!classes3.dex): ok
06-14 15:54:28.738 D/UsageStatsService( 2066): User[0] type=0 b=1781420038736 e=1781420078736 cb=1781348849473 ce=1781420068663 disk=0 all=2
06-14 15:54:28.741 D/UsageStatsService( 2066): User[0] type=0 b=1781420038739 e=1781420078739 cb=1781348849473 ce=1781420068663 disk=0 all=2
06-14 15:54:28.745 D/UsageStatsService( 2066): User[0] type=0 b=1781420038744 e=1781420078744 cb=1781348849473 ce=1781420068663 disk=0 all=2
06-14 15:54:28.746 D/nativeloader(12250): Load /data/app/~~lW5vgGJjZkx2fSMMEpjqwA==/com.annieworks.AnnieWalkingLog-LDOidKIMOYS9IZ7Yjt34uA==/split_config.arm64_v8a.apk!/lib/arm64-v8a/libfbjni.so using class loader ns clns-5 (caller=/data/app/~~lW5vgGJjZkx2fSMMEpjqwA==/com.annieworks.AnnieWalkingLog-LDOidKIMOYS9IZ7Yjt34uA==/base.apk!classes3.dex): ok
06-14 15:54:28.749 D/UsageStatsService( 2066): User[0] type=0 b=1781420038748 e=1781420078748 cb=1781348849473 ce=1781420068663 disk=0 all=2
06-14 15:54:28.753 D/UsageStatsService( 2066): User[0] type=0 b=1781420038751 e=1781420078751 cb=1781348849473 ce=1781420068663 disk=0 all=2
06-14 15:54:28.754 E/TMMS-TmA11yService( 7328): accessibilityEnabled = 1
06-14 15:54:28.754 D/ViewRootImplExtImpl( 3730): wrapConfigInfoIntoFlags rotation=0, smallestScreenWidthDp=424, relayoutAsync=false, newFlags=27787264, title=com.android.launcher/com.android.launcher.Launcher
06-14 15:54:28.755 D/WindowManagerServiceExtImpl( 2066): extractConfigInfoAndRealFlags rotation=0, screenDp=424, win=Window{7be6eaf u0 com.android.launcher/com.android.launcher.Launcher}
06-14 15:54:28.755 V/WindowManager( 2066): Relayout Window{7be6eaf u0 com.android.launcher/com.android.launcher.Launcher}: viewVisibility=8, oldvis=0, req=1080x2400, vsysui=LAYOUT_STABLE LAYOUT_HIDE_NAVIGATION LAYOUT_FULLSCREEN
06-14 15:54:28.756 D/UsageStatsService( 2066): User[0] type=0 b=1781420038754 e=1781420078754 cb=1781348849473 ce=1781420068663 disk=0 all=2
06-14 15:54:28.756 E/TMMS-TmA11yService( 7328): ***ACCESSIBILITY IS ENABLED*** -----------------
06-14 15:54:28.756 E/TMMS-TmA11yService( 7328): -------------- > accessibilityService :: com.trendmicro.tmmspersonal.jp.googleplayversion/com.trendmicro.android.base.accessibility.TmA11yService com.trendmicro.tmmspersonal.jp.googleplayversion/com.trendmicro.android.base.accessibility.TmA11yService
06-14 15:54:28.756 E/TMMS-TmA11yService( 7328): We've found the correct setting - accessibility is switched on!
06-14 15:54:28.758 D/UsageStatsService( 2066): User[0] type=0 b=1781420038757 e=1781420078757 cb=1781348849473 ce=1781420068663 disk=0 all=2
06-14 15:54:28.759 D/VRI[Launcher]( 3730): relayoutWindow result, sizeChanged:false, surfaceControlChanged:true, transformHintChanged:false, mSurfaceSize:Point(1080, 2400), mLastSurfaceSize:Point(1080, 2400), mWidth:1080, mHeight:2400, requestedWidth:1080, requestedHeight:2400, transformHint:0, lastTransformHint:0, installOrientation:0, displayRotation:0, isSurfaceValid:false, attr.flag:-2121203456, useBlast:true, tmpFrames:ClientWindowFrames{frame=[0,0][1080,2400] display=[0,0][1080,2400] parentFrame=[0,0][0,0]}
06-14 15:54:28.759 D/BLASTBufferQueue( 3730): [VRI[Launcher]#432](f:0,a:1) destructor()
06-14 15:54:28.760 D/BufferQueueConsumer( 3730): [VRI[Launcher]#432(BLAST Consumer)432](id:e9200000220,api:0,p:-1,c:3730) disconnect
06-14 15:54:28.760 D/OpenGLRenderer(23065): RenderProxy::destroy: this=0xb400007e618a9080, mContext=0xb400007e60bb3700
06-14 15:54:28.761 D/OpenGLRenderer(23065): SkiaOpenGLPipeline::setSurface: this=0xb400007e60a7d540, surface=NULL
06-14 15:54:28.764 D/BufferQueueProducer(23065): [VRI[GoogleDiscoverWindow]#131(BLAST Consumer)131](id:5a1900000083,api:1,p:23065,c:23065) disconnect: api 1
06-14 15:54:28.767 D/UsageStatsService( 2066): User[0] type=0 b=1781420038765 e=1781420078765 cb=1781348849473 ce=1781420068663 disk=0 all=2
06-14 15:54:28.770 D/ViewRootImplExtImpl(23065): wrapConfigInfoIntoFlags rotation=0, smallestScreenWidthDp=424, relayoutAsync=false, newFlags=27787264, title=GoogleDiscoverWindow
06-14 15:54:28.771 D/nativeloader(12250): Load /data/app/~~lW5vgGJjZkx2fSMMEpjqwA==/com.annieworks.AnnieWalkingLog-LDOidKIMOYS9IZ7Yjt34uA==/split_config.arm64_v8a.apk!/lib/arm64-v8a/libreactnative.so using class loader ns clns-5 (caller=/data/app/~~lW5vgGJjZkx2fSMMEpjqwA==/com.annieworks.AnnieWalkingLog-LDOidKIMOYS9IZ7Yjt34uA==/base.apk!classes3.dex): ok
06-14 15:54:28.772 D/UsageStatsService( 2066): User[0] type=0 b=1781420038770 e=1781420078770 cb=1781348849473 ce=1781420068663 disk=0 all=2
06-14 15:54:28.773 D/jni_lib_merge(12250): Entering merged library JNI_OnLoad.
06-14 15:54:28.773 D/jni_lib_merge(12250): Preparing 12 pre-merged libs (including stub)
06-14 15:54:28.773 D/jni_lib_merge(12250): Preparing to register libfabricjni_so.  onload_func: 0x7df0ec2edc
06-14 15:54:28.773 D/jni_lib_merge(12250): Preparing to register libreact_devsupportjni_so.  onload_func: 0x7df0f93f40
06-14 15:54:28.773 D/jni_lib_merge(12250): Preparing to register libreact_featureflagsjni_so.  onload_func: 0x7df0fa69f8
06-14 15:54:28.773 D/jni_lib_merge(12250): Preparing to register libreact_newarchdefaults_so.  onload_func: 0x7df0fcbe30
06-14 15:54:28.773 D/jni_lib_merge(12250): Preparing to register libreactnativeblob_so.  onload_func: 0x7df105e5b0
06-14 15:54:28.773 D/jni_lib_merge(12250): Preparing to register libreactnativejni_so.  onload_func: 0x7df1078b24
06-14 15:54:28.773 D/jni_lib_merge(12250): Preparing to register libreactnativejni_common_so.  onload_func: 0x7df107f458
06-14 15:54:28.773 D/jni_lib_merge(12250): Preparing to register librninstance_so.  onload_func: 0x7df109b070
06-14 15:54:28.773 D/jni_lib_merge(12250): Preparing to register libturbomodulejsijni_so.  onload_func: 0x7df11331a4
06-14 15:54:28.773 D/jni_lib_merge(12250): Preparing to register libuimanagerjni_so.  onload_func: 0x7df113a7e0
06-14 15:54:28.773 D/jni_lib_merge(12250): Preparing to register libyoga_so.  onload_func: 0x7df1141da4
06-14 15:54:28.773 D/jni_lib_merge(12250): About to register 11 actual methods.
06-14 15:54:28.774 D/UsageStatsService( 2066): User[0] type=0 b=1781420038772 e=1781420078772 cb=1781348849473 ce=1781420068663 disk=0 all=2
06-14 15:54:28.775 D/WindowManagerServiceExtImpl( 2066): extractConfigInfoAndRealFlags rotation=0, screenDp=424, win=Window{b7b87e5 u0 GoogleDiscoverWindow}
06-14 15:54:28.776 D/UsageStatsService( 2066): User[0] type=0 b=1781420038774 e=1781420078774 cb=1781348849473 ce=1781420068663 disk=0 all=2
06-14 15:54:28.776 V/WindowManager( 2066): Relayout Window{b7b87e5 u0 GoogleDiscoverWindow}: viewVisibility=8, oldvis=0, req=1080x2400, vsysui=LIGHT_STATUS_BAR LIGHT_NAVIGATION_BAR
06-14 15:54:28.778 D/UsageStatsService( 2066): User[0] type=0 b=1781420038777 e=1781420078777 cb=1781348849473 ce=1781420068663 disk=0 all=2
06-14 15:54:28.781 D/UsageStatsService( 2066): User[0] type=0 b=1781420038779 e=1781420078779 cb=1781348849473 ce=1781420068663 disk=0 all=2
06-14 15:54:28.783 D/nativeloader(12250): Load /data/app/~~lW5vgGJjZkx2fSMMEpjqwA==/com.annieworks.AnnieWalkingLog-LDOidKIMOYS9IZ7Yjt34uA==/split_config.arm64_v8a.apk!/lib/arm64-v8a/libreact_codegen_rnscreens.so using class loader ns clns-5 (caller=/data/app/~~lW5vgGJjZkx2fSMMEpjqwA==/com.annieworks.AnnieWalkingLog-LDOidKIMOYS9IZ7Yjt34uA==/base.apk!classes3.dex): ok
06-14 15:54:28.783 D/jni_lib_merge(12250): Entering merged library JNI_OnLoad.
06-14 15:54:28.783 D/jni_lib_merge(12250): Preparing 12 pre-merged libs (including stub)
06-14 15:54:28.783 D/jni_lib_merge(12250): Preparing to register libfabricjni_so.  onload_func: 0x7df0ec2edc
06-14 15:54:28.783 D/jni_lib_merge(12250): Preparing to register libreact_devsupportjni_so.  onload_func: 0x7df0f93f40
06-14 15:54:28.783 D/jni_lib_merge(12250): Preparing to register libreact_featureflagsjni_so.  onload_func: 0x7df0fa69f8
06-14 15:54:28.783 D/jni_lib_merge(12250): Preparing to register libreact_newarchdefaults_so.  onload_func: 0x7df0fcbe30
06-14 15:54:28.783 D/jni_lib_merge(12250): Preparing to register libreactnativeblob_so.  onload_func: 0x7df105e5b0
06-14 15:54:28.783 D/jni_lib_merge(12250): Preparing to register libreactnativejni_so.  onload_func: 0x7df1078b24
06-14 15:54:28.783 D/jni_lib_merge(12250): Preparing to register libreactnativejni_common_so.  onload_func: 0x7df107f458
06-14 15:54:28.783 D/jni_lib_merge(12250): Preparing to register librninstance_so.  onload_func: 0x7df109b070
06-14 15:54:28.783 D/jni_lib_merge(12250): Preparing to register libturbomodulejsijni_so.  onload_func: 0x7df11331a4
06-14 15:54:28.783 D/jni_lib_merge(12250): Preparing to register libuimanagerjni_so.  onload_func: 0x7df113a7e0
06-14 15:54:28.783 D/jni_lib_merge(12250): Preparing to register libyoga_so.  onload_func: 0x7df1141da4
06-14 15:54:28.783 D/jni_lib_merge(12250): About to register 11 actual methods.
06-14 15:54:28.786 D/UsageStatsService( 2066): User[0] type=0 b=1781420038784 e=1781420078784 cb=1781348849473 ce=1781420068663 disk=0 all=2
06-14 15:54:28.788 D/UsageStatsService( 2066): User[0] type=0 b=1781420038787 e=1781420078787 cb=1781348849473 ce=1781420068663 disk=0 all=2
06-14 15:54:28.788 D/nativeloader(12250): Load /data/app/~~lW5vgGJjZkx2fSMMEpjqwA==/com.annieworks.AnnieWalkingLog-LDOidKIMOYS9IZ7Yjt34uA==/split_config.arm64_v8a.apk!/lib/arm64-v8a/libreact_codegen_rnsvg.so using class loader ns clns-5 (caller=/data/app/~~lW5vgGJjZkx2fSMMEpjqwA==/com.annieworks.AnnieWalkingLog-LDOidKIMOYS9IZ7Yjt34uA==/base.apk!classes3.dex): ok
06-14 15:54:28.788 D/jni_lib_merge(12250): Entering merged library JNI_OnLoad.
06-14 15:54:28.788 D/jni_lib_merge(12250): Preparing 12 pre-merged libs (including stub)
06-14 15:54:28.788 D/jni_lib_merge(12250): Preparing to register libfabricjni_so.  onload_func: 0x7df0ec2edc
06-14 15:54:28.788 D/jni_lib_merge(12250): Preparing to register libreact_devsupportjni_so.  onload_func: 0x7df0f93f40
06-14 15:54:28.788 D/jni_lib_merge(12250): Preparing to register libreact_featureflagsjni_so.  onload_func: 0x7df0fa69f8
06-14 15:54:28.788 D/jni_lib_merge(12250): Preparing to register libreact_newarchdefaults_so.  onload_func: 0x7df0fcbe30
06-14 15:54:28.788 D/jni_lib_merge(12250): Preparing to register libreactnativeblob_so.  onload_func: 0x7df105e5b0
06-14 15:54:28.788 D/jni_lib_merge(12250): Preparing to register libreactnativejni_so.  onload_func: 0x7df1078b24
06-14 15:54:28.788 D/jni_lib_merge(12250): Preparing to register libreactnativejni_common_so.  onload_func: 0x7df107f458
06-14 15:54:28.788 D/jni_lib_merge(12250): Preparing to register librninstance_so.  onload_func: 0x7df109b070
06-14 15:54:28.788 D/jni_lib_merge(12250): Preparing to register libturbomodulejsijni_so.  onload_func: 0x7df11331a4
06-14 15:54:28.788 D/jni_lib_merge(12250): Preparing to register libuimanagerjni_so.  onload_func: 0x7df113a7e0
06-14 15:54:28.788 D/jni_lib_merge(12250): Preparing to register libyoga_so.  onload_func: 0x7df1141da4
06-14 15:54:28.788 D/jni_lib_merge(12250): About to register 11 actual methods.
06-14 15:54:28.789 D/BLASTBufferQueue(23065): [VRI[GoogleDiscoverWindow]#131](f:0,a:1) destructor()
06-14 15:54:28.790 D/BufferQueueConsumer(23065): [VRI[GoogleDiscoverWindow]#131(BLAST Consumer)131](id:5a1900000083,api:0,p:-1,c:23065) disconnect
06-14 15:54:28.790 D/UsageStatsService( 2066): User[0] type=0 b=1781420038788 e=1781420078788 cb=1781348849473 ce=1781420068663 disk=0 all=2
06-14 15:54:28.791 D/nativeloader(12250): Load /data/app/~~lW5vgGJjZkx2fSMMEpjqwA==/com.annieworks.AnnieWalkingLog-LDOidKIMOYS9IZ7Yjt34uA==/split_config.arm64_v8a.apk!/lib/arm64-v8a/libreact_codegen_safeareacontext.so using class loader ns clns-5 (caller=/data/app/~~lW5vgGJjZkx2fSMMEpjqwA==/com.annieworks.AnnieWalkingLog-LDOidKIMOYS9IZ7Yjt34uA==/base.apk!classes3.dex): ok
06-14 15:54:28.793 D/UsageStatsService( 2066): User[0] type=0 b=1781420038791 e=1781420078791 cb=1781348849473 ce=1781420068663 disk=0 all=2
06-14 15:54:28.796 D/UsageStatsService( 2066): User[0] type=0 b=1781420038794 e=1781420078794 cb=1781348849473 ce=1781420068663 disk=0 all=2
06-14 15:54:28.798 D/nativeloader(12250): Load /data/app/~~lW5vgGJjZkx2fSMMEpjqwA==/com.annieworks.AnnieWalkingLog-LDOidKIMOYS9IZ7Yjt34uA==/split_config.arm64_v8a.apk!/lib/arm64-v8a/libappmodules.so using class loader ns clns-5 (caller=/data/app/~~lW5vgGJjZkx2fSMMEpjqwA==/com.annieworks.AnnieWalkingLog-LDOidKIMOYS9IZ7Yjt34uA==/base.apk!classes3.dex): ok
06-14 15:54:28.799 D/UsageStatsService( 2066): User[0] type=0 b=1781420038797 e=1781420078797 cb=1781348849473 ce=1781420068663 disk=0 all=2
06-14 15:54:28.799 I/metis_v2_AppSwitchDataCollector(23445): AppExitEvent =  com.android.launcher, NextAppName = com.annieworks.AnnieWalkingLog [Metis|com.oplus.metis|1.4.30-7ec9ae5]
06-14 15:54:28.800 I/ActivityManager( 2066): Flag disabled. Ignoring finishAttachApplication from uid: 10707. pid: 12250
06-14 15:54:28.802 D/UsageStatsService( 2066): User[0] type=0 b=1781420038800 e=1781420078800 cb=1781348849473 ce=1781420068663 disk=0 all=2
06-14 15:54:28.802 D/callGcSupression(12250): java.lang.NullPointerException: Attempt to invoke virtual method 'java.lang.Object java.lang.reflect.Method.invoke(java.lang.Object, java.lang.Object[])' on a null object reference
06-14 15:54:28.803 E/UAH_JNI ( 2066): uah_event_acquire ! cmdId: 2 ,strPkg: , strIdent: OplusActivityManagerServiceEnhance, timeout: 600
06-14 15:54:28.803 I/[UAH_CLIENT]( 2066): UahEventAcquire, cmdid:2, pkg:none, identity:OplusActivityManagerServiceEnhance
06-14 15:54:28.804 D/UsageStatsService( 2066): User[0] type=0 b=1781420038803 e=1781420078803 cb=1781348849473 ce=1781420068663 disk=0 all=2
06-14 15:54:28.808 D/UsageStatsService( 2066): User[0] type=0 b=1781420038806 e=1781420078806 cb=1781348849473 ce=1781420068663 disk=0 all=2
06-14 15:54:28.809 W/metis_v2_OifaceBindUtils(23445): bindTask
06-14 15:54:28.810 D/UsageStatsService( 2066): User[0] type=0 b=1781420038809 e=1781420078809 cb=1781348849473 ce=1781420068663 disk=0 all=2
06-14 15:54:28.811 D/ResourcesManagerExtImpl(12250): applyConfigurationToAppResourcesLocked app.getDisplayId() return callback.displayId:-1
06-14 15:54:28.814 D/UsageStatsService( 2066): User[0] type=0 b=1781420038812 e=1781420078812 cb=1781348849473 ce=1781420068663 disk=0 all=2
06-14 15:54:28.816 D/UsageStatsService( 2066): User[0] type=0 b=1781420038815 e=1781420078815 cb=1781348849473 ce=1781420068663 disk=0 all=2
06-14 15:54:28.818 D/AppCompatDelegate(12250): Checking for metadata for AppLocalesMetadataHolderService : Service not found
06-14 15:54:28.818 D/UsageStatsService( 2066): User[0] type=0 b=1781420038818 e=1781420078818 cb=1781348849473 ce=1781420068663 disk=0 all=2
06-14 15:54:28.820 D/CompatibilityChangeReporter(12250): Compat change id reported: 160794467; UID 10707; state: ENABLED
06-14 15:54:28.823 D/UsageStatsService( 2066): User[0] type=0 b=1781420038821 e=1781420078821 cb=1781348849473 ce=1781420068663 disk=0 all=2
06-14 15:54:28.832 D/CompatibilityChangeReporter( 9780): Compat change id reported: 263076149; UID 10297; state: ENABLED
06-14 15:54:28.833 E/AnnieWalkingLog(12250): Loaded layer handle (8863169418812144699) for layer /my_product/lib64/libcolorx-loader.so
06-14 15:54:28.833 E/AnnieWalkingLog(12250): Looking for entrypoint ColorX_Check
06-14 15:54:28.833 E/AnnieWalkingLog(12250): Found ColorX_Check for /my_product/lib64/libcolorx-loader.so
06-14 15:54:28.833 E/AnnieWalkingLog(12250): Check failed
06-14 15:54:28.834 W/AccessibilityManagerService( 2066):  wait for adding window timeout: 1696
06-14 15:54:28.851 I/oplus.android.OplusFrameworkFactoryImpl(12250): Unknow feature:IOplusTextViewRTLUtilForUG
06-14 15:54:28.852 D/nativeloader(12250): Load liboplushwui_jni.so using system ns (caller=/system/framework/oplus-framework.jar): ok
06-14 15:54:28.855 W/unknown:BridgelessReact(12250): ReactHost{0}.startSurface(surfaceId = 0): Schedule
06-14 15:54:28.855 W/unknown:BridgelessReact(12250): ReactHost{0}.attachSurface(surfaceId = 0)
06-14 15:54:28.856 W/unknown:BridgelessReact(12250): ReactHost{0}.getOrCreateReactInstanceTask()
06-14 15:54:28.856 W/unknown:BridgelessReact(12250): ReactHost{0}.getOrCreateReactInstanceTask(): Start
06-14 15:54:28.856 W/unknown:BridgelessReact(12250): ReactHost{0}.getJSBundleLoader()
06-14 15:54:28.860 W/unknown:BridgelessReact(12250): ReactHost{0}.getOrCreateReactContext(): Creating BridgelessReactContext
06-14 15:54:28.861 D/OplusWindowManager(12250): get WMS extension: android.os.BinderProxy@8a835a2
06-14 15:54:28.862 W/OplusNavigationBarUtil( 2066): color navigation bar util isn't init.
06-14 15:54:28.863 W/unknown:BridgelessReact(12250): ReactHost{0}.getOrCreateReactInstanceTask(): Creating ReactInstance
06-14 15:54:28.863 D/vendor.oplus.hardware.charger-V3-service( 1283): read content:,300,339,4249,4249,-162,500,3400,86,89,1,4,-1,5000,89,1,0,1,1,0,0,4435,0,0,0,4,0,0,0,-2740,0,1,1,0,0
06-14 15:54:28.863 D/vendor.oplus.hardware.charger-V3-service( 1283): , ret_value:101
06-14 15:54:28.864 D/vendor.oplus.hardware.charger-V3-service( 1283): gmtime: 2026-06-14-15-54-28
06-14 15:54:28.874 D/ScrollOptim [SceneManager](12250): updateCurrentActivity: mCurrentActivityName=com.annieworks.AnnieWalkingLog.MainActivity, isOptEnable=true, isAnimAheadEnable=true, isFrameInsertEnable=true, InsertNum=1, isEnabledForScrollChanged=false
06-14 15:54:28.874 D/ActivityThread(12250): ComponentInfo{com.annieworks.AnnieWalkingLog/com.annieworks.AnnieWalkingLog.MainActivity} checkFinished=false 2
06-14 15:54:28.874 D/ResourcesManagerExtImpl(12250): applyConfigurationToAppResourcesLocked app.getDisplayId() return callback.displayId:-1
06-14 15:54:28.875 W/unknown:BridgelessReact(12250): ReactHost{0}.onHostResume(activity)
06-14 15:54:28.875 W/unknown:BridgelessReact(12250): ReactContext.onHostResume()
06-14 15:54:28.876 D/OplusInputMethodUtil(12250): init sDebug to false, init sDebugIme to false, init sAlwaysOn to false
06-14 15:54:28.876 D/OplusInputMethodUtil(12250): updateDebugToClass InputMethodManager.DEBUG = false
06-14 15:54:28.876 D/OplusInputMethodUtil(12250): updateDebugToClass ImeFocusController.DEBUG = false
06-14 15:54:28.876 D/OplusInputMethodUtil(12250): updateDebugToClass BaseInputConnection.DEBUG = false
06-14 15:54:28.883 D/ExtensionsLoader(12250): createInstance(64bit) : createExtendedFactory
06-14 15:54:28.883 D/ExtensionsLoader(12250): Opened libguiextimpl.so
06-14 15:54:28.885 D/nativeloader(12250): Load liboplusgui_jni.so using system ns (caller=/system/framework/oplus-framework.jar): ok
06-14 15:54:28.885 I/SurfaceFlinger( 1374): [SF client] NEW(0xb4000075a7455500) for (12250:com.annieworks.AnnieWalkingLog)
06-14 15:54:28.886 D/CompatibilityChangeReporter(12250): Compat change id reported: 237531167; UID 10707; state: DISABLED
06-14 15:54:28.890 D/VRR [OPlusExternalRefreshRateManager]( 2066): isPkgTfcEnable: pkgName = com.annieworks.AnnieWalkingLog, enable = false
06-14 15:54:28.890 D/VRR [OPlusExternalRefreshRateManager]( 2066): getTfcMinFramerate: pkgName = com.annieworks.AnnieWalkingLog, min framerate = 0
06-14 15:54:28.890 I/DynamicFramerate [FRTCConfigManager](12250): initFrameRateConfig: 
06-14 15:54:28.890 I/DynamicFramerate [FRTCConfigManager](12250): 	levels: [120, 60]
06-14 15:54:28.890 I/DynamicFramerate [FRTCConfigManager](12250): 	thresholds: [200]
06-14 15:54:28.890 I/DynamicFramerate [FRTCConfigManager](12250): 	scrollbar fade frame rate: 0
06-14 15:54:28.890 I/DynamicFramerate [FRTCConfigManager](12250): FRTCConfigManager: FRTC_CAPABILITY = 120, package name = com.annieworks.AnnieWalkingLog, WINDOW_ANIMATION_SPEED_RATE = 10, SCROLL_ANIMATION_SPEED_RATE = 20, MuitiWindowIdleFramerate = 60, PACKAGE_ENABLE = false
06-14 15:54:28.890 I/DynamicFramerate [DynamicFrameRateController](12250): init info: mPackageName = com.annieworks.AnnieWalkingLog, mIsEnabled = false
06-14 15:54:28.890 D/WindowManager(12250): Add to mViews: DecorView@bfd54bd[MainActivity],pkg= com.annieworks.AnnieWalkingLog
06-14 15:54:28.891 D/ExtensionsLoader(12250): createInstance(64bit) : createExtendedFactory
06-14 15:54:28.896 D/nativeloader(12250): Load /data/app/~~lW5vgGJjZkx2fSMMEpjqwA==/com.annieworks.AnnieWalkingLog-LDOidKIMOYS9IZ7Yjt34uA==/split_config.arm64_v8a.apk!/lib/arm64-v8a/libhermes.so using class loader ns clns-5 (caller=/data/app/~~lW5vgGJjZkx2fSMMEpjqwA==/com.annieworks.AnnieWalkingLog-LDOidKIMOYS9IZ7Yjt34uA==/base.apk!classes3.dex): ok
06-14 15:54:28.904 D/ExtensionsLoader(12250): Opened libhwuiextimpl.so
06-14 15:54:28.904 D/ExtensionsLoader(12250): createInstance(64bit) : createExtendedFactory
06-14 15:54:28.904 D/ExtensionsLoader(12250): Opened libSchedAssistExtImpl.so
06-14 15:54:28.908 D/nativeloader(12250): Load /data/app/~~lW5vgGJjZkx2fSMMEpjqwA==/com.annieworks.AnnieWalkingLog-LDOidKIMOYS9IZ7Yjt34uA==/split_config.arm64_v8a.apk!/lib/arm64-v8a/libhermestooling.so using class loader ns clns-5 (caller=/data/app/~~lW5vgGJjZkx2fSMMEpjqwA==/com.annieworks.AnnieWalkingLog-LDOidKIMOYS9IZ7Yjt34uA==/base.apk!classes3.dex): ok
06-14 15:54:28.908 D/jni_lib_merge(12250): Entering merged library JNI_OnLoad.
06-14 15:54:28.908 D/jni_lib_merge(12250): Preparing 4 pre-merged libs (including stub)
06-14 15:54:28.908 D/jni_lib_merge(12250): Preparing to register libhermes_executor_so.  onload_func: 0x7df4e674b0
06-14 15:54:28.908 D/jni_lib_merge(12250): Preparing to register libhermesinstancejni_so.  onload_func: 0x7df4e6e900
06-14 15:54:28.908 D/jni_lib_merge(12250): Preparing to register libjsijniprofiler_so.  onload_func: 0x7df4e6f0ec
06-14 15:54:28.908 D/jni_lib_merge(12250): About to register 3 actual methods.
06-14 15:54:28.909 I/ndroid.launcher( 3730): NativeAlloc concurrent copying GC freed 4489KB AllocSpace bytes, 14(920KB) LOS objects, 50% free, 17MB/35MB, paused 76us,57us total 246.042ms
06-14 15:54:28.909 I/SurfaceFlinger( 1374): [SF client] NEW(0xb4000075a7455a00) for (2066:system_server)
06-14 15:54:28.911 D/CompatibilityChangeReporter( 9780): Compat change id reported: 247079863; UID 10297; state: ENABLED
06-14 15:54:28.912 I/WindowManager( 2066): addWindow: New client android.os.BinderProxy@a017114 : window=Window{c896dbd u0 com.annieworks.AnnieWalkingLog/com.annieworks.AnnieWalkingLog.MainActivity}
06-14 15:54:28.915 D/InputEventReceiver(12250): Input log is disabled in InputEventReceiver.
06-14 15:54:28.918 D/callGcSupression(12250): java.lang.NullPointerException: Attempt to invoke virtual method 'java.lang.Object java.lang.reflect.Method.invoke(java.lang.Object, java.lang.Object[])' on a null object reference
06-14 15:54:28.918 D/ResourcesManagerExtImpl(12250): applyConfigurationToAppResourcesLocked app.getDisplayId() return callback.displayId:-1
06-14 15:54:28.920 D/LicenseClient(12250): Connecting to the licensing service...
06-14 15:54:28.921 D/CompatibilityChangeReporter( 2066): Compat change id reported: 261072174; UID 10097; state: ENABLED
06-14 15:54:28.923 D/CompatibilityChangeReporter( 2066): Compat change id reported: 261072174; UID 10707; state: ENABLED
06-14 15:54:28.924 W/OplusExSystemServiceHelper(24271): checkOplusExSystemService intent getComponent is null
06-14 15:54:28.925 I/Quality (12250): Skipped: false 4 cost 50.714584 refreshRate 11157082 bit true processName com.annieworks.AnnieWalkingLog
06-14 15:54:28.926 E/OplusBracketLog(12250): [OplusViewMirrorManager] updateHostViewRootIfNeeded, not support android.view.ViewRootImpl@fbf5e75
06-14 15:54:28.930 D/ViewRootImplExtImpl(12250): wrapConfigInfoIntoFlags rotation=0, smallestScreenWidthDp=424, relayoutAsync=false, newFlags=27787264, title=com.annieworks.AnnieWalkingLog/com.annieworks.AnnieWalkingLog.MainActivity
06-14 15:54:28.930 I/TaskOrganizerController( 2066): onTaskInfoChanged taskid 84584 config { mBounds=Rect(0, 0 - 1080, 2400) mAppBounds=Rect(0, 118 - 1080, 2288) mMaxBounds=Rect(0, 0 - 1080, 2400) mDisplayRotation=ROTATION_0 mWindowingMode=fullscreen mDisplayWindowingMode=fullscreen mActivityType=standard mAlwaysOnTop=undefined mRotation=ROTATION_0}
06-14 15:54:28.931 D/FlexibleWindowManager( 2066): onFlexibleWindowTaskInfoChanged: mTaskId = 84584 oldIsTaskEmbedded = false   curIsTaskEmbedded = false  topActivity = ComponentInfo{com.annieworks.AnnieWalkingLog/com.annieworks.AnnieWalkingLog.MainActivity}
06-14 15:54:28.931 D/OplusFlexibleWindowMinimizedManagerHelper( 2066): onTaskInfoChanged taskInfo:TaskInfo{userId=0 taskId=84584 displayId=0 isRunning=true baseIntent=Intent { act=android.intent.action.MAIN cat=[android.intent.category.LAUNCHER] flg=0x10200000 cmp=com.annieworks.AnnieWalkingLog/.MainActivity mCallingUid=10187 } baseActivity=ComponentInfo{com.annieworks.AnnieWalkingLog/com.annieworks.AnnieWalkingLog.MainActivity} topActivity=ComponentInfo{com.annieworks.AnnieWalkingLog/com.annieworks.AnnieWalkingLog.MainActivity} origActivity=null realActivity=ComponentInfo{com.annieworks.AnnieWalkingLog/com.annieworks.AnnieWalkingLog.MainActivity} numActivities=1 lastActiveTime=467144106 supportsSplitScreenMultiWindow=true supportsMultiWindow=true supportsPocketStudioMultiWindow=true isInFlexibleEmbedded = false uid = 10707 pid = 12250 resizeMode=1 isResizeable=true minWidth=-1 minHeight=-1 defaultMinSize=220 token=WCT{RemoteToken{eebe333 Task{23a45cb #84584 type=standard A=10707:com.annieworks.AnnieWalkingLog}}} topActivityType=1 pictureInPictureParams=null shouldDockBigOverlays=false launchIntoPipHostTaskId=-1 lastParentTaskIdBeforePip=-1 displayCutoutSafeInsets=Rect(0, 118 - 0, 0) topActivityInfo=ActivityInfo{200d342 com.annieworks.AnnieWalkingLog.MainActivity} launchCookies=[] positionInParent=Point(0, 0) parentTaskId=-1 isFocused=true isVisible=true isVisibleRequested=true isSleeping=false topActivityInSizeCompat=false topActivityInOplusCompatMode=false topActivityEligibleForLetterboxEducation= false topActivityLetterboxed= false isFromDoubleTap= false topActivityLetterboxVerticalPosition= -1 topActivityLetterboxHorizontalPosition= -1 topActivityLetterboxWidth=-1 topActivityLetterboxHeight=-1 locusId=null displayAreaFeatureId=1 cameraCompatControlState=hidden locusId= null topActivityLetterboxInsets=Rect(0, 0 - 0, 0)} task:Task{23a45cb #84584 type=standard A=10707:com.annieworks.AnnieWalkingLog}
06-14 15:54:28.932 D/CoreBackPreview( 2066): Window{c896dbd u0 com.annieworks.AnnieWalkingLog/com.annieworks.AnnieWalkingLog.MainActivity}: Setting back callback OnBackInvokedCallbackInfo{mCallback=android.window.IOnBackInvokedCallback$Stub$Proxy@d55530a, mPriority=0, mIsAnimationCallback=false}
06-14 15:54:28.932 D/WindowManagerServiceExtImpl( 2066): extractConfigInfoAndRealFlags rotation=0, screenDp=424, win=Window{c896dbd u0 com.annieworks.AnnieWalkingLog/com.annieworks.AnnieWalkingLog.MainActivity}
06-14 15:54:28.932 V/WindowManager( 2066): Relayout Window{c896dbd u0 com.annieworks.AnnieWalkingLog/com.annieworks.AnnieWalkingLog.MainActivity}: viewVisibility=0, oldvis=4, req=1080x2400, vsysui=LAYOUT_STABLE LIGHT_NAVIGATION_BAR
06-14 15:54:28.932 I/WindowManager( 2066): Window{c896dbd u0 com.annieworks.AnnieWalkingLog/com.annieworks.AnnieWalkingLog.MainActivity} state from NO_SURFACE to DRAW_PENDING; reason: resetDrawState
06-14 15:54:28.933 D/OplusLayer( 1374): setProcInfo (30967,com.annieworks.AnnieWalkingLog/com.annieworks.AnnieWalkingLog.MainActivity#30967,com.annieworks.AnnieWalkingLog)
06-14 15:54:28.934 D/ShellTaskOrganizer( 3476): dispatchTaskEventToClientIfNeed, eventType:2, taskInfo:TaskInfo{userId=0 taskId=84584 displayId=0 isRunning=true baseIntent=Intent { act=android.intent.action.MAIN cat=[android.intent.category.LAUNCHER] flg=0x10200000 cmp=com.annieworks.AnnieWalkingLog/.MainActivity mCallingUid=10187 } baseActivity=ComponentInfo{com.annieworks.AnnieWalkingLog/com.annieworks.AnnieWalkingLog.MainActivity} topActivity=ComponentInfo{com.annieworks.AnnieWalkingLog/com.annieworks.AnnieWalkingLog.MainActivity} origActivity=null realActivity=ComponentInfo{com.annieworks.AnnieWalkingLog/com.annieworks.AnnieWalkingLog.MainActivity} numActivities=1 lastActiveTime=467144106 supportsSplitScreenMultiWindow=true supportsMultiWindow=true supportsPocketStudioMultiWindow=true isInFlexibleEmbedded = false uid = 10707 pid = 12250 resizeMode=1 isResizeable=true minWidth=-1 minHeight=-1 defaultMinSize=220 token=WCT{android.window.IWindowContainerToken$Stub$Proxy@52d0ab9} topActivityType=1 pictureInPictureParams=null shouldDockBigOverlays=false launchIntoPipHostTaskId=-1 lastParentTaskIdBeforePip=-1 displayCutoutSafeInsets=Rect(0, 118 - 0, 0) topActivityInfo=ActivityInfo{1881efe com.annieworks.AnnieWalkingLog.MainActivity} launchCookies=[] positionInParent=Point(0, 0) parentTaskId=-1 isFocused=true isVisible=true isVisibleRequested=true isSleeping=false topActivityInSizeCompat=false topActivityInOplusCompatMode=false topActivityEligibleForLetterboxEducation= false topActivityLetterboxed= false isFromDoubleTap= false topActivityLetterboxVerticalPosition= -1 topActivityLetterboxHorizontalPosition= -1 topActivityLetterboxWidth=-1 topActivityLetterboxHeight=-1 locusId=null displayAreaFeatureId=1 cameraCompatControlState=hidden locusId= null topActivityLetterboxInsets=Rect(0, 0 - 0, 0)}, leash:null
06-14 15:54:28.935 D/ShellTaskOrganizerExt( 3476): visibleFlexibleTaskInfos delete:84584
06-14 15:54:28.936 W/System  ( 3730): A resource failed to call release. 
06-14 15:54:28.936 W/System  ( 3730): A resource failed to call release. 
06-14 15:54:28.938 V/WindowManager( 2066): Changing focus from null to Window{c896dbd u0 com.annieworks.AnnieWalkingLog/com.annieworks.AnnieWalkingLog.MainActivity},diplayid=0
06-14 15:54:28.940 W/System  ( 3730): A resource failed to call release. 
06-14 15:54:28.940 W/System  ( 3730): A resource failed to call release. 
06-14 15:54:28.942 I/OplusHansManager ( 2066): uid=10370, pkg=com.facebook.orca M FastFreeze is on, delay the transition to F until FastFreezerExit
06-14 15:54:28.942 D/Theia.NoFocusWindow( 2066): FocusWindowErrorScene cancelCheckFreezeScreen
06-14 15:54:28.942 W/TheiaWindowMonitor( 2066): [check] focusedWindow is null or enable is false
06-14 15:54:28.943 D/VRI[MainActivity](12250): relayoutWindow result, sizeChanged:true, surfaceControlChanged:true, transformHintChanged:true, mSurfaceSize:Point(1080, 2400), mLastSurfaceSize:Point(0, 0), mWidth:-1, mHeight:-1, requestedWidth:1080, requestedHeight:2400, transformHint:0, lastTransformHint:-2147483648, installOrientation:0, displayRotation:0, isSurfaceValid:true, attr.flag:-2122252032, useBlast:true, tmpFrames:ClientWindowFrames{frame=[0,0][1080,2400] display=[0,0][1080,2400] parentFrame=[0,0][0,0]}
06-14 15:54:28.944 W/VRI[MainActivity](12250): updateBlastSurfaceIfNeeded, surfaceSize:Point(1080, 2400), lastSurfaceSize:Point(0, 0), format:-1, blastBufferQueue:null
06-14 15:54:28.944 I/OplusHansManager ( 2066): uid=10524, pkg=com.ss.android.ugc.tiktok.lite M FastFreeze is on, delay the transition to F until FastFreezerExit
06-14 15:54:28.948 I/OplusHansManager ( 2066): uid=10487, pkg=com.instagram.barcelona M FastFreeze is on, delay the transition to F until FastFreezerExit
06-14 15:54:28.954 D/OplusLayer( 1374): setGameMode StatusBar#86, gameMode 0, parentLayer 4b4f2c StatusBar#76.
06-14 15:54:28.954 D/Layer   ( 1374): reparent to null sequence=30962, seq[1], name=Surface(name=4b4f2c StatusBar)/@0x81858cb - animation-leash of insets_animation#30962
06-14 15:54:28.955 D/Layer   ( 1374): reparent to null sequence=30963, seq[2], name=Surface(name=6163f5f NavigationBar_displayId_0)/@0x56dd8a8 - animation-leash of insets_animation#30963
06-14 15:54:28.955 D/SurfaceFlinger( 1374): Find Focus windowName=c896dbd com.annieworks.AnnieWalkingLog/com.annieworks.AnnieWalkingLog.MainActivity, notVisible=1
06-14 15:54:28.955 D/Layer   ( 1374): Focus: com.annieworks.AnnieWalkingLog/com.annieworks.AnnieWalkingLog.MainActivity#30967 isHiddenByPolicy s.flags&layer_state_t::eLayerHidden=1
06-14 15:54:28.955 D/SurfaceFlinger( 1374): Focus inVisible Reason:isVisibleForInput(){hasInputInfo()?canReceiveInput():isVisible()}=0 has=1 can{!isHiddenByPolicy()&&(mBuffer==nullptr||getAlpha()>0.0f)}=0 Hidden=1 Buf=1 getA=1
06-14 15:54:28.956 D/SurfaceFlinger( 1374): updateWinowInfo=1, setFocusedWindow timestamp=355423675230300, windowName=c896dbd com.annieworks.AnnieWalkingLog/com.annieworks.AnnieWalkingLog.MainActivity
06-14 15:54:28.957 D/BufferQueueConsumer(12250): [](id:2fda00000000,api:0,p:-1,c:12250) connect: controlledByApp=false
06-14 15:54:28.958 D/ExtensionsLoader(12250): createInstance(64bit) : createExtendedFactory
06-14 15:54:28.958 D/ExtensionsLoader(12250): Opened libSchedAssistExtImpl.so
06-14 15:54:28.960 I/AdrenoGLES-0(12250): QUALCOMM build                   : e7626cbb06, If33672715f
06-14 15:54:28.960 I/AdrenoGLES-0(12250): Build Date                       : 01/24/23
06-14 15:54:28.960 I/AdrenoGLES-0(12250): OpenGL ES Shader Compiler Version: EV031.35.01.12
06-14 15:54:28.960 I/AdrenoGLES-0(12250): Local Branch                     : 
06-14 15:54:28.960 I/AdrenoGLES-0(12250): Remote Branch                    : refs/tags/AU_LINUX_ANDROID_LA.UM.9.14.11.00.00.571.148
06-14 15:54:28.960 I/AdrenoGLES-0(12250): Remote Branch                    : NONE
06-14 15:54:28.960 I/AdrenoGLES-0(12250): Reconstruct Branch               : NOTHING
06-14 15:54:28.960 I/AdrenoGLES-0(12250): Build Config                     : S P 10.0.7 AArch64
06-14 15:54:28.960 I/AdrenoGLES-0(12250): Driver Path                      : /vendor/lib64/egl/libGLESv2_adreno.so
06-14 15:54:28.962 I/InputDispatcher( 2066): NFW_setFocusedWindow, c896dbd com.annieworks.AnnieWalkingLog/com.annieworks.AnnieWalkingLog.MainActivity on display 0, same as the previous:0
06-14 15:54:28.963 D/SceneSDK.1.0.4-SNAPSHOT.23445.DeepThinkerAppSwitchAbility(23445): onAppSwitchEvent: AppSwitchEvent(timeStamp=1781420068635, eventType=1, targetName=com.annieworks.AnnieWalkingLog, firstStart=true, multiApp=false, windowMode=1, resumingPackageName=, resumingActivityName=, isResumingMultiApp=false, isResumingFirstStart=false)
06-14 15:54:28.964 I/metis_v2_AppSwitchDataCollector(23445): AppEnterEvent =  com.annieworks.AnnieWalkingLog, windowMode = 1,firstStart = true
06-14 15:54:28.966 I/metis_v2_AppSwitchDataCollector(23445):  set isNotifiedTVCast
06-14 15:54:28.978 I/AdrenoGLES-0(12250): PFP: 0x016ee201, ME: 0x00000000
06-14 15:54:28.991 E/metis_v2_FactManager(23445): There is no subModel: com.oplus.linker
06-14 15:54:28.992 I/metis_v2_AppSwitchDataCollector(23445): Skip call fire
--------- beginning of crash
06-14 15:54:29.007 E/AndroidRuntime(12250): FATAL EXCEPTION: pool-8-thread-1
06-14 15:54:29.007 E/AndroidRuntime(12250): Process: com.annieworks.AnnieWalkingLog, PID: 12250
06-14 15:54:29.007 E/AndroidRuntime(12250): java.lang.NoClassDefFoundError: Failed resolution of: Lexpo/modules/kotlin/types/AnyTypeCache;
06-14 15:54:29.007 E/AndroidRuntime(12250): 	at expo.modules.crypto.CryptoModule.definition(CryptoModule.kt:76)
06-14 15:54:29.007 E/AndroidRuntime(12250): 	at expo.modules.kotlin.ModuleHolder.<init>(ModuleHolder.kt:22)
06-14 15:54:29.007 E/AndroidRuntime(12250): 	at expo.modules.kotlin.ModuleRegistry.register(ModuleRegistry.kt:27)
06-14 15:54:29.007 E/AndroidRuntime(12250): 	at expo.modules.kotlin.ModuleRegistry.register(ModuleRegistry.kt:47)
06-14 15:54:29.007 E/AndroidRuntime(12250): 	at expo.modules.kotlin.AppContext.<init>(AppContext.kt:120)
06-14 15:54:29.007 E/AndroidRuntime(12250): 	at expo.modules.kotlin.KotlinInteropModuleRegistry.<init>(KotlinInteropModuleRegistry.kt:23)
06-14 15:54:29.007 E/AndroidRuntime(12250): 	at expo.modules.adapters.react.NativeModulesProxy.<init>(NativeModulesProxy.java:45)
06-14 15:54:29.007 E/AndroidRuntime(12250): 	at expo.modules.adapters.react.ModuleRegistryAdapter.getOrCreateNativeModulesProxy(ModuleRegistryAdapter.java:135)
06-14 15:54:29.007 E/AndroidRuntime(12250): 	at expo.modules.adapters.react.ModuleRegistryAdapter.createNativeModules(ModuleRegistryAdapter.java:64)
06-14 15:54:29.007 E/AndroidRuntime(12250): 	at expo.modules.ExpoModulesPackage.createNativeModules(ExpoModulesPackage.kt:35)
06-14 15:54:29.007 E/AndroidRuntime(12250): 	at com.facebook.react.ReactPackageTurboModuleManagerDelegate.initialize(ReactPackageTurboModuleManagerDelegate.kt:87)
06-14 15:54:29.007 E/AndroidRuntime(12250): 	at com.facebook.react.ReactPackageTurboModuleManagerDelegate.<init>(ReactPackageTurboModuleManagerDelegate.kt:45)
06-14 15:54:29.007 E/AndroidRuntime(12250): 	at com.facebook.react.defaults.DefaultTurboModuleManagerDelegate.<init>(DefaultTurboModuleManagerDelegate.kt:35)
06-14 15:54:29.007 E/AndroidRuntime(12250): 	at com.facebook.react.defaults.DefaultTurboModuleManagerDelegate.<init>(DefaultTurboModuleManagerDelegate.kt:0)
06-14 15:54:29.007 E/AndroidRuntime(12250): 	at com.facebook.react.defaults.DefaultTurboModuleManagerDelegate$Builder.build(DefaultTurboModuleManagerDelegate.kt:62)
06-14 15:54:29.007 E/AndroidRuntime(12250): 	at com.facebook.react.defaults.DefaultTurboModuleManagerDelegate$Builder.build(DefaultTurboModuleManagerDelegate.kt:42)
06-14 15:54:29.007 E/AndroidRuntime(12250): 	at com.facebook.react.ReactPackageTurboModuleManagerDelegate$Builder.build(ReactPackageTurboModuleManagerDelegate.kt:241)
06-14 15:54:29.007 E/AndroidRuntime(12250): 	at com.facebook.react.runtime.ReactInstance.<init>(ReactInstance.kt:168)
06-14 15:54:29.007 E/AndroidRuntime(12250): 	at com.facebook.react.runtime.ReactHostImpl.getOrCreateReactInstanceTask$lambda$41$lambda$38(ReactHostImpl.kt:920)
06-14 15:54:29.007 E/AndroidRuntime(12250): 	at com.facebook.react.runtime.ReactHostImpl.$r8$lambda$LQY77bFECGrnkUqd7Ku55sJ721A(ReactHostImpl.kt:0)
06-14 15:54:29.007 E/AndroidRuntime(12250): 	at com.facebook.react.runtime.ReactHostImpl$$ExternalSyntheticLambda11.then(D8$$SyntheticClass:0)
06-14 15:54:29.007 E/AndroidRuntime(12250): 	at com.facebook.react.runtime.internal.bolts.Task$Companion.completeImmediately$lambda$3(Task.kt:356)
06-14 15:54:29.007 E/AndroidRuntime(12250): 	at com.facebook.react.runtime.internal.bolts.Task$Companion.$r8$lambda$b7MTC0ufkn_2TjF4BGcNqGR9qK0(Task.kt:0)
06-14 15:54:29.007 E/AndroidRuntime(12250): 	at com.facebook.react.runtime.internal.bolts.Task$Companion$$ExternalSyntheticLambda3.run(D8$$SyntheticClass:0)
06-14 15:54:29.007 E/AndroidRuntime(12250): 	at com.facebook.react.runtime.internal.bolts.Executors$ImmediateExecutor.execute(Executors.kt:41)
06-14 15:54:29.007 E/AndroidRuntime(12250): 	at com.facebook.react.runtime.internal.bolts.Task$Companion.completeImmediately(Task.kt:354)
06-14 15:54:29.007 E/AndroidRuntime(12250): 	at com.facebook.react.runtime.internal.bolts.Task$Companion.access$completeImmediately(Task.kt:250)
06-14 15:54:29.007 E/AndroidRuntime(12250): 	at com.facebook.react.runtime.internal.bolts.Task.continueWith(Task.kt:132)
06-14 15:54:29.007 E/AndroidRuntime(12250): 	at com.facebook.react.runtime.internal.bolts.Task.continueWith$default(Task.kt:117)
06-14 15:54:29.007 E/AndroidRuntime(12250): 	at com.facebook.react.runtime.internal.bolts.Task.onSuccess$lambda$12(Task.kt:174)
06-14 15:54:29.007 E/AndroidRuntime(12250): 	at com.facebook.react.runtime.internal.bolts.Task.$r8$lambda$l0wwo5AvbHxlwfI1R7CH_codxoo(Task.kt:0)
06-14 15:54:29.007 E/AndroidRuntime(12250): 	at com.facebook.react.runtime.internal.bolts.Task$$ExternalSyntheticLambda2.then(D8$$SyntheticClass:0)
06-14 15:54:29.007 E/AndroidRuntime(12250): 	at com.facebook.react.runtime.internal.bolts.Task$Companion.completeAfterTask$lambda$5(Task.kt:390)
06-14 15:54:29.007 E/AndroidRuntime(12250): 	at com.facebook.react.runtime.internal.bolts.Task$Companion.$r8$lambda$IPpysnehFwANEiW061YzapkMdoE(Task.kt:0)
06-14 15:54:29.007 E/AndroidRuntime(12250): 	at com.facebook.react.runtime.internal.bolts.Task$Companion$$ExternalSyntheticLambda4.run(D8$$SyntheticClass:0)
06-14 15:54:29.007 E/AndroidRuntime(12250): 	at java.util.concurrent.ThreadPoolExecutor.runWorker(ThreadPoolExecutor.java:1100)
06-14 15:54:29.007 E/AndroidRuntime(12250): 	at java.util.concurrent.ThreadPoolExecutor$Worker.run(ThreadPoolExecutor.java:624)
06-14 15:54:29.007 E/AndroidRuntime(12250): 	at java.lang.Thread.run(Thread.java:1572)
06-14 15:54:29.007 E/AndroidRuntime(12250): Caused by: java.lang.ClassNotFoundException: expo.modules.kotlin.types.AnyTypeCache
06-14 15:54:29.007 E/AndroidRuntime(12250): 	... 38 more
06-14 15:54:29.014 D/OplusAppStartupMonitor( 2066): notifyUnstableAppInfo: Bundle[{unstableTime=1781420069013, reason=crash, userId=0, exceptionMsg=expo.modules.kotlin.types.AnyTypeCache, exceptionClass=java.lang.ClassNotFoundException, app_channel_type=unstable, packageName=com.annieworks.AnnieWalkingLog, unstable_restrict_switch=true}]
06-14 15:54:29.031 D/BufferQueueProducer(12250): [VRI[MainActivity]#0(BLAST Consumer)0](id:2fda00000000,api:1,p:12250,c:12250) connect: api=1 producerControlledByApp=true
06-14 15:54:29.031 E/OpenGLRenderer(12250): Unable to match the desired swap behavior.
06-14 15:54:29.032 I/SurfaceControl(12250):  setExtendedRangeBrightness sc=Surface(name=com.annieworks.AnnieWalkingLog/com.annieworks.AnnieWalkingLog.MainActivity)/@0xfc4563b,currentBufferRatio=1.0,desiredRatio=1.0
06-14 15:54:29.052 D/ITheiaManagerExt( 2066): [sendEvent] TheiaEvent:[id:0x00000005 name:appCrash type:java enable:false reportFreq:1800000 logType:4099 delay:30000 condition:0 recoveryId:0 extraInfo:] versionId:202401151600 INCREMENTAL:T.R4T1.1e67777_3645f-1e31c
06-14 15:54:29.052 W/ITheiaManagerExt( 2066): [sendEvent] the event state is disable: 5
06-14 15:54:29.053 D/BLASTBufferQueue(12250): [VRI[MainActivity]#0](f:0,a:1) acquireNextBufferLocked size=1080x2400 mFrameNumber=1 applyTransaction=true mTimestamp=355423784326862(auto) mPendingTransactions.size=0 graphicBufferId=52613349376000 transform=0
06-14 15:54:29.054 D/VRI[MainActivity](12250): Received frameCommittedCallback lastAttemptedDrawFrameNum=1 didProduceBuffer=true syncBuffer=false
06-14 15:54:29.054 D/VRI[MainActivity](12250): draw finished.
06-14 15:54:29.054 D/VRI[MainActivity](12250): reportDrawFinished
06-14 15:54:29.054 D/ViewRootImplExtImpl(12250): setMaxDequeuedBufferCount: 2
06-14 15:54:29.054 I/ClientCache( 1374): add: Cache owner=0xb40000759342a3c0
06-14 15:54:29.055 I/WindowManager( 2066): Window{c896dbd u0 com.annieworks.AnnieWalkingLog/com.annieworks.AnnieWalkingLog.MainActivity} state from DRAW_PENDING to COMMIT_DRAW_PENDING; reason: finishDrawingLocked
06-14 15:54:29.055 W/VRI[MainActivity](12250): handleResized, msg:5, frameChanged:false, configChanged:false, displayChanged:false, attachedFrameChanged:false, compatScaleChanged:false, pendingDragResizing=false
06-14 15:54:29.055 D/OplusTransitionAnimationManager( 2066): skipFinishDrawingIfNeed clientRotation=0, currentRotation=0, hasFixedRotationApp=false, requestedOrientation=1, win=Window{c896dbd u0 com.annieworks.AnnieWalkingLog/com.annieworks.AnnieWalkingLog.MainActivity}, activity=ActivityRecord{f7005bc u0 com.annieworks.AnnieWalkingLog/.MainActivity t84584}, currentConfig={0.85 ??mcc??mnc [ja_JP,en_JP] ldltr sw424dp w424dp h851dp 408dpi nrml long hdr widecg port finger -keyb/h/h -nav/h winConfig={ mBounds=Rect(0, 0 - 1080, 2400) mAppBounds=Rect(0, 118 - 1080, 2288) mMaxBounds=Rect(0, 0 - 1080, 2400) mDisplayRotation=ROTATION_0 mWindowingMode=fullscreen mDisplayWindowingMode=fullscreen mActivityType=standard mAlwaysOnTop=undefined mRotation=ROTATION_0} s.1 fontWeightAdjustment=0mThemeChanged= 0, mThemeChangedFlags= 0, mFlipFont= 0, mScenario= -1, mAccessibleChanged= -1, mUxIconConfig= 3468921665126662177, mMaterialColor= 0, mUserId= 0, mFontUserId= 0, mFontVariationSettings= 1226, mFoldingAngle = -1.0, mIconPackName= , mDarkModeBackgroundMaxL= 0.0, mDarkModeDialogBgMaxL= 27.0, mDarkModeForegroundMinL= 100.0, mOplusConfigType= 1, mOplusChangedConfigs= 0, OpSans= -1, mBurmeseFontFlag= 2, mFlag= 0, mFlexibleActivitySuitable= -1, mPuttDisplayFlag= -1}
06-14 15:54:29.056 I/Quality (12250): Skipped: false 7 cost 86.76899 refreshRate 11160278 bit true processName com.annieworks.AnnieWalkingLog
06-14 15:54:29.060 I/WindowManager( 2066): Window{c896dbd u0 com.annieworks.AnnieWalkingLog/com.annieworks.AnnieWalkingLog.MainActivity} state from COMMIT_DRAW_PENDING to READY_TO_SHOW; reason: commitFinishDrawingLocked
06-14 15:54:29.060 D/ActivityTaskManager( 2066): Finish StartingWindow: ActivityRecord{f7005bc u0 com.annieworks.AnnieWalkingLog/.MainActivity t84584}first real window is shown
06-14 15:54:29.061 W/OplusEapManager handleErrorInfo sendEvent: ( 2066): com.annieworks.AnnieWalkingLog happenedcrash
06-14 15:54:29.061 D/OplusAnrCrashMonitor( 2066): handleAnrCrashData: bundle data done
06-14 15:54:29.062 D/VRI[MainActivity](12250): Received frameCommittedCallback lastAttemptedDrawFrameNum=2 didProduceBuffer=false syncBuffer=false
06-14 15:54:29.062 D/VRI[MainActivity](12250): draw finished.
06-14 15:54:29.062 D/VRI[MainActivity](12250): reportDrawFinished
06-14 15:54:29.062 D/ActivityTaskManager( 2066): removeStartingWindowAnimation starting ActivityRecord{f7005bc u0 com.annieworks.AnnieWalkingLog/.MainActivity t84584} startingWindow=null ,startingView=com.android.server.wm.StartingSurfaceController$StartingSurface@17c3adc,Callers=com.android.server.wm.ActivityRecord.removeStartingWindow:3193 com.android.server.wm.ActivityRecord.onFirstWindowDrawn:7958 com.android.server.wm.WindowState.performShowLocked:4878 com.android.server.wm.WindowStateAnimator.commitFinishDrawingLocked:321 com.android.server.wm.DisplayContent.lambda$new$8:1192 
06-14 15:54:29.062 D/OplusStartingWindowManager( 2066): interceptRemoveStartingWindow: packageName=com.annieworks.AnnieWalkingLog, componentName=com.annieworks.AnnieWalkingLog/.MainActivity, isSnapshot=false, startingSurfaceRunnable=null,isDrawCompleted=false, hasSurfaceView=false, inTransition=false
06-14 15:54:29.062 D/OplusSplitScreenManagerService( 2066): notifyRemoveStartingWindow mOplusSpiltScreenDnDUI is null, just return!
06-14 15:54:29.062 D/LicenseClient(12250): Connected to the licensing service.
06-14 15:54:29.064 D/LicenseClient(12250): Sending request to license reporting service...
06-14 15:54:29.067 I/WindowManager( 2066): Window{c896dbd u0 com.annieworks.AnnieWalkingLog/com.annieworks.AnnieWalkingLog.MainActivity} state from READY_TO_SHOW to HAS_DRAWN; reason: performShowLocked
06-14 15:54:29.068 I/TheiaLaunchMonitor( 2066): [checkAndRecovery] the function is disable.
06-14 15:54:29.072 I/iopgp   ( 4206): Iopgp: TRANSACTION_IOPGP_ON_ACTIVITY_LAUNCH_FINISHED sequence_id = 89 timestamp_nanos = 355423797425352
06-14 15:54:29.076 D/OplusTransitionAnimationManager( 2066): skipFinishDrawingIfNeed clientRotation=0, currentRotation=0, hasFixedRotationApp=false, requestedOrientation=1, win=Window{c896dbd u0 com.annieworks.AnnieWalkingLog/com.annieworks.AnnieWalkingLog.MainActivity}, activity=ActivityRecord{f7005bc u0 com.annieworks.AnnieWalkingLog/.MainActivity t84584}, currentConfig={0.85 ??mcc??mnc [ja_JP,en_JP] ldltr sw424dp w424dp h851dp 408dpi nrml long hdr widecg port finger -keyb/h/h -nav/h winConfig={ mBounds=Rect(0, 0 - 1080, 2400) mAppBounds=Rect(0, 118 - 1080, 2288) mMaxBounds=Rect(0, 0 - 1080, 2400) mDisplayRotation=ROTATION_0 mWindowingMode=fullscreen mDisplayWindowingMode=fullscreen mActivityType=standard mAlwaysOnTop=undefined mRotation=ROTATION_0} s.1 fontWeightAdjustment=0mThemeChanged= 0, mThemeChangedFlags= 0, mFlipFont= 0, mScenario= -1, mAccessibleChanged= -1, mUxIconConfig= 3468921665126662177, mMaterialColor= 0, mUserId= 0, mFontUserId= 0, mFontVariationSettings= 1226, mFoldingAngle = -1.0, mIconPackName= , mDarkModeBackgroundMaxL= 0.0, mDarkModeDialogBgMaxL= 27.0, mDarkModeForegroundMinL= 100.0, mOplusConfigType= 1, mOplusChangedConfigs= 0, OpSans= -1, mBurmeseFontFlag= 2, mFlag= 0, mFlexibleActivitySuitable= -1, mPuttDisplayFlag= -1}
06-14 15:54:29.076 D/OplusAmsUtilsFeatrue( 2066): detectExceptionsForOIDT type:0
06-14 15:54:29.079 I/InputDispatcher( 2066): updateFocusedWindow, c896dbd com.annieworks.AnnieWalkingLog/com.annieworks.AnnieWalkingLog.MainActivity on display 0, reason: Window became focusable. Previous reason: NOT_VISIBLE, result:   FocusedWindows:
06-14 15:54:29.079 I/InputDispatcher( 2066):     displayId=0, name='c896dbd com.annieworks.AnnieWalkingLog/com.annieworks.AnnieWalkingLog.MainActivity'
06-14 15:54:29.080 D/VRI[MainActivity](12250): onFocusEvent true
06-14 15:54:29.081 I/Osense-BaseDecisionMaker( 2066): notifySceneToAthenaPolicy: SCENE_ACTIVITY_IDLE, bundle: Bundle[{scene=SCENE_ACTIVITY_IDLE}]
06-14 15:54:29.081 I/Osense-BaseDecisionMaker( 2066): OSense not supported scene! SCENE_ACTIVITY_IDLE
06-14 15:54:29.085 D/callGcSupression( 3730): java.lang.NullPointerException: Attempt to invoke virtual method 'java.lang.Object java.lang.reflect.Method.invoke(java.lang.Object, java.lang.Object[])' on a null object reference
06-14 15:54:29.085 I/Quality ( 2066): LaunchTime2.0: com.annieworks.AnnieWalkingLog/.MainActivity 1 833 com.android.launcher 199 309 9941 123 159313920 0 0
06-14 15:54:29.086 D/VRI[Launcher]( 3730): setWindowStopped stopped:true
06-14 15:54:29.086 I/ActivityTaskManager( 2066): Displayed com.annieworks.AnnieWalkingLog/.MainActivity for user 0: +918ms
06-14 15:54:29.086 D/ActivityTaskManager( 2066): Clearing startingData for token=null
06-14 15:54:29.086 D/ActivityTaskManager( 2066): onStartingWindowDrawn: wasTaskVisible=true, mStartingData=null, finishing=false,mLaunchedFromBubble=false, mVisibleRequested=true, mDisplayContent=Display{#0 state=ON size=1080x2400 ROTATION_0}, isZoomMode=false
06-14 15:54:29.086 W/SurfaceFlingerPuller( 2066): Failed to pull atom 150119 from surfaceflinger. Success is 0, binder status is EX_NONE
06-14 15:54:29.087 E/statsd  ( 1051): Gauge Stats puller failed for tag: 150119 at 467144692105850
06-14 15:54:29.089 D/CompatibilityChangeReporter( 2066): Compat change id reported: 214016041; UID 10707; state: ENABLED
06-14 15:54:29.089 D/InputMethodManagerService( 2066): isSecurity: attribute.packageName = com.annieworks.AnnieWalkingLog mCurMethodId = com.adamrocker.android.input.simeji/.OpenWnnSimeji isSecurity = false ( enable = false needShow = false inBlackList = false isExist = true )
06-14 15:54:29.089 I/ImeTracker( 2066): com.annieworks.AnnieWalkingLog:61b3526b: onRequestHide at ORIGIN_SERVER_HIDE_INPUT reason HIDE_UNSPECIFIED_WINDOW
06-14 15:54:29.089 I/ImeTracker( 2066): com.annieworks.AnnieWalkingLog:61b3526b: onCancelled at PHASE_SERVER_SHOULD_HIDE
06-14 15:54:29.093 D/UsageStatsService( 2066): User[0] type=0 b=1781420039087 e=1781420079087 cb=1781348849473 ce=1781420069066 disk=0 all=2
06-14 15:54:29.096 D/CompatibilityChangeReporter( 2066): Compat change id reported: 135634846; UID 1000; state: DISABLED
06-14 15:54:29.096 D/CompatibilityChangeReporter( 2066): Compat change id reported: 177438394; UID 1000; state: DISABLED
06-14 15:54:29.096 D/CompatibilityChangeReporter( 2066): Compat change id reported: 135772972; UID 1000; state: DISABLED
06-14 15:54:29.096 D/CompatibilityChangeReporter( 2066): Compat change id reported: 135754954; UID 1000; state: ENABLED
06-14 15:54:29.097 I/Quality (12250): Skipped: true 1 cost 15.637265 refreshRate 11159605 bit true processName com.annieworks.AnnieWalkingLog
06-14 15:54:29.098 I/hwservicemanager(  649): getTransport: Cannot find entry vendor.qti.hardware.iop@2.0::IIop/default in either framework or device VINTF manifest.
06-14 15:54:29.099 D/UsageStatsService( 2066): User[0] type=0 b=1781420039096 e=1781420079096 cb=1781348849473 ce=1781420069066 disk=0 all=2
06-14 15:54:29.102 D/CompatibilityChangeReporter( 2066): Compat change id reported: 254662522; UID 10100; state: ENABLED
06-14 15:54:29.102 I/bzeg    (23065): onStop
06-14 15:54:29.104 D/UsageStatsService( 2066): User[0] type=0 b=1781420039102 e=1781420079102 cb=1781348849473 ce=1781420069066 disk=0 all=2
06-14 15:54:29.105 I/ImeTracker( 3730): com.android.launcher:d0994541: onRequestHide at ORIGIN_CLIENT_HIDE_SOFT_INPUT reason HIDE_SOFT_INPUT
06-14 15:54:29.107 I/hwservicemanager(  649): getTransport: Cannot find entry vendor.qti.hardware.iop@2.0::IIop/default in either framework or device VINTF manifest.
06-14 15:54:29.108 D/InputEventReceiver( 6807): Input log is disabled in InputEventReceiver.
06-14 15:54:29.109 D/CompatibilityChangeReporter( 2066): Compat change id reported: 254662522; UID 10258; state: ENABLED
06-14 15:54:29.110 D/UsageStatsService( 2066): User[0] type=0 b=1781420039108 e=1781420079108 cb=1781348849473 ce=1781420069066 disk=0 all=2
06-14 15:54:29.115 W/InputMethodManagerService( 2066): Ignoring hideSoftInput of uid 10187 : com.android.internal.inputmethod.IInputMethodClient$Stub$Proxy@74f06e3
06-14 15:54:29.115 I/ImeTracker( 2066): com.android.launcher:d0994541: onCancelled at PHASE_SERVER_CLIENT_FOCUSED
06-14 15:54:29.119 I/WindowManager( 2066): Window{b7b87e5 u0 GoogleDiscoverWindow} state from HAS_DRAWN to NO_SURFACE; reason: destroySurface
06-14 15:54:29.121 D/Layer   ( 1374): reparent to null sequence=30927, seq[6], name=GoogleDiscoverWindow#30927
06-14 15:54:29.123 I/WindowManager( 2066): Window{7be6eaf u0 com.android.launcher/com.android.launcher.Launcher} state from HAS_DRAWN to NO_SURFACE; reason: destroySurface
06-14 15:54:29.123 D/UsageStatsService( 2066): User[0] type=0 b=1781420039115 e=1781420079115 cb=1781348849473 ce=1781420069120 disk=0 all=2
06-14 15:54:29.124 D/OplusManager( 2066): send on stamp success
06-14 15:54:29.124 D/ActivityTaskManager( 2066): Clearing startingData for token=null
06-14 15:54:29.128 D/OplusAnrCrashMonitor( 2066): bind to service from AnrCrashParams{ Tag=crash, id=a612e3f}
06-14 15:54:29.131 D/UsageStatsService( 2066): User[0] type=0 b=1781420039124 e=1781420079124 cb=1781348849473 ce=1781420069120 disk=0 all=2
06-14 15:54:29.132 D/Layer   ( 1374): reparent to null sequence=30928, seq[5], name=com.android.launcher/com.android.launcher.Launcher#30928
06-14 15:54:29.132 D/Zygote  ( 1053): Forked child process 12326
06-14 15:54:29.134 I/ActivityManager( 2066): Start proc 12326:com.oplus.crashbox/1000 for service {com.oplus.crashbox/com.oplus.crashbox.ExceptionMonitorService}
06-14 15:54:29.134 D/UsageStatsService( 2066): User[0] type=0 b=1781420039132 e=1781420079132 cb=1781348849473 ce=1781420069120 disk=0 all=2
06-14 15:54:29.137 D/UsageStatsService( 2066): User[0] type=0 b=1781420039136 e=1781420079136 cb=1781348849473 ce=1781420069120 disk=0 all=2
06-14 15:54:29.138 D/UsageStatsService( 2066): User[0] type=0 b=1781420039138 e=1781420079138 cb=1781348849473 ce=1781420069120 disk=0 all=2
06-14 15:54:29.139 W/ActivityTaskManager( 2066):   Force finishing activity com.annieworks.AnnieWalkingLog/.MainActivity
06-14 15:54:29.140 D/UsageStatsService( 2066): User[0] type=0 b=1781420039140 e=1781420079140 cb=1781348849473 ce=1781420069120 disk=0 all=2
06-14 15:54:29.142 D/UsageStatsService( 2066): User[0] type=0 b=1781420039141 e=1781420079141 cb=1781348849473 ce=1781420069120 disk=0 all=2
06-14 15:54:29.143 D/OplusTransitionController( 2066): requestStartTransition, requestInfo type: CLOSE, remoteTransition: null, displayChange: null, transition: TransitionRecord{731e6a id=1746 type=CLOSE flags=0x10}, caller: com.android.server.wm.TransitionControllerExtImpl.requestStartTransition:41 com.android.server.wm.TransitionController.requestStartTransition:738 com.android.server.wm.TransitionController.requestTransitionIfNeeded:681 com.android.server.wm.TransitionController.requestTransitionIfNeeded:615 com.android.server.wm.DisplayContent.requestTransitionAndLegacyPrepare:6413 
06-14 15:54:29.143 D/OplusAtlas.OplusAtlasEventDispatch( 4962): setEvent:atlas_event_on_foreground_activities_changed info:pid:3730,uid:10187,hasForegroundActivities:0
06-14 15:54:29.144 D/OplusAtlas.OplusAudioScene( 4962): callback success event:atlas_event_on_foreground_activities_changed eventInfo:pid:3730,uid:10187,hasForegroundActivities:0
06-14 15:54:29.145 D/OplusAtlas.OplusMessageHandler( 4962): handleMessage: Msg { when=0 what=2 obj=com.oplus.atlas.OplusAtlasEvent@22e1bb4 target=com.oplus.atlas.OplusMessageHandler$MyHandler }
06-14 15:54:29.145 D/OplusAtlas.OplusMessageHandler( 4962): handleMessage: Msg { when=0 what=0 obj=com.oplus.atlas.OplusAtlasEvent@22e1bb4 target=com.oplus.atlas.OplusMessageHandler$MyHandler }
06-14 15:54:29.145 D/UsageStatsService( 2066): User[0] type=0 b=1781420039144 e=1781420079144 cb=1781348849473 ce=1781420069127 disk=0 all=3
06-14 15:54:29.146 E/UAH_JNI ( 2066): uah_event_acquire ! cmdId: 0 ,strPkg: com.annieworks.AnnieWalkingLog, strIdent: com.android.server.wm, timeout: 600
06-14 15:54:29.146 I/[UAH_CLIENT]( 2066): UahEventAcquire, cmdid:0, pkg:com.annieworks.AnnieWalkingLog, identity:com.android.server.wm
06-14 15:54:29.147 D/ActivityTaskManager( 2066): onWindowFocusChanged Task{2460ab7 #5 type=home I=com.android.launcher/.Launcher} would transfer to compact
06-14 15:54:29.147 I/InputDispatcher( 2066): setFocusedApplication displayId=0 ActivityRecord{98822e0 u0 com.android.launcher/.Launcher t5}
06-14 15:54:29.147 D/ActivityTaskManager( 2066): NFW_setLastResumedActivityUncheckLocked:true r:ActivityRecord{98822e0 u0 com.android.launcher/.Launcher t5} currentFocus:Window{c896dbd u0 com.annieworks.AnnieWalkingLog/com.annieworks.AnnieWalkingLog.MainActivity}
06-14 15:54:29.147 D/UsageStatsService( 2066): User[0] type=0 b=1781420039147 e=1781420079147 cb=1781348849473 ce=1781420069127 disk=0 all=3
06-14 15:54:29.148 V/WindowManager( 2066): Changing focus from Window{c896dbd u0 com.annieworks.AnnieWalkingLog/com.annieworks.AnnieWalkingLog.MainActivity} to null,diplayid=0
06-14 15:54:29.149 V/WindowManagerShell( 3476): Transition requested: android.os.BinderProxy@b8f697b TransitionRequestInfo { type = CLOSE, triggerTask = null, remoteTransition = null, displayChange = null }
06-14 15:54:29.151 D/UsageStatsService( 2066): User[0] type=0 b=1781420039148 e=1781420079148 cb=1781348849473 ce=1781420069127 disk=0 all=3
06-14 15:54:29.153 D/UsageStatsService( 2066): User[0] type=0 b=1781420039151 e=1781420079151 cb=1781348849473 ce=1781420069127 disk=0 all=3
06-14 15:54:29.154 D/callGcSupression(12250): java.lang.NullPointerException: Attempt to invoke virtual method 'java.lang.Object java.lang.reflect.Method.invoke(java.lang.Object, java.lang.Object[])' on a null object reference
06-14 15:54:29.157 D/UsageStatsService( 2066): User[0] type=0 b=1781420039156 e=1781420079156 cb=1781348849473 ce=1781420069127 disk=0 all=3
06-14 15:54:29.157 V/StampEventRecorder( 3423): onStamp id : 020201
06-14 15:54:29.159 D/Theia.NoFocusWindow( 2066): FocusWindowErrorScene CheckFreezeScreen
06-14 15:54:29.159 D/Theia.TransparentWindow( 2066): TransparentWindow cancelCheckFreezeScreen
06-14 15:54:29.159 D/FlexibleTaskController( 2066): onTaskFocusChanged prevTask:Task{23a45cb #84584 type=standard A=10707:com.annieworks.AnnieWalkingLog} ,currentTask:Task{2460ab7 #5 type=home I=com.android.launcher/.Launcher}
06-14 15:54:29.160 E/UAH_JNI ( 2066): uah_event_acquire ! cmdId: 0 ,strPkg: com.android.launcher, strIdent: com.android.server.wm, timeout: 600
06-14 15:54:29.160 I/[UAH_CLIENT]( 2066): UahEventAcquire, cmdid:0, pkg:com.android.launcher, identity:com.android.server.wm
06-14 15:54:29.161 D/lowmemorykiller(  647): medium pressure event triggered
06-14 15:54:29.161 E/lowmemorykiller(  647): calc_zone_watermarks pgskip_deltas_val: 0 pgskip_deltas[PGSKIP_IDX(i++)]: 0
06-14 15:54:29.161 E/lowmemorykiller(  647): adj:1001 file_cache:335484 free:137367
06-14 15:54:29.161 E/lowmemorykiller(  647): device has enough memory 1909044Kib, and freeMemory 549972Kib, disable killing(limit_killing:819200Kib)
06-14 15:54:29.162 D/ActivityRecordExtImpl( 2066): skipPrepareAppTransitionForZoom false
06-14 15:54:29.162 I/DropBoxManagerService( 2066): add tag=data_app_crash isTagEnabled=true flags=0x2
06-14 15:54:29.163 D/ActivityTaskManager( 2066): setVisibility(Token{a15c1a8 ActivityRecord{f7005bc u0 com.annieworks.AnnieWalkingLog/.MainActivity t84584 f}}}, visible=false) defer commitVisibility for transition collecting
06-14 15:54:29.164 D/ActivityTrigger( 2066): ActivityTrigger activityPauseTrigger 
06-14 15:54:29.164 D/UsageStatsService( 2066): User[0] type=0 b=1781420039163 e=1781420079163 cb=1781348849473 ce=1781420069127 disk=0 all=3
06-14 15:54:29.170 D/UsageStatsService( 2066): User[0] type=0 b=1781420039164 e=1781420079164 cb=1781348849473 ce=1781420069127 disk=0 all=3
06-14 15:54:29.174 I/Osense-PsiDetector( 2066): 1864,537,2726,6656,60,324,337,1214,1723,484,826,0,8,8713
06-14 15:54:29.175 I/TaskOrganizerController( 2066): onTaskInfoChanged taskid 84584 config { mBounds=Rect(0, 0 - 1080, 2400) mAppBounds=Rect(0, 118 - 1080, 2288) mMaxBounds=Rect(0, 0 - 1080, 2400) mDisplayRotation=ROTATION_0 mWindowingMode=fullscreen mDisplayWindowingMode=fullscreen mActivityType=standard mAlwaysOnTop=undefined mRotation=ROTATION_0}
06-14 15:54:29.175 D/FlexibleWindowManager( 2066): onFlexibleWindowTaskInfoChanged: mTaskId = 84584 oldIsTaskEmbedded = false   curIsTaskEmbedded = false  topActivity = null
06-14 15:54:29.175 D/OplusFlexibleWindowMinimizedManagerHelper( 2066): onTaskInfoChanged taskInfo:TaskInfo{userId=0 taskId=84584 displayId=0 isRunning=false baseIntent=Intent { act=android.intent.action.MAIN cat=[android.intent.category.LAUNCHER] flg=0x10200000 cmp=com.annieworks.AnnieWalkingLog/.MainActivity mCallingUid=10187 } baseActivity=null topActivity=null origActivity=null realActivity=ComponentInfo{com.annieworks.AnnieWalkingLog/com.annieworks.AnnieWalkingLog.MainActivity} numActivities=0 lastActiveTime=467144775 supportsSplitScreenMultiWindow=true supportsMultiWindow=true supportsPocketStudioMultiWindow=true isInFlexibleEmbedded = false uid = -1 pid = -1 resizeMode=1 isResizeable=true minWidth=-1 minHeight=-1 defaultMinSize=220 token=WCT{RemoteToken{eebe333 Task{23a45cb #84584 type=standard A=10707:com.annieworks.AnnieWalkingLog}}} topActivityType=1 pictureInPictureParams=null shouldDockBigOverlays=false launchIntoPipHostTaskId=-1 lastParentTaskIdBeforePip=-1 displayCutoutSafeInsets=Rect(0, 118 - 0, 0) topActivityInfo=null launchCookies=[] positionInParent=Point(0, 0) parentTaskId=-1 isFocused=false isVisible=true isVisibleRequested=false isSleeping=false topActivityInSizeCompat=false topActivityInOplusCompatMode=false topActivityEligibleForLetterboxEducation= false topActivityLetterboxed= false isFromDoubleTap= false topActivityLetterboxVerticalPosition= -1 topActivityLetterboxHorizontalPosition= -1 topActivityLetterboxWidth=-1 topActivityLetterboxHeight=-1 locusId=null displayAreaFeatureId=1 cameraCompatControlState=hidden locusId= null topActivityLetterboxInsets=Rect(0, 0 - 0, 0)} task:Task{23a45cb #84584 type=standard A=10707:com.annieworks.AnnieWalkingLog}
06-14 15:54:29.176 D/UsageStatsService( 2066): User[0] type=0 b=1781420039172 e=1781420079172 cb=1781348849473 ce=1781420069127 disk=0 all=3
06-14 15:54:29.176 I/TaskOrganizerController( 2066): onTaskInfoChanged taskid 1 config { mBounds=Rect(0, 0 - 1080, 2400) mAppBounds=Rect(0, 118 - 1080, 2288) mMaxBounds=Rect(0, 0 - 1080, 2400) mDisplayRotation=ROTATION_0 mWindowingMode=fullscreen mDisplayWindowingMode=fullscreen mActivityType=home mAlwaysOnTop=undefined mRotation=ROTATION_0}
06-14 15:54:29.176 D/FlexibleWindowManager( 2066): onFlexibleWindowTaskInfoChanged: mTaskId = 1 oldIsTaskEmbedded = false   curIsTaskEmbedded = false  topActivity = ComponentInfo{com.android.launcher/com.android.launcher.Launcher}
06-14 15:54:29.176 D/OplusFlexibleWindowMinimizedManagerHelper( 2066): onTaskInfoChanged taskInfo:TaskInfo{userId=0 taskId=1 displayId=0 isRunning=true baseIntent=Intent { act=android.intent.action.MAIN cat=[android.intent.category.HOME] flg=0x10000100 cmp=com.android.launcher/.Launcher mCallingUid=1000 } baseActivity=ComponentInfo{com.android.launcher/com.android.launcher.Launcher} topActivity=ComponentInfo{com.android.launcher/com.android.launcher.Launcher} origActivity=null realActivity=null numActivities=1 lastActiveTime=69654 supportsSplitScreenMultiWindow=false supportsMultiWindow=true supportsPocketStudioMultiWindow=true isInFlexibleEmbedded = false uid = 10187 pid = 3730 resizeMode=2 isResizeable=true minWidth=-1 minHeight=-1 defaultMinSize=220 token=WCT{RemoteToken{1f84488 Task{fc6a80d #1 type=home}}} topActivityType=2 pictureInPictureParams=null shouldDockBigOverlays=false launchIntoPipHostTaskId=-1 lastParentTaskIdBeforePip=-1 displayCutoutSafeInsets=Rect(0, 118 - 0, 0) topActivityInfo=ActivityInfo{8f50f61 com.android.launcher.Launcher} launchCookies=[] positionInParent=Point(0, 0) parentTaskId=-1 isFocused=true isVisible=false isVisibleRequested=false isSleeping=false topActivityInSizeCompat=false topActivityInOplusCompatMode=false topActivityEligibleForLetterboxEducation= false topActivityLetterboxed= false isFromDoubleTap= false topActivityLetterboxVerticalPosition= -1 topActivityLetterboxHorizontalPosition= -1 topActivityLetterboxWidth=-1 topActivityLetterboxHeight=-1 locusId=LocusId[17_chars] displayAreaFeatureId=1 cameraCompatControlState=hidden locusId= LocusId[17_chars] topActivityLetterboxInsets=Rect(0, 0 - 0, 0)} task:Task{fc6a80d #1 type=home}
06-14 15:54:29.177 D/Layer   ( 1374): reparent to null sequence=30968, seq[1], name=Surface(name=4b4f2c StatusBar)/@0x81858cb - animation-leash of insets_animation#30968
06-14 15:54:29.177 D/Layer   ( 1374): reparent to null sequence=30969, seq[2], name=Surface(name=6163f5f NavigationBar_displayId_0)/@0x56dd8a8 - animation-leash of insets_animation#30969
06-14 15:54:29.186 D/DropBoxManagerService( 2066): file :: /data/system/dropbox/data_app_crash@1781420069165.txt
06-14 15:54:29.190 E/.oplus.crashbox(12326): Unknown bits set in runtime_flags: 0x40000000
06-14 15:54:29.191 I/.oplus.crashbox(12326): Using generational CollectorTypeCC GC.
06-14 15:54:29.191 D/ShellTaskOrganizer( 3476): dispatchTaskEventToClientIfNeed, eventType:2, taskInfo:TaskInfo{userId=0 taskId=84584 displayId=0 isRunning=false baseIntent=Intent { act=android.intent.action.MAIN cat=[android.intent.category.LAUNCHER] flg=0x10200000 cmp=com.annieworks.AnnieWalkingLog/.MainActivity mCallingUid=10187 } baseActivity=null topActivity=null origActivity=null realActivity=ComponentInfo{com.annieworks.AnnieWalkingLog/com.annieworks.AnnieWalkingLog.MainActivity} numActivities=0 lastActiveTime=467144775 supportsSplitScreenMultiWindow=true supportsMultiWindow=true supportsPocketStudioMultiWindow=true isInFlexibleEmbedded = false uid = -1 pid = -1 resizeMode=1 isResizeable=true minWidth=-1 minHeight=-1 defaultMinSize=220 token=WCT{android.window.IWindowContainerToken$Stub$Proxy@5ef0fd6} topActivityType=1 pictureInPictureParams=null shouldDockBigOverlays=false launchIntoPipHostTaskId=-1 lastParentTaskIdBeforePip=-1 displayCutoutSafeInsets=Rect(0, 118 - 0, 0) topActivityInfo=null launchCookies=[] positionInParent=Point(0, 0) parentTaskId=-1 isFocused=false isVisible=true isVisibleRequested=false isSleeping=false topActivityInSizeCompat=false topActivityInOplusCompatMode=false topActivityEligibleForLetterboxEducation= false topActivityLetterboxed= false isFromDoubleTap= false topActivityLetterboxVerticalPosition= -1 topActivityLetterboxHorizontalPosition= -1 topActivityLetterboxWidth=-1 topActivityLetterboxHeight=-1 locusId=null displayAreaFeatureId=1 cameraCompatControlState=hidden locusId= null topActivityLetterboxInsets=Rect(0, 0 - 0, 0)}, leash:null
06-14 15:54:29.192 D/ShellTaskOrganizerExt( 3476): visibleFlexibleTaskInfos delete:84584
06-14 15:54:29.192 D/ShellTaskOrganizer( 3476): dispatchTaskEventToClientIfNeed, eventType:2, taskInfo:TaskInfo{userId=0 taskId=1 displayId=0 isRunning=true baseIntent=Intent { act=android.intent.action.MAIN cat=[android.intent.category.HOME] flg=0x10000100 cmp=com.android.launcher/.Launcher mCallingUid=1000 } baseActivity=ComponentInfo{com.android.launcher/com.android.launcher.Launcher} topActivity=ComponentInfo{com.android.launcher/com.android.launcher.Launcher} origActivity=null realActivity=null numActivities=1 lastActiveTime=69654 supportsSplitScreenMultiWindow=false supportsMultiWindow=true supportsPocketStudioMultiWindow=true isInFlexibleEmbedded = false uid = 10187 pid = 3730 resizeMode=2 isResizeable=true minWidth=-1 minHeight=-1 defaultMinSize=220 token=WCT{android.window.IWindowContainerToken$Stub$Proxy@3212257} topActivityType=2 pictureInPictureParams=null shouldDockBigOverlays=false launchIntoPipHostTaskId=-1 lastParentTaskIdBeforePip=-1 displayCutoutSafeInsets=Rect(0, 118 - 0, 0) topActivityInfo=ActivityInfo{3dc5144 com.android.launcher.Launcher} launchCookies=[] positionInParent=Point(0, 0) parentTaskId=-1 isFocused=true isVisible=false isVisibleRequested=false isSleeping=false topActivityInSizeCompat=false topActivityInOplusCompatMode=false topActivityEligibleForLetterboxEducation= false topActivityLetterboxed= false isFromDoubleTap= false topActivityLetterboxVerticalPosition= -1 topActivityLetterboxHorizontalPosition= -1 topActivityLetterboxWidth=-1 topActivityLetterboxHeight=-1 locusId=LocusId[17_chars] displayAreaFeatureId=1 cameraCompatControlState=hidden locusId= LocusId[17_chars] topActivityLetterboxInsets=Rect(0, 0 - 0, 0)}, leash:null
06-14 15:54:29.192 D/ShellTaskOrganizerExt( 3476): visibleFlexibleTaskInfos delete:1
06-14 15:54:29.198 D/callGcSupression(12250): java.lang.NullPointerException: Attempt to invoke virtual method 'java.lang.Object java.lang.reflect.Method.invoke(java.lang.Object, java.lang.Object[])' on a null object reference
06-14 15:54:29.198 D/ScrollOptim [SceneManager](12250): updateCurrentActivity: mCurrentActivityName=null, isOptEnable=true, isAnimAheadEnable=true, isFrameInsertEnable=true, InsertNum=1, isEnabledForScrollChanged=false
06-14 15:54:29.199 I/ActivityManager( 2066): hookHandleApplicationCrashBeforeInner do not showErrorDialog shouldThottle= false
06-14 15:54:29.199 W/unknown:BridgelessReact(12250): ReactHost{0}.onHostPause(activity)
06-14 15:54:29.199 W/unknown:BridgelessReact(12250): ReactContext.onHostPause()
06-14 15:54:29.199 D/OplusLayer( 1374): setGameMode a781c46 InputMethod#116, gameMode 0, parentLayer Surface(name=a781c46 InputMethod)/@0x172b7f5 - animation-leash of insets_animation#30956.
06-14 15:54:29.199 D/OplusLayer( 1374): setGameMode Surface(name=a781c46 InputMethod)/@0x172b7f5 - animation-leash of insets_animation#30956, gameMode 0, parentLayer WindowToken{408af3a type=2011 android.os.Binder@9a90665}#114.
06-14 15:54:29.199 D/Layer   ( 1374): reparent to null sequence=30956, seq[3], name=Surface(name=a781c46 InputMethod)/@0x172b7f5 - animation-leash of insets_animation#30956
06-14 15:54:29.200 I/BpBinder( 1374): onLastStrongRef automatically unlinking death recipients: 
06-14 15:54:29.200 E/OplusThermalStats( 2066): Error getting package info: com.android.launcher
06-14 15:54:29.200 D/SurfaceFlinger( 1374): Find Focus windowName=<null>, notVisible=1
06-14 15:54:29.200 D/Layer   ( 1374): Focus: Task=84583#30905 isHiddenByPolicy s.flags&layer_state_t::eLayerHidden=1
06-14 15:54:29.200 D/Layer   ( 1374): Focus: isHiddenByPolicy parent Task=84583#30905 is hidden cause not visible
06-14 15:54:29.200 D/SurfaceFlinger( 1374): Focus inVisible Reason:isVisibleForInput(){hasInputInfo()?canReceiveInput():isVisible()}=0 has=1 can{!isHiddenByPolicy()&&(mBuffer==nullptr||getAlpha()>0.0f)}=0 Hidden=1 Buf=1 getA=1
06-14 15:54:29.200 D/SurfaceFlinger( 1374): Find Focus windowName=<null>, notVisible=1
06-14 15:54:29.200 D/Layer   ( 1374): Focus: Task=84561#27815 isHiddenByPolicy s.flags&layer_state_t::eLayerHidden=1
06-14 15:54:29.200 D/Layer   ( 1374): Focus: isHiddenByPolicy parent Task=84561#27815 is hidden cause not visible
06-14 15:54:29.200 D/SurfaceFlinger( 1374): Focus inVisible Reason:isVisibleForInput(){hasInputInfo()?canReceiveInput():isVisible()}=0 has=1 can{!isHiddenByPolicy()&&(mBuffer==nullptr||getAlpha()>0.0f)}=0 Hidden=1 Buf=1 getA=1
06-14 15:54:29.200 D/SurfaceFlinger( 1374): Find Focus windowName=<null>, notVisible=1
06-14 15:54:29.200 D/Layer   ( 1374): Focus: Task=84581#30841 isHiddenByPolicy s.flags&layer_state_t::eLayerHidden=1
06-14 15:54:29.200 D/Layer   ( 1374): Focus: isHiddenByPolicy parent Task=84581#30841 is hidden cause not visible
06-14 15:54:29.200 D/SurfaceFlinger( 1374): Focus inVisible Reason:isVisibleForInput(){hasInputInfo()?canReceiveInput():isVisible()}=0 has=1 can{!isHiddenByPolicy()&&(mBuffer==nullptr||getAlpha()>0.0f)}=0 Hidden=1 Buf=1 getA=1
06-14 15:54:29.200 D/SurfaceFlinger( 1374): Find Focus windowName=<null>, notVisible=1
06-14 15:54:29.200 D/Layer   ( 1374): Focus: Task=84529#24665 isHiddenByPolicy s.flags&layer_state_t::eLayerHidden=1
06-14 15:54:29.200 D/Layer   ( 1374): Focus: isHiddenByPolicy parent Task=84529#24665 is hidden cause not visible
06-14 15:54:29.200 D/SurfaceFlinger( 1374): Focus inVisible Reason:isVisibleForInput(){hasInputInfo()?canReceiveInput():isVisible()}=0 has=1 can{!isHiddenByPolicy()&&(mBuffer==nullptr||getAlpha()>0.0f)}=0 Hidden=1 Buf=1 getA=1
06-14 15:54:29.200 D/SurfaceFlinger( 1374): Find Focus windowName=<null>, notVisible=1
06-14 15:54:29.200 D/Layer   ( 1374): Focus: Task=84404#11534 isHiddenByPolicy s.flags&layer_state_t::eLayerHidden=1
06-14 15:54:29.200 D/Layer   ( 1374): Focus: isHiddenByPolicy parent Task=84404#11534 is hidden cause not visible
06-14 15:54:29.200 D/SurfaceFlinger( 1374): Focus inVisible Reason:isVisibleForInput(){hasInputInfo()?canReceiveInput():isVisible()}=0 has=1 can{!isHiddenByPolicy()&&(mBuffer==nullptr||getAlpha()>0.0f)}=0 Hidden=1 Buf=1 getA=1
06-14 15:54:29.200 D/SurfaceFlinger( 1374): Find Focus windowName=<null>, notVisible=1
06-14 15:54:29.200 D/Layer   ( 1374): Focus: Task=84522#24156 isHiddenByPolicy s.flags&layer_state_t::eLayerHidden=1
06-14 15:54:29.200 D/Layer   ( 1374): Focus: isHiddenByPolicy parent Task=84522#24156 is hidden cause not visible
06-14 15:54:29.200 D/SurfaceFlinger( 1374): Focus inVisible Reason:isVisibleForInput(){hasInputInfo()?canReceiveInput():isVisible()}=0 has=1 can{!isHiddenByPolicy()&&(mBuffer==nullptr||getAlpha()>0.0f)}=0 Hidden=1 Buf=1 getA=1
06-14 15:54:29.200 D/SurfaceFlinger( 1374): Find Focus windowName=<null>, notVisible=1
06-14 15:54:29.200 D/Layer   ( 1374): Focus: Task=84520#24010 isHiddenByPolicy s.flags&layer_state_t::eLayerHidden=1
06-14 15:54:29.200 D/Layer   ( 1374): Focus: isHiddenByPolicy parent Task=84520#24010 is hidden cause not visible
06-14 15:54:29.200 D/SurfaceFlinger( 1374): Focus inVisible Reason:isVisibleForInput(){hasInputInfo()?canReceiveInput():isVisible()}=0 has=1 can{!isHiddenByPolicy()&&(mBuffer==nullptr||getAlpha()>0.0f)}=0 Hidden=1 Buf=1 getA=1
06-14 15:54:29.200 D/SurfaceFlinger( 1374): Find Focus windowName=<null>, notVisible=1
06-14 15:54:29.200 D/Layer   ( 1374): Focus: Task=84526#24439 isHiddenByPolicy s.flags&layer_state_t::eLayerHidden=1
06-14 15:54:29.200 D/Layer   ( 1374): Focus: isHiddenByPolicy parent Task=84526#24439 is hidden cause not visible
06-14 15:54:29.200 D/SurfaceFlinger( 1374): Focus inVisible Reason:isVisibleForInput(){hasInputInfo()?canReceiveInput():isVisible()}=0 has=1 can{!isHiddenByPolicy()&&(mBuffer==nullptr||getAlpha()>0.0f)}=0 Hidden=1 Buf=1 getA=1
06-14 15:54:29.200 D/SurfaceFlinger( 1374): Find Focus windowName=<null>, notVisible=1
06-14 15:54:29.200 D/Layer   ( 1374): Focus: Task=84551#26524 isHiddenByPolicy s.flags&layer_state_t::eLayerHidden=1
06-14 15:54:29.200 D/Layer   ( 1374): Focus: isHiddenByPolicy parent Task=84551#26524 is hidden cause not visible
06-14 15:54:29.200 D/SurfaceFlinger( 1374): Focus inVisible Reason:isVisibleForInput(){hasInputInfo()?canReceiveInput():isVisible()}=0 has=1 can{!isHiddenByPolicy()&&(mBuffer==nullptr||getAlpha()>0.0f)}=0 Hidden=1 Buf=1 getA=1
06-14 15:54:29.200 D/SurfaceFlinger( 1374): Find Focus windowName=<null>, notVisible=1
06-14 15:54:29.200 D/Layer   ( 1374): Focus: Task=84480#19853 isHiddenByPolicy s.flags&layer_state_t::eLayerHidden=1
06-14 15:54:29.200 D/Layer   ( 1374): Focus: isHiddenByPolicy parent Task=84480#19853 is hidden cause not visible
06-14 15:54:29.200 D/SurfaceFlinger( 1374): Focus inVisible Reason:isVisibleForInput(){hasInputInfo()?canReceiveInput():isVisible()}=0 has=1 can{!isHiddenByPolicy()&&(mBuffer==nullptr||getAlpha()>0.0f)}=0 Hidden=1 Buf=1 getA=1
06-14 15:54:29.200 D/SurfaceFlinger( 1374): Find Focus windowName=<null>, notVisible=1
06-14 15:54:29.200 D/Layer   ( 1374): Focus: Task=84480#19853 isHiddenByPolicy s.flags&layer_state_t::eLayerHidden=1
06-14 15:54:29.200 D/Layer   ( 1374): Focus: isHiddenByPolicy parent Task=84480#19853 is hidden cause not visible
06-14 15:54:29.200 D/SurfaceFlinger( 1374): Focus inVisible Reason:isVisibleForInput(){hasInputInfo()?canReceiveInput():isVisible()}=0 has=1 can{!isHiddenByPolicy()&&(mBuffer==nullptr||getAlpha()>0.0f)}=0 Hidden=1 Buf=1 getA=1
06-14 15:54:29.200 D/SurfaceFlinger( 1374): Find Focus windowName=<null>, notVisible=1
06-14 15:54:29.200 D/Layer   ( 1374): Focus: Task=84580#30778 isHiddenByPolicy s.flags&layer_state_t::eLayerHidden=1
06-14 15:54:29.200 D/Layer   ( 1374): Focus: isHiddenByPolicy parent Task=84580#30778 is hidden cause not visible
06-14 15:54:29.200 D/SurfaceFlinger( 1374): Focus inVisible Reason:isVisibleForInput(){hasInputInfo()?canReceiveInput():isVisible()}=0 has=1 can{!isHiddenByPolicy()&&(mBuffer==nullptr||getAlpha()>0.0f)}=0 Hidden=1 Buf=1 getA=1
06-14 15:54:29.200 D/SurfaceFlinger( 1374): Find Focus windowName=<null>, notVisible=1
06-14 15:54:29.200 D/Layer   ( 1374): Focus: Task=1#48 isHiddenByPolicy s.flags&layer_state_t::eLayerHidden=1
06-14 15:54:29.200 D/Layer   ( 1374): Focus: isHiddenByPolicy parent Task=1#48 is hidden cause not visible
06-14 15:54:29.200 D/SurfaceFlinger( 1374): Focus inVisible Reason:isVisibleForInput(){hasInputInfo()?canReceiveInput():isVisible()}=0 has=1 can{!isHiddenByPolicy()&&(mBuffer==nullptr||getAlpha()>0.0f)}=0 Hidden=1 Buf=1 getA=1
06-14 15:54:29.200 D/SurfaceFlinger( 1374): Find Focus windowName=<null>, notVisible=1
06-14 15:54:29.200 D/Layer   ( 1374): Focus: com.android.systemui.wallpapers.ImageWallpaper#80 isHiddenByPolicy s.flags&layer_state_t::eLayerHidden=1
06-14 15:54:29.200 D/Layer   ( 1374): Focus: isHiddenByPolicy parent com.android.systemui.wallpapers.ImageWallpaper#80 is hidden cause not visible
06-14 15:54:29.200 D/SurfaceFlinger( 1374): Focus inVisible Reason:isVisibleForInput(){hasInputInfo()?canReceiveInput():isVisible()}=0 has=1 can{!isHiddenByPolicy()&&(mBuffer==nullptr||getAlpha()>0.0f)}=0 Hidden=1 Buf=0 getA=1
06-14 15:54:29.201 D/SurfaceFlinger( 1374): updateWinowInfo=1, setFocusedWindow timestamp=355423921603425, windowName=<null>
06-14 15:54:29.202 I/[UAH_CLIENT]( 1231): UahPlatformResAcquire
06-14 15:54:29.202 I/[UAH_CLIENT]( 1231): UahEventAcquire, cmdid:-3, pkg:2066 4827, identity:qcom-perfd
06-14 15:54:29.202 I/InputDispatcher( 2066): updateFocusedWindow,  on display 0, reason: NO_WINDOW, result:   FocusedWindows: <none>
06-14 15:54:29.202 I/Process (12250): Sending signal. PID: 12250 SIG: 9
06-14 15:54:29.203 D/ZoomController( 3476): onTaskMovedToFront, task id:5
06-14 15:54:29.203 I/ZoomUiController( 3476): FloatHandle-isFloatHandleShow mPackageName = null
06-14 15:54:29.204 V/SensorManager( 2066): call sensorServiceCommonInterface name: setScreenShotDisable
06-14 15:54:29.204 D/SensorServiceExtImpl( 2066): sensorServiceCommonInterface funcName = setScreenShotDisable, flag = 0, status = 0
06-14 15:54:29.204 I/OplusHansManager ( 2066): front pkg: com.android.launcher, uid: 10187, prev pkg: com.annieworks.AnnieWalkingLog, prev uid: 10707
06-14 15:54:29.205 D/SurfaceFlinger( 1374): VRR [SurfaceFlinger] setDesiredDisplayModeSpecs, from process 2066, 1, 0, primaryRanges = [ 90.000000, 90.000000, 90.000000, 90.000000 ], appRequestRanges = [ 90.000000, 90.000000, 90.000000 90.000000 ]
06-14 15:54:29.206 I/RefreshRateSelector( 1374): Display 4630946962717273473 policy changed
06-14 15:54:29.206 I/RefreshRateSelector( 1374): Previous: {defaultModeId=0, allowGroupSwitching=false, primaryRanges={physical=[0.00 Hz, inf Hz], render=[0.00 Hz, 90.00 Hz]}, appRequestRanges={physical=[0.00 Hz, inf Hz], render=[0.00 Hz, 90.00 Hz]}}
06-14 15:54:29.206 I/RefreshRateSelector( 1374): Current:  DisplayManagerPolicy{defaultModeId=1, allowGroupSwitching=false, primaryRanges={physical=[90.00 Hz, 90.00 Hz], render=[90.00 Hz, 90.00 Hz]}, appRequestRanges={physical=[90.00 Hz, 90.00 Hz], render=[90.00 Hz, 90.00 Hz]}}
06-14 15:54:29.206 I/RefreshRateSelector( 1374): 4 mode changes were performed under the previous policy
06-14 15:54:29.206 E/ANDR-PERF-RESOURCEQS( 1231): Resource with major=15, minor=1 not supported
06-14 15:54:29.206 E/ANDR-PERF-RESOURCEQS( 1231): Resource with major=15, minor=1 not supported
06-14 15:54:29.206 E/ANDR-PERF-RESOURCEQS( 1231): Resource with major=15, minor=0 not supported
06-14 15:54:29.206 E/ANDR-PERF-RESOURCEQS( 1231): Resource with major=15, minor=0 not supported
06-14 15:54:29.207 W/ComposerExtn( 1374): DisplayExtnImpl::SetActiveConfig: HWC Display 0 is not registered!
06-14 15:54:29.207 D/SurfaceFlinger( 1374): VRR [SurfaceFlinger] applyRefreshRateSelectorPolicy: 1 (90.00 Hz), policy: {defaultModeId=1, allowGroupSwitching=false, primaryRanges={physical=[90.00 Hz, 90.00 Hz], render=[90.00 Hz, 90.00 Hz]}, appRequestRanges={physical=[90.00 Hz, 90.00 Hz], render=[90.00 Hz, 90.00 Hz]}}
06-14 15:54:29.207 D/SurfaceFlinger( 1374): VRR [SurfaceFlinger] setDesiredActiveMode: 90, event: 1 ,displayid = 4630946962717273473
06-14 15:54:29.208 D/ActivityTaskManager( 2066): setVisibility(Token{36d245e ActivityRecord{98822e0 u0 com.android.launcher/.Launcher t5}}, visible=true) defer commitVisibility for transition collecting
06-14 15:54:29.208 D/lowmemorykiller(  647): medium pressure event polling check
06-14 15:54:29.208 D/VRI[Launcher]( 3730): dispatchAppVisibility visible:true
06-14 15:54:29.208 D/lowmemorykiller(  647): thrashing: 0% thrashing_limit: 30%
06-14 15:54:29.209 I/Osense-BaseDecisionMaker( 2066): notifySceneToAthenaPolicy: SCENE_LAUNCHER, bundle: Bundle[{prevPkgName=com.annieworks.AnnieWalkingLog, curUid=10187, curPkgName=com.android.launcher, prevUid=10707}]
06-14 15:54:29.209 E/lowmemorykiller(  647): calc_zone_watermarks pgskip_deltas_val: 0 pgskip_deltas[PGSKIP_IDX(i++)]: 0
06-14 15:54:29.209 E/lowmemorykiller(  647): adj:1001 file_cache:338847 free:132765
06-14 15:54:29.209 E/lowmemorykiller(  647): device has enough memory 1917540Kib, and freeMemory 531564Kib, disable killing(limit_killing:819200Kib)
06-14 15:54:29.209 I/OplusResourcePreloadManager( 2066): resume pkg: com.android.launcher, uid:10187, prev pkg: com.annieworks.AnnieWalkingLog, prev uid: 10707
06-14 15:54:29.209 D/VRI[GoogleDiscoverWindow](23065): dispatchAppVisibility visible:true
06-14 15:54:29.209 I/Osense-BaseDecisionMaker( 2066): scene: SCENE_LAUNCHER, excutingPolicy: clear
06-14 15:54:29.209 D/Osense-BaseDecisionMaker( 2066): invoke clear policy,type: smart-force
06-14 15:54:29.210 W/ANDR-PERF-LM( 1231): MetaMeter: handlePrimaryAsync() 118: AdaptLaunch MetaMeter. No MeterMgr Available to handle this Primary Async. !!!!
06-14 15:54:29.210 W/ANDR-PERF-LM( 1231): MetaMeter: handlePrimaryAsync() 118: AdaptLaunch MetaMeter. No MeterMgr Available to handle this Primary Async. !!!!
06-14 15:54:29.211 I/InputDispatcher( 2066): NFW_setFocusedWindow, <null> on display 0, same as the previous:1
06-14 15:54:29.211 D/InputDispatcher( 2066): setFocusedWindow <null> on display 0 ignored, reason: already focused
06-14 15:54:29.211 I/OsenseKillAction( 2066): KillAction: [atomic clean] start name=lowmem, requestId=1996, startAvail=1872, startFreeMB=518, purposeAvailMB=2200, purposeFreeMB=-1, anonRssTarget=328, swapTarget=0, scene=SCENE_LAUNCHER, type=smart-force, qb=false, cchOnly=false, urgency=false, hoggingCpuPids={}, invalid-cnt=0
06-14 15:54:29.213 D/ActivityTaskManager( 2066): NFW_setLastResumedActivityUncheckLocked:false r:ActivityRecord{98822e0 u0 com.android.launcher/.Launcher t5} currentFocus:null
06-14 15:54:29.214 I/OplusJoystickManager( 2066): handleApplicationSwitch deprecated!
06-14 15:54:29.215 D/OplusAppSwitchListener( 2066): Detect com.annieworks.AnnieWalkingLog switch to background
06-14 15:54:29.215 D/OplusFeatureReduceBrightness( 2066): onAppExit , info = com.annieworks.AnnieWalkingLog
06-14 15:54:29.215 D/WindowManager( 2066): updateOrientation: mLastOrientation = SCREEN_ORIENTATION_PORTRAIT(1) newOrientation = SCREEN_ORIENTATION_NOSENSOR(5) forceUpdate = true LastOrientationSource = ActivityRecord{98822e0 u0 com.android.launcher/.Launcher t5}
06-14 15:54:29.215 D/WindowManager( 2066): rotation(ROTATION_0) no changed.
06-14 15:54:29.215 I/TaskFragmentExtImpl( 2066): hookSetBinderUxFlag:true prev:ActivityRecord{98822e0 u0 com.android.launcher/.Launcher t5}
06-14 15:54:29.216 D/TaskFragmentExtImpl( 2066): addColorModeOnResume resume=true pkg = com.android.launcher
06-14 15:54:29.216 I/TaskFragmentExtImpl( 2066): hookSetBinderUxFlag:false prev:ActivityRecord{98822e0 u0 com.android.launcher/.Launcher t5}
06-14 15:54:29.216 D/callGcSupression( 3730): java.lang.NullPointerException: Attempt to invoke virtual method 'java.lang.Object java.lang.reflect.Method.invoke(java.lang.Object, java.lang.Object[])' on a null object reference
06-14 15:54:29.216 D/ActivityTaskManager( 2066): setVisibility(Token{36d245e ActivityRecord{98822e0 u0 com.android.launcher/.Launcher t5}}, visible=true) defer commitVisibility for transition collecting
06-14 15:54:29.216 D/callGcSupression( 3730): java.lang.NullPointerException: Attempt to invoke virtual method 'java.lang.Object java.lang.reflect.Method.invoke(java.lang.Object, java.lang.Object[])' on a null object reference
06-14 15:54:29.216 D/VRI[Launcher]( 3730): setWindowStopped stopped:false
06-14 15:54:29.218 D/OplusEapManager( 2066): mTargetExitName :com.annieworks.AnnieWalkingLog
06-14 15:54:29.221 D/VRR [OPlusRefreshRateService]( 2066): handleFrontAppChange pkgName: null
06-14 15:54:29.221 V/DCSEX-AppSwitchManager( 3423): OnAppSwitchObserver: onAppExit, resuming = com.android.launcher, target = com.annieworks.AnnieWalkingLog, is ResumingFirstStart =  false, is ResumingMultiApp =  false, extensionInfo =  Bundle[mParcelledData.dataSize=84]
06-14 15:54:29.221 D/DCSEX-AppLaunchEventRecorder( 3423): onAppSwitch from = com.annieworks.AnnieWalkingLog to = com.android.launcher
06-14 15:54:29.224 D/ScrollOptim [SceneManager]( 3730): updateCurrentActivity: mCurrentActivityName=com.android.launcher.Launcher, isOptEnable=true, isAnimAheadEnable=true, isFrameInsertEnable=true, InsertNum=1, isEnabledForScrollChanged=false
06-14 15:54:29.224 D/ActivityThread( 3730): ComponentInfo{com.android.launcher/com.android.launcher.Launcher} checkFinished=false 2
06-14 15:54:29.224 D/ResourcesManagerExtImpl( 3730): applyConfigurationToAppResourcesLocked app.getDisplayId() return callback.displayId:0
06-14 15:54:29.225 D/LauncherClient( 3730): getThreadPriority -10
06-14 15:54:29.228 D/ViewRootImplExtImpl( 3730): wrapConfigInfoIntoFlags rotation=0, smallestScreenWidthDp=424, relayoutAsync=false, newFlags=27787264, title=com.android.launcher/com.android.launcher.Launcher
06-14 15:54:29.229 D/WindowManagerServiceExtImpl( 2066): extractConfigInfoAndRealFlags rotation=0, screenDp=424, win=Window{7be6eaf u0 com.android.launcher/com.android.launcher.Launcher}
06-14 15:54:29.229 V/WindowManager( 2066): Relayout Window{7be6eaf u0 com.android.launcher/com.android.launcher.Launcher}: viewVisibility=0, oldvis=8, req=1080x2400, vsysui=LAYOUT_STABLE LAYOUT_HIDE_NAVIGATION LAYOUT_FULLSCREEN
06-14 15:54:29.229 I/WindowManager( 2066): Window{7be6eaf u0 com.android.launcher/com.android.launcher.Launcher} state from NO_SURFACE to DRAW_PENDING; reason: resetDrawState
06-14 15:54:29.230 D/OplusLayer( 1374): setProcInfo (30974,com.android.launcher/com.android.launcher.Launcher#30974,com.android.launcher)
06-14 15:54:29.232 D/nativeloader(12326): Load libframework-connectivity-tiramisu-jni.so using APEX ns com_android_tethering for caller /apex/com.android.tethering/javalib/framework-connectivity-t.jar: ok
06-14 15:54:29.237 V/WindowManager( 2066): Changing focus from null to Window{7be6eaf u0 com.android.launcher/com.android.launcher.Launcher},diplayid=0
06-14 15:54:29.241 W/Battery ( 6222): ThermalControlUtils: mForegroundPkg=com.android.launcher
06-14 15:54:29.242 E/OsenseKillAction( 2066): KillAction: find invalid process: com.annieworks.AnnieWalkingLog:12250
06-14 15:54:29.242 D/OplusAppSwitchListener( 2066): Detect com.android.launcher switch to foreground
06-14 15:54:29.242 D/Theia.NoFocusWindow( 2066): FocusWindowErrorScene cancelCheckFreezeScreen
06-14 15:54:29.242 W/TheiaWindowMonitor( 2066): [check] focusedWindow is null or enable is false
06-14 15:54:29.242 D/OplusEapManager( 2066): mTargetEnterName :com.android.launcher
06-14 15:54:29.242 D/OplusLatencyOptimizerManager( 2066): enter pkg: com.android.launcher isPrevBlackAppTop: false mIsBlackAppTop: false
06-14 15:54:29.243 D/VRR [OPlusFrontAppManager]( 2066): OnAppSwitchObserver: onAppEnter , info.targetName = com.android.launcher
06-14 15:54:29.243 D/OplusActivityThreadExtImpl(12326): java.lang.NoSuchMethodException: dalvik.system.VMRuntime.SupressionGC [int, int]
06-14 15:54:29.243 W/OplusExSystemServiceHelper(25306): checkOplusExSystemService intent getComponent is null
06-14 15:54:29.243 D/VRI[Launcher]( 3730): relayoutWindow result, sizeChanged:false, surfaceControlChanged:true, transformHintChanged:false, mSurfaceSize:Point(1080, 2400), mLastSurfaceSize:Point(1080, 2400), mWidth:1080, mHeight:2400, requestedWidth:1080, requestedHeight:2400, transformHint:0, lastTransformHint:0, installOrientation:0, displayRotation:0, isSurfaceValid:true, attr.flag:-2121203456, useBlast:true, tmpFrames:ClientWindowFrames{frame=[0,0][1080,2400] display=[0,0][1080,2400] parentFrame=[0,0][0,0]}
06-14 15:54:29.243 I/Athena  ( 3978): AthenaDynamicReceiver: pre_app:com.annieworks.AnnieWalkingLog, next_app:com.android.launcher(10187|3730)
06-14 15:54:29.243 I/Athena  ( 2066): RecordAppChangeAction: updateRecentlyUsedApp bgAppRecord=packageName:com.annieworks.AnnieWalkingLog, uid:10707, userId:0, isTop=false, fgElapsedTime=467144125, bgElapsedTime=467144853, fgElapsedDur=728, bgElapsedDur=0
06-14 15:54:29.243 D/BoundBrokerSvc(25306): onBind: Intent { act=com.google.android.gms.signin.service.START pkg=com.google.android.gms mCallingUid=10297 }
06-14 15:54:29.243 D/BoundBrokerSvc(25306): Loading bound service for intent: Intent { act=com.google.android.gms.signin.service.START pkg=com.google.android.gms mCallingUid=10297 }
06-14 15:54:29.243 W/VRI[Launcher]( 3730): updateBlastSurfaceIfNeeded, surfaceSize:Point(1080, 2400), lastSurfaceSize:Point(1080, 2400), format:-2, blastBufferQueue:null
06-14 15:54:29.244 D/VRR [OPlusRefreshRateService]( 2066): handleFrontAppChange pkgName: com.android.launcher
06-14 15:54:29.244 D/BufferQueueConsumer( 3730): [](id:e9200000221,api:0,p:-1,c:3730) connect: controlledByApp=false
06-14 15:54:29.244 I/OsenseKillAction( 2066): KillAction: oops, can not find client pi: ProcessRecord{9979466 12250:com.annieworks.AnnieWalkingLog/u0a707}
06-14 15:54:29.243 I/Athena  ( 2066): RecordAppChangeAction: updateRecentlyUsedApp fgAppRecord=packageName:com.android.launcher, uid:10187, userId:0, isTop=true, fgElapsedTime=467144853, bgElapsedTime=0, fgElapsedDur=467144854, bgElapsedDur=0
06-14 15:54:29.245 W/libc    (12326): Access denied finding property "persist.vendor.sys.activitylog"
06-14 15:54:29.246 I/OsenseKillAction( 2066): KillAction: group process done, total=4ms, firstLoop=2ms, updateProcessInfo=1ms, idleList=1ms
06-14 15:54:29.246 I/OsenseKillAction( 2066): scanCchEmptyProc: skip ProcessInfo{19646:com.facebook.services/u0a230 oom:SVC/24/800/started-services mem:17/29/35 extra:466s/true/false/1/7/false}: treat-like-active
06-14 15:54:29.246 I/OsenseKillAction( 2066): scanCchEmptyProc: skip ProcessInfo{11827:com.adamrocker.android.input.simeji:heart/u0a294 oom:SVC/25/915/cch-started-services mem:27/29/54 extra:418s/false/false/1/0/false}: allow-svc-restart
06-14 15:54:29.246 D/BufferQueueProducer( 3730): [VRI[Launcher]#433(BLAST Consumer)433](id:e9200000221,api:1,p:3730,c:3730) connect: api=1 producerControlledByApp=true
06-14 15:54:29.246 I/OsenseKillAction( 2066): scanCchEmptyProc: skip ProcessInfo{20484:com.android.chrome:privileged_process0/u0a139 oom:CACC/26/999/cch-client-act mem:16/74/42 extra:417s/true/false/1/0/false}: allow-svc-restart
06-14 15:54:29.247 I/OsenseKillAction( 2066): scanCchEmptyProc: skip ProcessInfo{8440:system:ui/1000 oom:CEM/28/985/cch-empty mem:9/27/31 extra:412s/true/true/0/0/false}: shown-ui
06-14 15:54:29.247 I/OsenseKillAction( 2066): scanCchEmptyProc: skip ProcessInfo{7293:com.oplus.cosa/u0a145 oom:SVC/32/500/started-services mem:14/29/33 extra:394s/true/false/5/6/false}: high-adj
06-14 15:54:29.247 E/OpenGLRenderer( 3730): Unable to match the desired swap behavior.
06-14 15:54:29.247 I/OsenseKillAction( 2066): scanCchEmptyProc: skip ProcessInfo{9311:com.oplus.sau/1000 oom:SVC/33/800/started-services mem:5/27/31 extra:392s/true/false/2/6/false}: treat-like-active
06-14 15:54:29.247 I/OsenseKillAction( 2066): scanCchEmptyProc: skip ProcessInfo{9027:com.coloros.phonemanager/u0a114 oom:CEM/34/985/cch-empty mem:105/45/57 extra:389s/true/false/1/29/false}: allow-svc-restart
06-14 15:54:29.248 I/SurfaceControl( 3730):  setExtendedRangeBrightness sc=Surface(name=com.android.launcher/com.android.launcher.Launcher)/@0x5f38c2b,currentBufferRatio=1.0,desiredRatio=1.0
06-14 15:54:29.248 V/DCSEX-AppSwitchManager( 3423): OnAppSwitchObserver: onAppEnter, launchedFrom =  com.google.android.apps.wellbeing, target =  com.android.launcher, is firstStart =  false, is multiApp =  false, extensionInfo =  Bundle[mParcelledData.dataSize=140]
06-14 15:54:29.250 I/OsenseKillAction( 2066): scanCchEmptyProc: skip ProcessInfo{5961:com.facebook.orca/u0a370 oom:CEM/38/975/cch-empty mem:120/56/81 extra:337s/false/false/1/17/false}: allow-svc-restart
06-14 15:54:29.250 I/OsenseKillAction( 2066): scanCchEmptyProc: skip ProcessInfo{10320:android.process.acore/u0a57 oom:CEM/42/975/cch-empty mem:15/28/36 extra:331s/true/false/0/12/false}: protected-proc
06-14 15:54:29.250 I/OsenseKillAction( 2066): scanCchEmptyProc: skip ProcessInfo{13734:com.oplus.securitypermission/1000 oom:SVC/43/800/started-services mem:10/27/36 extra:326s/true/false/5/5/false}: treat-like-active
06-14 15:54:29.250 I/OsenseKillAction( 2066): scanCchEmptyProc: skip ProcessInfo{9968:com.maxmpz.audioplayer/u0a335 oom:CEM/47/965/cch-empty mem:9/28/34 extra:317s/false/false/0/6/false}: widget
06-14 15:54:29.250 I/OsenseKillAction( 2066): scanCchEmptyProc: skip ProcessInfo{5708:com.coloros.alarmclock:clockWidget/u0a152 oom:CEM/48/955/cch-empty mem:10/28/35 extra:317s/true/false/0/0/false}: widget
06-14 15:54:29.250 I/OsenseKillAction( 2066): scanCchEmptyProc: skip ProcessInfo{10795:com.oplus.linker/u0a106 oom:CEM/50/955/cch-empty mem:14/28/34 extra:316s/true/false/1/9/false}: allow-svc-restart
06-14 15:54:29.250 I/OsenseKillAction( 2066): scanCchEmptyProc: skip ProcessInfo{10866:com.oplus.linker:app/u0a106 oom:CEM/51/955/cch-empty mem:15/28/35 extra:316s/true/false/1/7/false}: allow-svc-restart
06-14 15:54:29.250 D/SceneSDK.1.0.4-SNAPSHOT.23445.DeepThinkerAppSwitchAbility(23445): onAppSwitchEvent: AppSwitchEvent(timeStamp=1781420069241, eventType=2, targetName=com.annieworks.AnnieWalkingLog, firstStart=false, multiApp=false, windowMode=0, resumingPackageName=com.android.launcher, resumingActivityName=com.android.launcher.Launcher, isResumingMultiApp=false, isResumingFirstStart=false)
06-14 15:54:29.251 I/OsenseKillAction( 2066): scanCchEmptyProc: skip ProcessInfo{29776:jp.co.lifebear/u0a323 oom:CEM/52/945/cch-empty mem:290/105/271 extra:315s/false/false/0/6/false}: widget
06-14 15:54:29.251 I/OsenseKillAction( 2066): scanCchEmptyProc: skip ProcessInfo{8722:com.theswitchbot.switchbot/u0a390 oom:SVC/53/945/cch-started-services mem:88/55/92 extra:222s/false/false/3/17/false}: allow-svc-restart
06-14 15:54:29.251 I/OsenseKillAction( 2066): scanCchEmptyProc: break cch check for enough killable memory
06-14 15:54:29.251 I/OsenseKillAction( 2066): scanCchEmptyProc: +++++++ start double check +++++++
06-14 15:54:29.251 I/OsenseKillAction( 2066): scanCchEmptyProc: cch check done: killablePss=486699kb, killableAnonRss=329mb, time=5ms, candidate cnt: 7
06-14 15:54:29.251 I/OsenseKillAction( 2066): scanNonUiProc: skip scan non ui process for lowmem
06-14 15:54:29.251 I/metis_v2_AppSwitchDataCollector(23445): AppExitEvent =  com.annieworks.AnnieWalkingLog, NextAppName = com.android.launcher [Metis|com.oplus.metis|1.4.30-7ec9ae5]
06-14 15:54:29.251 I/OsenseKillAction( 2066): scanOomAdj: skip scan oom adj for lowmem
06-14 15:54:29.251 I/OsenseKillAction( 2066): scanAllProc: skip scan all proc for lowmem
06-14 15:54:29.251 I/OneTrace(12326): Mark active for pid=12326? true
06-14 15:54:29.252 D/cutils-dev(12326): otrace_set_tracing_enabled? true tag:0
06-14 15:54:29.252 I/bzeg    (23065): onStart
06-14 15:54:29.256 D/VRR [OPlusRefreshRateService]( 2066): handleConfigIdChange physicalDisplayId: 4630946962717273473 configId: 1
06-14 15:54:29.257 I/OsenseKillAction( 2066): KillAction: Kill ProcessInfo{9983:com.ss.android.ugc.tiktok.lite/u0a524 oom:CEM/36/985/cch-empty mem:376/154/113 extra:338s/false/false/0/13/false}: CachedClean 6ms
06-14 15:54:29.259 I/OsenseKillAction( 2066): KillAction: Kill ProcessInfo{9053:com.google.android.euicc/u0a235 oom:CEM/41/915/cch-empty mem:12/27/34 extra:334s/true/false/0/1/false}: CachedClean 1ms
06-14 15:54:29.261 I/OsenseKillAction( 2066): KillAction: Kill ProcessInfo{10462:com.coloros.weather.service/u0a168 oom:CEM/44/965/cch-empty mem:8/26/32 extra:324s/true/false/0/11/false}: CachedClean 2ms
06-14 15:54:29.263 D/ConnectivityService( 2066): requestNetwork for uid/pid:10104/23065 activeRequest: null callbackRequest: 68540 [NetworkRequest [ REQUEST id=68541, [ Capabilities: INTERNET&NOT_RESTRICTED&TRUSTED&NOT_VCN_MANAGED Uid: 10104 RequestorUid: 10104 RequestorPkg: com.google.android.googlequicksearchbox UnderlyingNetworks: Null] ]] callback flags: 0 order: 2147483647 isUidTracked: false declaredMethods: AVAIL|LOST
06-14 15:54:29.264 I/bwxl    (23065): (REDACTED) [%s] onStart()
06-14 15:54:29.265 I/OsenseKillAction( 2066): KillAction: Kill ProcessInfo{10412:com.oplus.notificationmanager/1000 oom:CEM/45/965/cch-empty mem:12/28/34 extra:321s/true/false/0/16/false}: CachedClean 4ms
06-14 15:54:29.266 D/Layer   ( 1374): reparent to null sequence=30971, seq[1], name=Surface(name=4b4f2c StatusBar)/@0x81858cb - animation-leash of insets_animation#30971
06-14 15:54:29.266 D/Layer   ( 1374): reparent to null sequence=30972, seq[2], name=Surface(name=6163f5f NavigationBar_displayId_0)/@0x56dd8a8 - animation-leash of insets_animation#30972
06-14 15:54:29.267 I/SystemUi--Keyguard( 3476): ChargingAnimationImpl-->onAppEnter , oplusAppEnterInfo : OplusAppEnterInfo = {  windowMode = 1 targetName = com.android.launcher multiApp = false firstStart = false launchedFromPackage = com.google.android.apps.wellbeing intent = Intent { act=android.intent.action.MAIN cat=[android.intent.category.HOME] flg=0x10408000 cmp=com.android.launcher/.Launcher (has extras) mCallingUid=10092 } extension = Bundle[mParcelledData.dataSize=140]}
06-14 15:54:29.267 D/SurfaceFlinger( 1374): Find Focus windowName=7be6eaf com.android.launcher/com.android.launcher.Launcher, notVisible=1
06-14 15:54:29.267 D/Layer   ( 1374): Focus: Task=1#48 isHiddenByPolicy s.flags&layer_state_t::eLayerHidden=1
06-14 15:54:29.267 D/Layer   ( 1374): Focus: isHiddenByPolicy parent Task=1#48 is hidden cause not visible
06-14 15:54:29.267 D/SurfaceFlinger( 1374): Focus inVisible Reason:isVisibleForInput(){hasInputInfo()?canReceiveInput():isVisible()}=0 has=1 can{!isHiddenByPolicy()&&(mBuffer==nullptr||getAlpha()>0.0f)}=0 Hidden=1 Buf=1 getA=1
06-14 15:54:29.268 I/OsenseKillAction( 2066): KillAction: Kill ProcessInfo{10479:com.oplus.romupdate/u0a169 oom:CEM/56/935/cch-empty mem:6/27/29 extra:108s/true/false/0/2/false}: CachedClean 3ms
06-14 15:54:29.268 D/SurfaceFlinger( 1374): updateWinowInfo=1, setFocusedWindow timestamp=355423975987643, windowName=7be6eaf com.android.launcher/com.android.launcher.Launcher
06-14 15:54:29.269 I/OsenseKillAction( 2066): KillAction: Kill ProcessInfo{9895:com.google.android.projection.gearhead:shared/u0a83 oom:CEM/57/915/cch-empty mem:26/31/35 extra:97s/true/false/0/4/false}: CachedClean 1ms
06-14 15:54:29.270 I/InputDispatcher( 2066): NFW_setFocusedWindow, 7be6eaf com.android.launcher/com.android.launcher.Launcher on display 0, same as the previous:0
06-14 15:54:29.270 I/bzeg    (23065): onResume
06-14 15:54:29.270 W/dpeo    (23065): missing event name
06-14 15:54:29.271 I/OsenseKillAction( 2066): KillAction: Kill ProcessInfo{9629:com.android.vending:quick_launch/u0a97 oom:CEM/54/945/cch-empty mem:32/36/48 extra:156s/true/false/0/0/false}: CachedClean 2ms
06-14 15:54:29.271 I/OsenseKillAction( 2066): KillAction: done execute kill, pi2app=0ms, monitor=0ms, kill=20ms, total=20ms, kill cnt=7, local cnt=7
06-14 15:54:29.271 I/OsenseKillAction( 2066): KillAction: [atomic clean] end requestId=1996, endAvail=1854mb, reclaimed: [pss=475mb, anonRss=329mb, swap=325mb, mem=329mb, Rss=1185mb], timing: [total=61ms, update=9ms, readMem=4ms, group=4ms, cch=5ms, nonUi=0ms, oomadj=0ms, allProc=0ms, monitor=18ms, kill=20ms]
06-14 15:54:29.271 D/cutils-dev(12326): properties changed in otrace_seq_number_changed!
06-14 15:54:29.271 I/OsenseKillAction( 2066): KillAction: 0mb more anonRss to reclaim, 0mb more swapMb to reclaim, <skip> mem guard, cur avail=1854mb, bundle: Bundle[{appcareThreshold=19, prevPkgName=com.annieworks.AnnieWalkingLog, triggerMemory=2000, curUid=10187, curPkgName=com.android.launcher, qbmode=false, prevUid=10707, type=smart-force, level=2, scene=SCENE_LAUNCHER, requestId=1996, purposeMemory=2200}]
06-14 15:54:29.272 I/OsenseKillAction( 2066): KillAction: NotifySysState to observer: com.oplus.datasync.ISysStateChangeCallback$Stub$Proxy@d3ae988
06-14 15:54:29.275 D/BLASTBufferQueue( 3730): [VRI[Launcher]#433](f:0,a:1) acquireNextBufferLocked size=1080x2400 mFrameNumber=1 applyTransaction=true mTimestamp=355424005960091(auto) mPendingTransactions.size=0 graphicBufferId=16020228018921 transform=0
06-14 15:54:29.275 D/VRI[Launcher]( 3730): Received frameCommittedCallback lastAttemptedDrawFrameNum=1 didProduceBuffer=true syncBuffer=false
06-14 15:54:29.275 I/Osense-BaseDecisionMaker( 2066): notifySceneToAthenaPolicy: SCENE_MEM_RELEASED, bundle: Bundle[{scene=SCENE_MEM_RELEASED}]
06-14 15:54:29.275 I/Osense-BaseDecisionMaker( 2066): OSense not supported scene! SCENE_MEM_RELEASED
06-14 15:54:29.276 D/VRI[Launcher]( 3730): draw finished.
06-14 15:54:29.276 D/VRI[Launcher]( 3730): reportDrawFinished
06-14 15:54:29.277 D/ViewRootImplExtImpl( 3730): setMaxDequeuedBufferCount: 2
06-14 15:54:29.277 I/Quality ( 3730): Skipped: false 3 cost 39.50262 refreshRate 11156347 bit true processName com.android.launcher
06-14 15:54:29.279 D/ViewRootImplExtImpl(23065): wrapConfigInfoIntoFlags rotation=0, smallestScreenWidthDp=424, relayoutAsync=false, newFlags=27787264, title=GoogleDiscoverWindow
06-14 15:54:29.281 D/OplusTransitionController( 2066): onSyncFinishedDrawing, Window{7be6eaf u0 com.android.launcher/com.android.launcher.Launcher}
06-14 15:54:29.281 I/WindowManager( 2066): finishDrawing skipLayout:false Window{7be6eaf u0 com.android.launcher/com.android.launcher.Launcher} com.android.server.wm.WindowManagerService.finishDrawingWindow:2972 com.android.server.wm.Session.finishDrawing:311 android.view.IWindowSession$Stub.onTransact:779 
06-14 15:54:29.281 I/WindowManager( 2066): Window{7be6eaf u0 com.android.launcher/com.android.launcher.Launcher} state from DRAW_PENDING to COMMIT_DRAW_PENDING; reason: finishDrawingLocked
06-14 15:54:29.282 D/OplusTransitionAnimationManager( 2066): skipFinishDrawingIfNeed clientRotation=0, currentRotation=0, hasFixedRotationApp=false, requestedOrientation=5, win=Window{7be6eaf u0 com.android.launcher/com.android.launcher.Launcher}, activity=ActivityRecord{98822e0 u0 com.android.launcher/.Launcher t5}, currentConfig={0.85 ??mcc??mnc [ja_JP,en_JP] ldltr sw424dp w424dp h851dp 408dpi nrml long hdr widecg port finger -keyb/h/h -nav/h winConfig={ mBounds=Rect(0, 0 - 1080, 2400) mAppBounds=Rect(0, 118 - 1080, 2288) mMaxBounds=Rect(0, 0 - 1080, 2400) mDisplayRotation=ROTATION_0 mWindowingMode=fullscreen mDisplayWindowingMode=fullscreen mActivityType=home mAlwaysOnTop=undefined mRotation=ROTATION_0} s.13 fontWeightAdjustment=0mThemeChanged= 0, mThemeChangedFlags= 0, mFlipFont= 0, mScenario= -1, mAccessibleChanged= -1, mUxIconConfig= 3468921665126662177, mMaterialColor= 0, mUserId= 0, mFontUserId= 0, mFontVariationSettings= 1226, mFoldingAngle = -1.0, mIconPackName= , mDarkModeBackgroundMaxL= 0.0, mDarkModeDialogBgMaxL= 27.0, mDarkModeForegroundMinL= 100.0, mOplusConfigType= 1, mOplusChangedConfigs= 0, OpSans= -1, mBurmeseFontFlag= 2, mFlag= 0, mFlexibleActivitySuitable= -1, mPuttDisplayFlag= -1}
06-14 15:54:29.282 W/Battery ( 6222): ThermalControllHandler: tempLevel=1,userMode=2,gameUserMode=7,appType=-1,envTempType=1,appStates=[],appSwitchSafetyMode=true
06-14 15:54:29.286 I/WindowManager( 2066): Window{7be6eaf u0 com.android.launcher/com.android.launcher.Launcher} state from COMMIT_DRAW_PENDING to READY_TO_SHOW; reason: commitFinishDrawingLocked
06-14 15:54:29.286 D/ActivityTaskManager( 2066): Clearing startingData for token=null
06-14 15:54:29.289 D/ActivityTaskManager( 2066): Clearing startingData for token=null
06-14 15:54:29.290 I/WindowManager( 2066): Window{7be6eaf u0 com.android.launcher/com.android.launcher.Launcher} state from READY_TO_SHOW to HAS_DRAWN; reason: performShowLocked
06-14 15:54:29.290 I/DispPerfService( 1374): updateLayerMask 8
06-14 15:54:29.290 D/OplusFlexibleActivityTransitionManager( 2066): fixTransitType type result:2, targets: [Task{fc6a80d #1 type=home}, Task{23a45cb #84584 type=standard A=10707:com.annieworks.AnnieWalkingLog}, WallpaperWindowToken{b729850 token=android.os.Binder@2e6f177}]
06-14 15:54:29.291 W/Battery ( 6222): ThermalControllerCenter: mSafetyState=10000
06-14 15:54:29.293 W/Battery ( 6222): ThermalControllHandler: tempGear=1,configItemName=common_config
06-14 15:54:29.293 W/Battery ( 6222): ThermalControllHandler: MSG_THERMAL_CONTROL_CATEGORY_CHANGED
06-14 15:54:29.293 E/Battery ( 6222): ThermalControlConfig: TsensorPolicy featureConfig is null
06-14 15:54:29.294 D/OplusTransitionController( 2066): onTransactionReady, syncId: 1746, 
06-14 15:54:29.294 D/OplusTransitionController( 2066):  info: {id=1746 t=CLOSE f=0x10 trk=0 r=[0@Point(0, 0)] c=[{WCT{RemoteToken{1f84488 Task{fc6a80d #1 type=home}}} m=TO_FRONT f=SHOW_WALLPAPER|MOVE_TO_TOP leash=Surface(name=Task=1)/@0x875495e sb=Rect(0, 0 - 1080, 2400) eb=Rect(0, 0 - 1080, 2400) d=0},{WCT{RemoteToken{eebe333 Task{23a45cb #84584 type=standard A=10707:com.annieworks.AnnieWalkingLog}}} m=CLOSE f=NONE leash=Surface(name=Task=84584)/@0x61b76f0 sb=Rect(0, 0 - 1080, 2400) eb=Rect(0, 0 - 1080, 2400) d=0},{null m=TO_FRONT f=IS_WALLPAPER leash=Surface(name=WallpaperWindowToken{b729850 token=android.os.Binder@2e6f177})/@0xfb46271 sb=Rect(0, 0 - 1080, 2400) eb=Rect(0, 0 - 1080, 2400) d=0}]}, 
06-14 15:54:29.294 D/OplusTransitionController( 2066):  targets : [Task{fc6a80d #1 type=home}, Task{23a45cb #84584 type=standard A=10707:com.annieworks.AnnieWalkingLog}, WallpaperWindowToken{b729850 token=android.os.Binder@2e6f177}]
06-14 15:54:29.294 D/OplusTransitionAnimationManager( 2066): mOpeningTasks add Task{fc6a80d #1 type=home}
06-14 15:54:29.294 D/OplusTransitionAnimationManager( 2066): mOpeningTasks add Task{23a45cb #84584 type=standard A=10707:com.annieworks.AnnieWalkingLog}
06-14 15:54:29.294 W/WindowManager( 2066): captureTaskSnapshot mSnapshotMode= 0
06-14 15:54:29.294 D/TaskSnapshotControllerExtImpl( 2066): createTaskSnapshot isCompatMode:false, isCompactWindow:false
06-14 15:54:29.295 D/SurfaceFlinger( 1374): captureLayers from pid 2066 uid -1
06-14 15:54:29.299 D/WifiNetworkFactory( 2066): got request NetworkRequest [ REQUEST id=68541, [ Capabilities: INTERNET&NOT_RESTRICTED&TRUSTED&NOT_VCN_MANAGED Uid: 10104 RequestorUid: 10104 RequestorPkg: com.google.android.googlequicksearchbox UnderlyingNetworks: Null] ]
06-14 15:54:29.301 D/UntrustedWifiNetworkFactory( 2066): got request NetworkRequest [ REQUEST id=68541, [ Capabilities: INTERNET&NOT_RESTRICTED&TRUSTED&NOT_VCN_MANAGED Uid: 10104 RequestorUid: 10104 RequestorPkg: com.google.android.googlequicksearchbox UnderlyingNetworks: Null] ]
06-14 15:54:29.301 D/OemPaidWifiNetworkFactory( 2066): got request NetworkRequest [ REQUEST id=68541, [ Capabilities: INTERNET&NOT_RESTRICTED&TRUSTED&NOT_VCN_MANAGED Uid: 10104 RequestorUid: 10104 RequestorPkg: com.google.android.googlequicksearchbox UnderlyingNetworks: Null] ]
06-14 15:54:29.302 D/MultiInternetWifiNetworkFactory( 2066): got request NetworkRequest [ REQUEST id=68541, [ Capabilities: INTERNET&NOT_RESTRICTED&TRUSTED&NOT_VCN_MANAGED Uid: 10104 RequestorUid: 10104 RequestorPkg: com.google.android.googlequicksearchbox UnderlyingNetworks: Null] ]
06-14 15:54:29.302 D/ConnectivityService( 2066): NetReassign [68541 : null → 144] [c 0] [a 5] [i 6]
06-14 15:54:29.311 I/droid.bluetooth(17806): Background concurrent copying GC freed 3208KB AllocSpace bytes, 0(0B) LOS objects, 49% free, 3252KB/6504KB, paused 315us,115us total 168.585ms
06-14 15:54:29.313 D/lowmemorykiller(  647): medium pressure event polling check
06-14 15:54:29.313 D/lowmemorykiller(  647): thrashing: 2% thrashing_limit: 30%
06-14 15:54:29.313 E/lowmemorykiller(  647): calc_zone_watermarks pgskip_deltas_val: 0 pgskip_deltas[PGSKIP_IDX(i++)]: 0
06-14 15:54:29.314 E/lowmemorykiller(  647): adj:1001 file_cache:342381 free:124641
06-14 15:54:29.314 E/lowmemorykiller(  647): device has enough memory 1880760Kib, and freeMemory 498672Kib, disable killing(limit_killing:819200Kib)
06-14 15:54:29.316 D/TaskSnapshotCache( 2066): putSnapshot mRunningCache top= ActivityRecord{f7005bc u0 com.annieworks.AnnieWalkingLog/.MainActivity t84584 f}}, mTaskId=84584, snapshot=TaskSnapshot{ mId=1781420069294 mCaptureTime=467144926531110 mTopActivityComponent=com.annieworks.AnnieWalkingLog/.MainActivity mSnapshot=android.hardware.HardwareBuffer@1c19f7d (1080x2400) mColorSpace=sRGB IEC61966-2.1 (id=0, model=RGB) mOrientation=1 mRotation=0 mTaskSize=Point(1080, 2400) mContentInsets=[0,118][0,112] mLetterboxInsets=[0,0][0,0] mIsLowResolution=false mIsRealSnapshot=true mWindowingMode=1 mAppearance=24 mIsTranslucent=true mHasImeSurface=false, mAppIdMap size= 13
06-14 15:54:29.320 V/WindowManager( 2066): Sent Transition #1746 createdAt=06-14 15:54:29.139 via request=TransitionRequestInfo { type = CLOSE, triggerTask = null, remoteTransition = null, displayChange = null }
06-14 15:54:29.320 V/WindowManager( 2066):     startWCT=WindowContainerTransaction { changes = {} hops = [] errorCallbackToken=null taskFragmentOrganizer=null }
06-14 15:54:29.320 V/WindowManager( 2066):     info={id=1746 t=CLOSE f=0x10 trk=0 r=[0@Point(0, 0)] c=[{WCT{RemoteToken{1f84488 Task{fc6a80d #1 type=home}}} m=TO_FRONT f=SHOW_WALLPAPER|MOVE_TO_TOP leash=Surface(name=Task=1)/@0x875495e sb=Rect(0, 0 - 1080, 2400) eb=Rect(0, 0 - 1080, 2400) d=0},{WCT{RemoteToken{eebe333 Task{23a45cb #84584 type=standard A=10707:com.annieworks.AnnieWalkingLog}}} m=CLOSE f=NONE leash=Surface(name=Task=84584)/@0x61b76f0 sb=Rect(0, 0 - 1080, 2400) eb=Rect(0, 0 - 1080, 2400) d=0},{null m=TO_FRONT f=IS_WALLPAPER leash=Surface(name=WallpaperWindowToken{b729850 token=android.os.Binder@2e6f177})/@0xfb46271 sb=Rect(0, 0 - 1080, 2400) eb=Rect(0, 0 - 1080, 2400) d=0}]}
06-14 15:54:29.324 I/TaskOrganizerController( 2066): onTaskInfoChanged taskid 1 config { mBounds=Rect(0, 0 - 1080, 2400) mAppBounds=Rect(0, 118 - 1080, 2288) mMaxBounds=Rect(0, 0 - 1080, 2400) mDisplayRotation=ROTATION_0 mWindowingMode=fullscreen mDisplayWindowingMode=fullscreen mActivityType=home mAlwaysOnTop=undefined mRotation=ROTATION_0}
06-14 15:54:29.324 D/FlexibleWindowManager( 2066): onFlexibleWindowTaskInfoChanged: mTaskId = 1 oldIsTaskEmbedded = false   curIsTaskEmbedded = false  topActivity = ComponentInfo{com.android.launcher/com.android.launcher.Launcher}
06-14 15:54:29.324 D/OplusFlexibleWindowMinimizedManagerHelper( 2066): onTaskInfoChanged taskInfo:TaskInfo{userId=0 taskId=1 displayId=0 isRunning=true baseIntent=Intent { act=android.intent.action.MAIN cat=[android.intent.category.HOME] flg=0x10000100 cmp=com.android.launcher/.Launcher mCallingUid=1000 } baseActivity=ComponentInfo{com.android.launcher/com.android.launcher.Launcher} topActivity=ComponentInfo{com.android.launcher/com.android.launcher.Launcher} origActivity=null realActivity=null numActivities=1 lastActiveTime=69654 supportsSplitScreenMultiWindow=false supportsMultiWindow=true supportsPocketStudioMultiWindow=true isInFlexibleEmbedded = false uid = 10187 pid = 3730 resizeMode=2 isResizeable=true minWidth=-1 minHeight=-1 defaultMinSize=220 token=WCT{RemoteToken{1f84488 Task{fc6a80d #1 type=home}}} topActivityType=2 pictureInPictureParams=null shouldDockBigOverlays=false launchIntoPipHostTaskId=-1 lastParentTaskIdBeforePip=-1 displayCutoutSafeInsets=null topActivityInfo=ActivityInfo{8f50f61 com.android.launcher.Launcher} launchCookies=[] positionInParent=Point(0, 0) parentTaskId=-1 isFocused=true isVisible=true isVisibleRequested=true isSleeping=false topActivityInSizeCompat=false topActivityInOplusCompatMode=false topActivityEligibleForLetterboxEducation= false topActivityLetterboxed= false isFromDoubleTap= false topActivityLetterboxVerticalPosition= -1 topActivityLetterboxHorizontalPosition= -1 topActivityLetterboxWidth=-1 topActivityLetterboxHeight=-1 locusId=LocusId[17_chars] displayAreaFeatureId=1 cameraCompatControlState=hidden locusId= LocusId[17_chars] topActivityLetterboxInsets=Rect(0, 0 - 0, 0)} task:Task{fc6a80d #1 type=home}
06-14 15:54:29.325 D/ShellTaskOrganizer( 3476): dispatchTaskEventToClientIfNeed, eventType:2, taskInfo:TaskInfo{userId=0 taskId=1 displayId=0 isRunning=true baseIntent=Intent { act=android.intent.action.MAIN cat=[android.intent.category.HOME] flg=0x10000100 cmp=com.android.launcher/.Launcher mCallingUid=1000 } baseActivity=ComponentInfo{com.android.launcher/com.android.launcher.Launcher} topActivity=ComponentInfo{com.android.launcher/com.android.launcher.Launcher} origActivity=null realActivity=null numActivities=1 lastActiveTime=69654 supportsSplitScreenMultiWindow=false supportsMultiWindow=true supportsPocketStudioMultiWindow=true isInFlexibleEmbedded = false uid = 10187 pid = 3730 resizeMode=2 isResizeable=true minWidth=-1 minHeight=-1 defaultMinSize=220 token=WCT{android.window.IWindowContainerToken$Stub$Proxy@57843ae} topActivityType=2 pictureInPictureParams=null shouldDockBigOverlays=false launchIntoPipHostTaskId=-1 lastParentTaskIdBeforePip=-1 displayCutoutSafeInsets=null topActivityInfo=ActivityInfo{f68054f com.android.launcher.Launcher} launchCookies=[] positionInParent=Point(0, 0) parentTaskId=-1 isFocused=true isVisible=true isVisibleRequested=true isSleeping=false topActivityInSizeCompat=false topActivityInOplusCompatMode=false topActivityEligibleForLetterboxEducation= false topActivityLetterboxed= false isFromDoubleTap= false topActivityLetterboxVerticalPosition= -1 topActivityLetterboxHorizontalPosition= -1 topActivityLetterboxWidth=-1 topActivityLetterboxHeight=-1 locusId=LocusId[17_chars] displayAreaFeatureId=1 cameraCompatControlState=hidden locusId= LocusId[17_chars] topActivityLetterboxInsets=Rect(0, 0 - 0, 0)}, leash:null
06-14 15:54:29.326 D/ShellTaskOrganizerExt( 3476): visibleFlexibleTaskInfos delete:1
06-14 15:54:29.329 V/WindowManagerShell( 3476): onTransitionReady android.os.BinderProxy@b8f697b: {id=1746 t=CLOSE f=0x10 trk=0 r=[0@Point(0, 0)] c=[{WCT{android.window.IWindowContainerToken$Stub$Proxy@2b5c9e5} m=TO_FRONT f=SHOW_WALLPAPER|MOVE_TO_TOP leash=Surface(name=Task=1)/@0xbab8cf3 sb=Rect(0, 0 - 1080, 2400) eb=Rect(0, 0 - 1080, 2400) d=0},{WCT{android.window.IWindowContainerToken$Stub$Proxy@708ecba} m=CLOSE f=NONE leash=Surface(name=Task=84584)/@0x3ef3db0 sb=Rect(0, 0 - 1080, 2400) eb=Rect(0, 0 - 1080, 2400) d=0},{null m=TO_FRONT f=IS_WALLPAPER leash=Surface(name=WallpaperWindowToken{b729850 token=android.os.Binder@2e6f177})/@0x7c91429 sb=Rect(0, 0 - 1080, 2400) eb=Rect(0, 0 - 1080, 2400) d=0}]}
06-14 15:54:29.330 D/FSS_OplusFoldSwitchStateObserver( 3476): getDeviceFolding: mDeviceFolding = false
06-14 15:54:29.330 V/WindowManagerShell( 3476): Playing animation for (#1746)android.os.BinderProxy@b8f697b@0
06-14 15:54:29.330 V/WindowManagerShell( 3476):  try handler com.oplus.zoom.transition.ZoomTransitionController@acf2c1a
06-14 15:54:29.330 V/WindowManagerShell( 3476):  try handler com.android.wm.shell.transition.DefaultMixedHandler@fc1e34b
06-14 15:54:29.330 V/WindowManagerShell( 3476):  try handler com.android.wm.shell.keyguard.KeyguardTransitionHandler@d25766c
06-14 15:54:29.330 V/WindowManagerShell( 3476):  try handler com.android.wm.shell.activityembedding.ActivityEmbeddingController@6908435
06-14 15:54:29.330 V/WindowManagerShell( 3476):  try handler com.android.wm.shell.recents.RecentsTransitionHandler@9cea0ca
06-14 15:54:29.330 V/WindowManagerShell( 3476): RecentsTransitionHandler.startAnimation: no controller found
06-14 15:54:29.330 V/WindowManagerShell( 3476):  try handler com.android.wm.shell.pip.PipTransition@834323b
06-14 15:54:29.330 V/WindowManagerShell( 3476):  try handler com.android.wm.shell.splitscreen.StageCoordinator@a298d58
06-14 15:54:29.330 V/WindowManagerShell( 3476):  try handler com.oplus.flexibleactivity.FlexibleActivityTransitionHandler@6d22eb1
06-14 15:54:29.330 V/WindowManagerShell( 3476):  try handler OnePuttTransitionHandler
06-14 15:54:29.330 D/OnePuttTransitionHandler( 3476):  startAnimation= android.os.BinderProxy@b8f697b startTransaction= android.view.SurfaceControl$Transaction@3c91a86 finishTransaction= android.view.SurfaceControl$Transaction@c594f47 finishCallback= com.android.wm.shell.transition.Transitions$$ExternalSyntheticLambda7@189374 TransitionInfo ={id=1746 t=CLOSE f=0x10 trk=0 r=[0@Point(0, 0)] c=[{WCT{android.window.IWindowContainerToken$Stub$Proxy@2b5c9e5} m=TO_FRONT f=SHOW_WALLPAPER|MOVE_TO_TOP leash=Surface(name=Task=1)/@0xbab8cf3 sb=Rect(0, 0 - 1080, 2400) eb=Rect(0, 0 - 1080, 2400) d=0},{WCT{android.window.IWindowContainerToken$Stub$Proxy@708ecba} m=CLOSE f=NONE leash=Surface(name=Task=84584)/@0x3ef3db0 sb=Rect(0, 0 - 1080, 2400) eb=Rect(0, 0 - 1080, 2400) d=0},{null m=TO_FRONT f=IS_WALLPAPER leash=Surface(name=WallpaperWindowToken{b729850 token=android.os.Binder@2e6f177})/@0x7c91429 sb=Rect(0, 0 - 1080, 2400) eb=Rect(0, 0 - 1080, 2400) d=0}]}
06-14 15:54:29.330 V/WindowManagerShell( 3476):  try handler com.android.wm.shell.transition.RemoteTransitionHandler@5aa04ed
06-14 15:54:29.330 V/WindowManagerShell( 3476): Transition doesn't have explicit remote, search filters for match for {id=1746 t=CLOSE f=0x10 trk=0 r=[0@Point(0, 0)] c=[{WCT{android.window.IWindowContainerToken$Stub$Proxy@2b5c9e5} m=TO_FRONT f=SHOW_WALLPAPER|MOVE_TO_TOP leash=Surface(name=Task=1)/@0xbab8cf3 sb=Rect(0, 0 - 1080, 2400) eb=Rect(0, 0 - 1080, 2400) d=0},{WCT{android.window.IWindowContainerToken$Stub$Proxy@708ecba} m=CLOSE f=NONE leash=Surface(name=Task=84584)/@0x3ef3db0 sb=Rect(0, 0 - 1080, 2400) eb=Rect(0, 0 - 1080, 2400) d=0},{null m=TO_FRONT f=IS_WALLPAPER leash=Surface(name=WallpaperWindowToken{b729850 token=android.os.Binder@2e6f177})/@0x7c91429 sb=Rect(0, 0 - 1080, 2400) eb=Rect(0, 0 - 1080, 2400) d=0}]}
06-14 15:54:29.330 V/WindowManagerShell( 3476):  Checking filter Pair{{types=[] flags=0x0] notFlags=0x100 checks=[{atype=home independent=true modes=[OPEN,TO_FRONT] flags=NONE mustBeTask=false order=TOP topActivity=ComponentInfo{com.android.launcher/com.android.launcher.Launcher}},{atype=standard independent=true modes=[CLOSE,TO_BACK] flags=NONE mustBeTask=false order=ANY topActivity=null}]} RemoteTransition { remoteTransition = android.window.IRemoteTransition$Stub$Proxy@37ed20f, appThread = android.app.IApplicationThread$Stub$Proxy@79a329c, debugName = QuickstepLaunchHome }}
06-14 15:54:29.330 D/RemoteTransitionHandler( 3476): Found filterPair{{types=[] flags=0x0] notFlags=0x100 checks=[{atype=home independent=true modes=[OPEN,TO_FRONT] flags=NONE mustBeTask=false order=TOP topActivity=ComponentInfo{com.android.launcher/com.android.launcher.Launcher}},{atype=standard independent=true modes=[CLOSE,TO_BACK] flags=NONE mustBeTask=false order=ANY topActivity=null}]} RemoteTransition { remoteTransition = android.window.IRemoteTransition$Stub$Proxy@37ed20f, appThread = android.app.IApplicationThread$Stub$Proxy@79a329c, debugName = QuickstepLaunchHome }}
06-14 15:54:29.330 V/WindowManagerShell( 3476):  Delegate animation for #1746 to RemoteTransition { remoteTransition = android.window.IRemoteTransition$Stub$Proxy@37ed20f, appThread = android.app.IApplicationThread$Stub$Proxy@79a329c, debugName = QuickstepLaunchHome }
06-14 15:54:29.331 D/ActivityTaskManager( 2066): Clearing startingData for token=null
06-14 15:54:29.338 I/libprocessgroup( 2066): Successfully killed process cgroup uid 10524 pid 9983 in 70ms
06-14 15:54:29.340 I/Zygote  ( 1053): Process 12250 exited due to signal 9 (Killed)
06-14 15:54:29.346 I/ImeTracker( 2066): com.annieworks.AnnieWalkingLog:f447efa3: onRequestHide at ORIGIN_SERVER_HIDE_INPUT reason HIDE_REMOVE_CLIENT
06-14 15:54:29.346 I/ImeTracker( 2066): com.annieworks.AnnieWalkingLog:f447efa3: onCancelled at PHASE_SERVER_SHOULD_HIDE
06-14 15:54:29.348 I/ClientCache( 1374): removeProcess: Cache owner=0xb40000759342a3c0
06-14 15:54:29.354 I/SurfaceFlinger( 1374): [SF client] REMOVE (0xb4000075a7455500) for (12250:com.annieworks.AnnieWalkingLog)
06-14 15:54:29.363 D/OplusScrollToTopManager( 3730): com.android.launcher/com.android.launcher.Launcher,This DecorView@c7650c6[Launcher] change focus to false
06-14 15:54:29.364 I/Zygote  ( 1053): Process 10479 exited due to signal 9 (Killed)
06-14 15:54:29.367 D/OplusShellTransition( 3476): RemoteTransitionHandler, shell start remote animation, type: CLOSE
06-14 15:54:29.368 V/WindowManagerShell( 3476):  animated by com.android.wm.shell.transition.RemoteTransitionHandler@5aa04ed
06-14 15:54:29.368 D/OplusShellTransition( 3476): dispatchTransition, animated mHandler: com.android.wm.shell.transition.RemoteTransitionHandler@5aa04ed
06-14 15:54:29.371 D/RemoteAnimationRunnerCompat( 3730): Remote transition startAnimation
06-14 15:54:29.373 D/CompatibilityChangeReporter( 2066): Compat change id reported: 168419799; UID 1000; state: DISABLED
06-14 15:54:29.374 D/CompatibilityChangeReporter( 2066): Compat change id reported: 273564678; UID 1000; state: DISABLED
06-14 15:54:29.374 D/WindowManagerServiceExtImpl( 2066): extractConfigInfoAndRealFlags rotation=0, screenDp=424, win=Window{b7b87e5 u0 GoogleDiscoverWindow}
06-14 15:54:29.375 V/WindowManager( 2066): Relayout Window{b7b87e5 u0 GoogleDiscoverWindow}: viewVisibility=0, oldvis=8, req=1080x2400, vsysui=LIGHT_STATUS_BAR LIGHT_NAVIGATION_BAR
06-14 15:54:29.375 I/WindowManager( 2066): Window{b7b87e5 u0 GoogleDiscoverWindow} state from NO_SURFACE to DRAW_PENDING; reason: resetDrawState
06-14 15:54:29.376 D/OplusLayer( 1374): setProcInfo (30980,GoogleDiscoverWindow#30980,com.google.android.googlequicksearchbox:googleapp)
06-14 15:54:29.378 D/OplusAtlas.OplusAtlasEventDispatch( 4962): setEvent:atlas_event_on_foreground_activities_changed info:pid:3730,uid:10187,hasForegroundActivities:1
06-14 15:54:29.379 W/ActivityManager( 2066): Slow operation: 51ms so far, now at attachApplicationLocked: immediately before bindApplication
06-14 15:54:29.379 D/OplusAtlas.OplusAudioScene( 4962): callback success event:atlas_event_on_foreground_activities_changed eventInfo:pid:3730,uid:10187,hasForegroundActivities:1
06-14 15:54:29.379 D/OplusAtlas.OplusMessageHandler( 4962): handleMessage: Msg { when=0 what=0 obj=com.oplus.atlas.OplusAtlasEvent@b4ad3dd target=com.oplus.atlas.OplusMessageHandler$MyHandler }
06-14 15:54:29.380 D/OplusAtlas.OplusMessageHandler( 4962): handleMessage: Msg { when=-1ms what=2 obj=com.oplus.atlas.OplusAtlasEvent@b4ad3dd target=com.oplus.atlas.OplusMessageHandler$MyHandler }
06-14 15:54:29.381 I/WindowManager( 2066): WIN DEATH: Window{c896dbd u0 com.annieworks.AnnieWalkingLog/com.annieworks.AnnieWalkingLog.MainActivity}
06-14 15:54:29.382 W/VRI[GoogleDiscoverWindow](23065): updateBlastSurfaceIfNeeded, surfaceSize:Point(1080, 2400), lastSurfaceSize:Point(1080, 2400), format:-2, blastBufferQueue:null
06-14 15:54:29.382 E/ANDR-PERF-LM( 1231): VmRssMeter:: start() 453: Could not find pid, can not collect vmrss data
06-14 15:54:29.382 D/BufferQueueConsumer(23065): [](id:5a1900000084,api:0,p:-1,c:23065) connect: controlledByApp=false
06-14 15:54:29.384 W/InputManager-JNI( 2066): Input channel object 'c896dbd com.annieworks.AnnieWalkingLog/com.annieworks.AnnieWalkingLog.MainActivity (client)' was disposed without first being removed with the input manager!
06-14 15:54:29.384 D/BufferQueueProducer(23065): [VRI[GoogleDiscoverWindow]#132(BLAST Consumer)132](id:5a1900000084,api:1,p:23065,c:23065) connect: api=1 producerControlledByApp=true
06-14 15:54:29.384 E/OpenGLRenderer(23065): Unable to match the desired swap behavior.
06-14 15:54:29.386 D/RemoteAnimationRunnerCompat( 3730): Got app task
06-14 15:54:29.387 I/SurfaceControl(23065):  setExtendedRangeBrightness sc=Surface(name=GoogleDiscoverWindow)/@0xadbe6f5,currentBufferRatio=1.0,desiredRatio=1.0
06-14 15:54:29.389 D/ClockTag_ClockWidget.WidgetLauncherStateReceiver( 5708): onReceive action=com.android.launcher.action.LAUNCHER_VISIBLE
06-14 15:54:29.390 D/OplusLayer( 1374): setGameMode WindowToken{408af3a type=2011 android.os.Binder@9a90665}#114, gameMode 0, parentLayer ImeContainer#13.
06-14 15:54:29.391 I/DispPerfService( 1374): updateLayerMask 9
06-14 15:54:29.392 I/InputDispatcher( 2066): updateFocusedWindow, 7be6eaf com.android.launcher/com.android.launcher.Launcher on display 0, reason: Window became focusable. Previous reason: NOT_VISIBLE, result:   FocusedWindows:
06-14 15:54:29.392 I/InputDispatcher( 2066):     displayId=0, name='7be6eaf com.android.launcher/com.android.launcher.Launcher'
06-14 15:54:29.392 D/TracePrintUtil( 3730): asyncTraceBegin add 102
06-14 15:54:29.393 D/OplusDragLayer( 3730): setAlpha to 0f; caller = com.android.launcher3.anim.light.AppLaunchAnimUtil$getLightLauncherContentAnimation$1.onUpdate:6 com.android.quickstep.util.MultiValueUpdateListener.onAnimationUpdate:9 android.animation.Animator$AnimatorCaller.lambda$static$4:866 android.animation.Animator$AnimatorCaller$$ExternalSyntheticLambda6.call:4 android.animation.Animator.callOnList:677 android.animation.ValueAnimator.animateValue:1664 android.animation.ValueAnimator.setCurrentFraction:771 android.animation.ValueAnimator.setCurrentPlayTime:734 android.animation.ValueAnimator.start:1154 android.animation.ValueAnimator.start:1173 
06-14 15:54:29.393 D/OplusDragLayer( 3730): setAlpha to 0f; caller = com.android.launcher3.anim.light.AppLaunchAnimUtil$getLightLauncherContentAnimation$1.onUpdate:6 com.android.quickstep.util.MultiValueUpdateListener.onAnimationUpdate:9 android.animation.Animator$AnimatorCaller.lambda$static$4:866 android.animation.Animator$AnimatorCaller$$ExternalSyntheticLambda6.call:4 android.animation.Animator.callOnList:677 android.animation.ValueAnimator.animateValue:1664 android.animation.ValueAnimator.animateBasedOnTime:1405 android.animation.ValueAnimator.doAnimationFrame:1582 android.animation.ValueAnimator.pulseAnimationFrame:1601 android.animation.AnimatorSet.pulseFrame:1314 
06-14 15:54:29.393 D/OplusDragLayer( 3730): setAlpha to 0f; caller = com.android.launcher3.anim.light.AppLaunchAnimUtil$getLightLauncherContentAnimation$1.onUpdate:6 com.android.quickstep.util.MultiValueUpdateListener.onAnimationUpdate:9 android.animation.Animator$AnimatorCaller.lambda$static$4:866 android.animation.Animator$AnimatorCaller$$ExternalSyntheticLambda6.call:4 android.animation.Animator.callOnList:677 android.animation.ValueAnimator.animateValue:1664 android.animation.ValueAnimator.animateBasedOnTime:1405 android.animation.ValueAnimator.doAnimationFrame:1582 android.animation.ValueAnimator.pulseAnimationFrame:1601 android.animation.AnimatorSet.pulseFrame:1314 
06-14 15:54:29.394 E/OLauncher( 3730): setCurrentPlayTime error! Children must be initialized.
06-14 15:54:29.394 E/OLauncher( 3730): java.lang.UnsupportedOperationException: Error: Play time should always be in between 0 and duration.
06-14 15:54:29.394 E/OLauncher( 3730): 	at android.animation.AnimatorSet.setCurrentPlayTime(AnimatorSet.java:1077)
06-14 15:54:29.394 E/OLauncher( 3730): 	at com.android.launcher3.LauncherAnimationRunner$AnimationResult.setAnimation(:16)
06-14 15:54:29.394 E/OLauncher( 3730): 	at com.android.launcher3.LauncherAnimationRunner$AnimationResult.setAnimation(:1)
06-14 15:54:29.394 E/OLauncher( 3730): 	at com.android.launcher3.OplusQuickstepTransitionManagerImpl$OplusWallpaperOpenLauncherAnimationRunner.onCreateAnimation(:31)
06-14 15:54:29.394 E/OLauncher( 3730): 	at com.android.launcher3.LauncherAnimationRunner.lambda$onAnimationStart$2(:7)
06-14 15:54:29.394 E/OLauncher( 3730): 	at com.android.launcher3.LauncherAnimationRunner.b(:0)
06-14 15:54:29.394 E/OLauncher( 3730): 	at com.android.launcher3.h3.run(:95)
06-14 15:54:29.394 E/OLauncher( 3730): 	at android.os.Handler.handleCallback(Handler.java:958)
06-14 15:54:29.394 E/OLauncher( 3730): 	at android.os.Handler.dispatchMessage(Handler.java:99)
06-14 15:54:29.394 E/OLauncher( 3730): 	at android.os.Looper.loopOnce(Looper.java:257)
06-14 15:54:29.394 E/OLauncher( 3730): 	at android.os.Looper.loop(Looper.java:368)
06-14 15:54:29.394 E/OLauncher( 3730): 	at android.app.ActivityThread.main(ActivityThread.java:8839)
06-14 15:54:29.394 E/OLauncher( 3730): 	at java.lang.reflect.Method.invoke(Native Method)
06-14 15:54:29.394 E/OLauncher( 3730): 	at com.android.internal.os.RuntimeInit$MethodAndArgsCaller.run(RuntimeInit.java:572)
06-14 15:54:29.394 E/OLauncher( 3730): 	at com.android.internal.os.ZygoteInit.main(ZygoteInit.java:1049)
06-14 15:54:29.394 D/VRI[Launcher]( 3730): onFocusEvent true
06-14 15:54:29.395 D/OplusDragLayer( 3730): setAlpha to 0f; caller = com.android.launcher3.anim.light.AppLaunchAnimUtil$getLightLauncherContentAnimation$1.onUpdate:6 com.android.quickstep.util.MultiValueUpdateListener.onAnimationUpdate:9 android.animation.Animator$AnimatorCaller.lambda$static$4:866 android.animation.Animator$AnimatorCaller$$ExternalSyntheticLambda6.call:4 android.animation.Animator.callOnList:677 android.animation.ValueAnimator.animateValue:1664 android.animation.ValueAnimator.animateBasedOnTime:1405 android.animation.ValueAnimator.doAnimationFrame:1582 android.animation.ValueAnimator.pulseAnimationFrame:1601 android.animation.AnimatorSet.pulseFrame:1314 
06-14 15:54:29.400 D/Layer   ( 1374): reparent to null sequence=30970, seq[22], name=Surface(name=c896dbd com.annieworks.AnnieWalkingLog/com.annieworks.AnnieWalkingLog.MainActivity)/@0xdfc47e5 - animation-leash of starting_reveal#30970
06-14 15:54:29.402 D/ActivityTaskManagerServiceExtImpl( 2066): preBindApplication record is null
06-14 15:54:29.403 I/DispPerfService( 1374): updateLayerMask 0
06-14 15:54:29.404 D/RGBNormalizeServer( 2066): OplusRGBNormalize feature enabled ? false
06-14 15:54:29.405 D/ResourcesManagerCache( 2066): For package com.oplus.crashbox we got cacheList [null] appInfoExt is null ? false hasFeature ? false
06-14 15:54:29.407 E/ANDR-PERF-LM( 1231): VmRssMeter:: start() 453: Could not find pid, can not collect vmrss data
06-14 15:54:29.407 E/ANDR-PERF-LM( 1231): AdaptiveLaunch: writeToDataBase() 64: Meter aborted or could not get meter data for this run
06-14 15:54:29.408 D/InputMethodManagerService( 2066): isSecurity: attribute.packageName = com.android.launcher mCurMethodId = com.adamrocker.android.input.simeji/.OpenWnnSimeji isSecurity = false ( enable = false needShow = false inBlackList = false isExist = true )
06-14 15:54:29.408 I/ImeTracker( 2066): com.android.launcher:851f3bf5: onRequestHide at ORIGIN_SERVER_HIDE_INPUT reason HIDE_UNSPECIFIED_WINDOW
06-14 15:54:29.408 I/ImeTracker( 2066): com.android.launcher:851f3bf5: onCancelled at PHASE_SERVER_SHOULD_HIDE
06-14 15:54:29.409 D/BLASTBufferQueue(23065): [VRI[GoogleDiscoverWindow]#132](f:0,a:1) acquireNextBufferLocked size=1080x2400 mFrameNumber=1 applyTransaction=true mTimestamp=355424139843789(auto) mPendingTransactions.size=0 graphicBufferId=99063420682773 transform=0
06-14 15:54:29.410 D/VRI[GoogleDiscoverWindow](23065): Received frameCommittedCallback lastAttemptedDrawFrameNum=1 didProduceBuffer=true syncBuffer=false
06-14 15:54:29.413 I/DispPerfService( 1374): updateLayerMask 9
06-14 15:54:29.413 D/VRI[GoogleDiscoverWindow](23065): draw finished.
06-14 15:54:29.413 D/VRI[GoogleDiscoverWindow](23065): reportDrawFinished
06-14 15:54:29.414 D/ViewRootImplExtImpl(23065): setMaxDequeuedBufferCount: 2
06-14 15:54:29.415 D/ClockTag_WidgetUtils( 5708): hasAlreadyAddedWorldClockWidget false
06-14 15:54:29.416 D/lowmemorykiller(  647): medium pressure event polling check
06-14 15:54:29.417 D/lowmemorykiller(  647): thrashing: 2% thrashing_limit: 30%
06-14 15:54:29.417 E/lowmemorykiller(  647): calc_zone_watermarks pgskip_deltas_val: 0 pgskip_deltas[PGSKIP_IDX(i++)]: 0
06-14 15:54:29.417 E/lowmemorykiller(  647): adj:1001 file_cache:345573 free:130914
06-14 15:54:29.417 E/lowmemorykiller(  647): device has enough memory 1929832Kib, and freeMemory 523764Kib, disable killing(limit_killing:819200Kib)
06-14 15:54:29.418 D/OplusAppHeapManager(12326): java.lang.NoSuchMethodException: dalvik.system.VMRuntime.updateProcessValue [int, int, int]
06-14 15:54:29.423 D/CompatibilityInfo(12326): setOverrideInvertedScale  1.0 to 1.0
06-14 15:54:29.424 I/WindowManager( 2066): Window{b7b87e5 u0 GoogleDiscoverWindow} state from DRAW_PENDING to COMMIT_DRAW_PENDING; reason: finishDrawingLocked
06-14 15:54:29.424 D/OplusTransitionAnimationManager( 2066): skipFinishDrawingIfNeed clientRotation=0, currentRotation=0, hasFixedRotationApp=false, requestedOrientation=5, win=Window{b7b87e5 u0 GoogleDiscoverWindow}, activity=ActivityRecord{98822e0 u0 com.android.launcher/.Launcher t5}, currentConfig={0.85 ??mcc??mnc [ja_JP,en_JP] ldltr sw424dp w424dp h851dp 408dpi nrml long hdr widecg port finger -keyb/h/h -nav/h winConfig={ mBounds=Rect(0, 0 - 1080, 2400) mAppBounds=Rect(0, 118 - 1080, 2288) mMaxBounds=Rect(0, 0 - 1080, 2400) mDisplayRotation=ROTATION_0 mWindowingMode=fullscreen mDisplayWindowingMode=fullscreen mActivityType=home mAlwaysOnTop=undefined mRotation=ROTATION_0} s.13 fontWeightAdjustment=0mThemeChanged= 0, mThemeChangedFlags= 0, mFlipFont= 0, mScenario= -1, mAccessibleChanged= -1, mUxIconConfig= 3468921665126662177, mMaterialColor= 0, mUserId= 0, mFontUserId= 0, mFontVariationSettings= 1226, mFoldingAngle = -1.0, mIconPackName= , mDarkModeBackgroundMaxL= 0.0, mDarkModeDialogBgMaxL= 27.0, mDarkModeForegroundMinL= 100.0, mOplusConfigType= 1, mOplusChangedConfigs= 0, OpSans= -1, mBurmeseFontFlag= 2, mFlag= 0, mFlexibleActivitySuitable= -1, mPuttDisplayFlag= -1}
06-14 15:54:29.425 I/Quality ( 3730): Skipped: true 1 cost 20.477726 refreshRate 11161550 bit true processName com.android.launcher
06-14 15:54:29.426 D/ClockTag_Utils( 5708): isKeyguardLock: false
06-14 15:54:29.428 W/ActivityManager( 2066): Slow operation: 100ms so far, now at attachApplicationLocked: immediately after bindApplication
06-14 15:54:29.428 W/ActivityManager( 2066): Slow operation: 100ms so far, now at attachApplicationLocked: after updateLruProcessLocked
06-14 15:54:29.430 D/WifiStaIfaceHidlImpl( 2066): getCachedScanData is not implemented by HIDL
06-14 15:54:29.433 D/OpenGLRenderer( 3476): RenderProxy::destroy: this=0xb400007dc87a6e00, mContext=0xb400007d6ba6bb00
06-14 15:54:29.435 D/OpenGLRenderer( 3476): SkiaOpenGLPipeline::setSurface: this=0xb400007d67bd92c0, surface=NULL
06-14 15:54:29.436 I/WindowManager( 2066): Window{b7b87e5 u0 GoogleDiscoverWindow} state from COMMIT_DRAW_PENDING to READY_TO_SHOW; reason: commitFinishDrawingLocked
06-14 15:54:29.436 D/ActivityTaskManager( 2066): Clearing startingData for token=null
06-14 15:54:29.438 I/WindowManager( 2066): Window{b7b87e5 u0 GoogleDiscoverWindow} state from READY_TO_SHOW to HAS_DRAWN; reason: performShowLocked
06-14 15:54:29.438 I/WindowStateExtImpl( 2066): onSurfaceShowChange show = true mPackageName = com.android.launcher parentPkgName = com.android.launcher
06-14 15:54:29.440 D/UsageStatsService( 2066): User[0] type=0 b=1781420039437 e=1781420079437 cb=1781348849473 ce=1781420069431 disk=0 all=4
06-14 15:54:29.442 D/UsageStatsService( 2066): User[0] type=0 b=1781420039441 e=1781420079441 cb=1781348849473 ce=1781420069437 disk=0 all=4
06-14 15:54:29.442 D/OplusActivityManager(12326): get AMS extension: android.os.BinderProxy@702c46c
06-14 15:54:29.444 D/BufferQueueProducer( 3476): [VRI[AnnieWalkingLog]#3078(BLAST Consumer)3078](id:d9400000cb4,api:1,p:3476,c:3476) disconnect: api 1
06-14 15:54:29.447 I/Zygote  ( 1053): Process 10462 exited due to signal 9 (Killed)
06-14 15:54:29.450 D/ViewRootImplExtImpl( 3476): wrapConfigInfoIntoFlags rotation=0, smallestScreenWidthDp=424, relayoutAsync=false, newFlags=27787264, title=Splash Screen com.annieworks.AnnieWalkingLog
06-14 15:54:29.453 I/SystemUi--Notification( 3476): OplusNotificationShadeWindowControllerExImpl-->SHADE_FOCUSABLE-->mNotificationShadeFocusable= false, mPanelExpanded= false, mBouncerShowing= false, mKeyguardShowing= false, mKeyguardOccluded= false, mKeyguardNeedsInput= false, ENABLE_REMOTE_INPUT= true, mRemoteInputActive= false, layoutFlags= -2130444216
06-14 15:54:29.453 D/UXUtils ( 3476): notifyUiSwitched: 0; stack: com.oplus.systemui.shade.OplusNotificationShadeWindowControllerExImpl.notifyUiSwitched:73
06-14 15:54:29.455 D/ActivityTaskManager( 2066): Clearing startingData for token=null
06-14 15:54:29.455 D/ActivityTaskManager( 2066): Clearing startingData for token=null
06-14 15:54:29.458 D/nativeloader(12326): Load libsigprotector_jni.so using system ns (caller=/system/framework/oplus-framework.jar): ok
06-14 15:54:29.458 D/UsageStatsService( 2066): User[0] type=0 b=1781420039445 e=1781420079445 cb=1781348849473 ce=1781420069437 disk=0 all=4
06-14 15:54:29.459 W/WindowManager( 2066): Failed to deliver inset control state change to w=Window{c896dbd u0 com.annieworks.AnnieWalkingLog/com.annieworks.AnnieWalkingLog.MainActivity EXITING}
06-14 15:54:29.459 W/WindowManager( 2066): android.os.DeadObjectException
06-14 15:54:29.459 W/WindowManager( 2066): 	at android.os.BinderProxy.transactNative(Native Method)
06-14 15:54:29.459 W/WindowManager( 2066): 	at android.os.BinderProxy.transact(BinderProxy.java:685)
06-14 15:54:29.459 W/WindowManager( 2066): 	at android.view.IWindow$Stub$Proxy.insetsControlChanged(IWindow.java:498)
06-14 15:54:29.459 W/WindowManager( 2066): 	at com.android.server.wm.WindowState.notifyInsetsControlChanged(WindowState.java:4274)
06-14 15:54:29.459 W/WindowManager( 2066): 	at com.android.server.wm.InsetsStateController.lambda$notifyPendingInsetsControlChanged$3(InsetsStateController.java:348)
06-14 15:54:29.459 W/WindowManager( 2066): 	at com.android.server.wm.InsetsStateController.$r8$lambda$8yykPRG1GyNq_J17QvL9d5xANMc(InsetsStateController.java:0)
06-14 15:54:29.459 W/WindowManager( 2066): 	at com.android.server.wm.InsetsStateController$$ExternalSyntheticLambda2.run(R8$$SyntheticClass:0)
06-14 15:54:29.459 W/WindowManager( 2066): 	at com.android.server.wm.WindowAnimator.executeAfterPrepareSurfacesRunnables(WindowAnimator.java:305)
06-14 15:54:29.459 W/WindowManager( 2066): 	at com.android.server.wm.WindowAnimator.animate(WindowAnimator.java:213)
06-14 15:54:29.459 W/WindowManager( 2066): 	at com.android.server.wm.WindowAnimator.lambda$new$1(WindowAnimator.java:107)
06-14 15:54:29.459 W/WindowManager( 2066): 	at com.android.server.wm.WindowAnimator.$r8$lambda$aHNu1uhcqxihX5NZc4McDDQPAyw(WindowAnimator.java:0)
06-14 15:54:29.459 W/WindowManager( 2066): 	at com.android.server.wm.WindowAnimator$$ExternalSyntheticLambda1.doFrame(R8$$SyntheticClass:0)
06-14 15:54:29.459 W/WindowManager( 2066): 	at android.view.Choreographer$CallbackRecord.run(Choreographer.java:1542)
06-14 15:54:29.459 W/WindowManager( 2066): 	at android.view.Choreographer$CallbackRecord.run(Choreographer.java:1553)
06-14 15:54:29.459 W/WindowManager( 2066): 	at android.view.Choreographer.doCallbacks(Choreographer.java:1109)
06-14 15:54:29.459 W/WindowManager( 2066): 	at android.view.Choreographer.doFrame(Choreographer.java:984)
06-14 15:54:29.459 W/WindowManager( 2066): 	at android.view.Choreographer$FrameDisplayEventReceiver.run(Choreographer.java:1527)
06-14 15:54:29.459 W/WindowManager( 2066): 	at android.os.Handler.handleCallback(Handler.java:958)
06-14 15:54:29.459 W/WindowManager( 2066): 	at android.os.Handler.dispatchMessage(Handler.java:99)
06-14 15:54:29.459 W/WindowManager( 2066): 	at android.os.Looper.loopOnce(Looper.java:257)
06-14 15:54:29.459 W/WindowManager( 2066): 	at android.os.Looper.loop(Looper.java:368)
06-14 15:54:29.459 W/WindowManager( 2066): 	at android.os.HandlerThread.run(HandlerThread.java:67)
06-14 15:54:29.459 W/WindowManager( 2066): 	at com.android.server.ServiceThread.run(ServiceThread.java:46)
06-14 15:54:29.460 W/OplusExSystemServiceHelper(27202): checkOplusExSystemService intent getComponent is null
06-14 15:54:29.465 D/callGcSupression(12326): java.lang.NullPointerException: Attempt to invoke virtual method 'java.lang.Object java.lang.reflect.Method.invoke(java.lang.Object, java.lang.Object[])' on a null object reference
06-14 15:54:29.465 W/VRI[Launcher]( 3730): handleResized abandoned!
06-14 15:54:29.467 D/WallpaperServiceExtImpl( 3476): Block update resized of Surface(name=com.android.systemui.wallpapers.ImageWallpaper)/@0x2a17d76
06-14 15:54:29.467 D/Layer   ( 1374): reparent to null sequence=30973, seq[2], name=Surface(name=a781c46 InputMethod)/@0x172b7f5 - animation-leash of insets_animation#30973
06-14 15:54:29.468 D/CompatibilityChangeReporter(12326): Compat change id reported: 171979766; UID 1000; state: ENABLED
06-14 15:54:29.469 W/VRI[GoogleDiscoverWindow](23065): handleResized abandoned!
06-14 15:54:29.471 W/VRI[ScreenDecorOverlayBottom]( 3476): handleResized abandoned!
06-14 15:54:29.472 D/UsageStatsService( 2066): User[0] type=0 b=1781420039471 e=1781420079471 cb=1781348849473 ce=1781420069437 disk=0 all=4
06-14 15:54:29.472 D/WindowManagerServiceExtImpl( 2066): extractConfigInfoAndRealFlags rotation=0, screenDp=424, win=Window{3a51dc0 u0 Splash Screen com.annieworks.AnnieWalkingLog}
06-14 15:54:29.472 V/WindowManager( 2066): Relayout Window{3a51dc0 u0 Splash Screen com.annieworks.AnnieWalkingLog}: viewVisibility=8, oldvis=0, req=1080x2400, vsysui=
06-14 15:54:29.474 W/VRI[NavigationBar_displayId_0]( 3476): handleResized abandoned!
06-14 15:54:29.475 I/SurfaceAnimationRunner( 2066): startAnimation requiresEdgeExtension=false, animationLeash=Surface(name=Surface(name=3a51dc0 Splash Screen com.annieworks.AnnieWalkingLog)/@0x9e27070 - animation-leash of window_animation)/@0xa4c2fe9, runningAnim=com.android.server.wm.SurfaceAnimationRunner$RunningAnimation@3f946e, mPreProcessingAnimations={}
06-14 15:54:29.477 W/VRI[ScreenDecorOverlay]( 3476): handleResized abandoned!
06-14 15:54:29.479 D/callGcSupression( 2066): java.lang.NullPointerException: Attempt to invoke virtual method 'java.lang.Object java.lang.reflect.Method.invoke(java.lang.Object, java.lang.Object[])' on a null object reference
06-14 15:54:29.479 D/SurfaceAnimationRunner( 2066): onAnimationStart:Surface(name=Surface(name=3a51dc0 Splash Screen com.annieworks.AnnieWalkingLog)/@0x9e27070 - animation-leash of window_animation)/@0xa4c2fe9
06-14 15:54:29.481 W/VRI[StatusBar]( 3476): handleResized abandoned!
06-14 15:54:29.482 D/OplusTelephonyController( 3875): onSignalStrengthChanged: SignalStrength=SignalStrength:{mCdma=CellSignalStrengthCdma: cdmaDbm=2147483647 cdmaEcio=2147483647 evdoDbm=2147483647 evdoEcio=2147483647 evdoSnr=2147483647 level=0,mGsm=CellSignalStrengthGsm: rssi=2147483647 ber=2147483647 mTa=2147483647 mLevel=0,mWcdma=CellSignalStrengthWcdma: ss=2147483647 ber=2147483647 rscp=2147483647 ecno=2147483647 level=0,mTdscdma=CellSignalStrengthTdscdma: rssi=2147483647 ber=2147483647 rscp=2147483647 level=0,mLte=CellSignalStrengthLte: rssi=-67 rsrp=-97 rsrq=-10 rssnr=6 cqiTableIndex=2147483647 cqi=2147483647 ta=2147483647 level=4 parametersUseForLevel=0,mNr=CellSignalStrengthNr:{ csiRsrp = 2147483647 csiRsrq = 2147483647 csiCqiTableIndex = 2147483647 csiCqiReport = [] ssRsrp = 2147483647 ssRsrq = 2147483647 ssSinr = 2147483647 level = 0 parametersUseForLevel = 0 timingAdvance = 2147483647 },primary=CellSignalStrengthLte}
06-14 15:54:29.483 D/BLASTBufferQueue( 3476): [VRI[AnnieWalkingLog]#3078](f:0,a:1) destructor()
06-14 15:54:29.483 D/BufferQueueConsumer( 3476): [VRI[AnnieWalkingLog]#3078(BLAST Consumer)3078](id:d9400000cb4,api:0,p:-1,c:3476) disconnect
06-14 15:54:29.483 D/OplusScrollToTopManager( 3476): Splash Screen com.annieworks.AnnieWalkingLog,window dying
06-14 15:54:29.483 D/OplusScrollToTopManager( 3476): Splash Screen com.annieworks.AnnieWalkingLog,unregisterSystemUIBroadcastReceiver 
06-14 15:54:29.483 D/OplusScrollToTopManager( 3476): Splash Screen com.annieworks.AnnieWalkingLog, unregisterSystemUIBroadcastReceiver failed java.lang.IllegalArgumentException: Receiver not registered: android.view.OplusScrollToTopManager$2@4f25999
06-14 15:54:29.483 W/WindowOnBackDispatcher( 3476): sendCancelIfRunning: isInProgress=falsecallback=android.view.ViewRootImpl$$ExternalSyntheticLambda17@2fb5fa
06-14 15:54:29.484 D/CompatibilityChangeReporter( 2066): Compat change id reported: 161252188; UID 1000; state: DISABLED
06-14 15:54:29.484 D/CoreBackPreview( 2066): Window{3a51dc0 u0 Splash Screen com.annieworks.AnnieWalkingLog EXITING}: Setting back callback null
06-14 15:54:29.491 W/InputManager-JNI( 2066): Input channel object '3a51dc0 Splash Screen com.annieworks.AnnieWalkingLog (client)' was disposed without first being removed with the input manager!
06-14 15:54:29.491 I/Zygote  ( 1053): Process 10412 exited due to signal 9 (Killed)
06-14 15:54:29.493 W/Process ( 2066): Unable to open /proc/10412/status
06-14 15:54:29.493 W/ActivityManager( 2066): Process 10412 does not match uid 1000 ignore setting hits oom adj
06-14 15:54:29.495 D/ActiveServicesExtImpl( 2066): setExceptionWhenBringUp to true for ServiceRecord{1d0f321 u0 com.oplus.notificationmanager/com.oplus.notification.NotificationCenterService}, IMPF, 0
06-14 15:54:29.495 W/ActivityManager( 2066): Application dead when creating service ServiceRecord{1d0f321 u0 com.oplus.notificationmanager/com.oplus.notification.NotificationCenterService}
06-14 15:54:29.495 I/ActivityManager( 2066): Process com.oplus.notificationmanager (pid 10412) has died: fg  IMPF
06-14 15:54:29.498 V/WindowManager( 2066): Unknown focus tokens, dropping reportFocusChanged
06-14 15:54:29.499 I/adbd    (10808): Remote process closed the socket (on MSG_PEEK)
06-14 15:54:29.499 I/hwservicemanager(  649): getTransport: Cannot find entry vendor.qti.hardware.iop@2.0::IIop/default in either framework or device VINTF manifest.
06-14 15:54:29.502 I/Zygote  ( 1053): Process 9895 exited due to signal 9 (Killed)
06-14 15:54:29.505 E/statsd  ( 1051): Gauge Stats puller failed for tag: 150134 at 467145110911631
06-14 15:54:29.509 D/UsageStatsService( 2066): User[0] type=0 b=1781420039506 e=1781420079506 cb=1781348849473 ce=1781420069502 disk=0 all=6
06-14 15:54:29.510 I/Zygote  ( 1053): Process 9053 exited due to signal 9 (Killed)
06-14 15:54:29.518 D/lowmemorykiller(  647): medium pressure event polling check
06-14 15:54:29.518 D/lowmemorykiller(  647): thrashing: 3% thrashing_limit: 30%
06-14 15:54:29.519 E/lowmemorykiller(  647): calc_zone_watermarks pgskip_deltas_val: 0 pgskip_deltas[PGSKIP_IDX(i++)]: 0
06-14 15:54:29.519 E/lowmemorykiller(  647): adj:1001 file_cache:346542 free:150323
06-14 15:54:29.519 E/lowmemorykiller(  647): device has enough memory 2005432Kib, and freeMemory 601628Kib, disable killing(limit_killing:819200Kib)
06-14 15:54:29.519 D/UsageStatsService( 2066): User[0] type=0 b=1781420039511 e=1781420079511 cb=1781348849473 ce=1781420069502 disk=0 all=6
06-14 15:54:29.521 I/Zygote  ( 1053): Process 9629 exited due to signal 9 (Killed)
06-14 15:54:29.522 D/UsageStatsService( 2066): User[0] type=0 b=1781420039522 e=1781420079522 cb=1781348849473 ce=1781420069502 disk=0 all=6
06-14 15:54:29.534 W/Process ( 2066): Unable to open /proc/12250/status
06-14 15:54:29.534 W/ActivityManager( 2066): Process 12250 does not match uid 10707 ignore setting hits oom adj
06-14 15:54:29.534 E/SchedAssist( 2066): failed to open /proc/12250/task/12250/ux_state (2): No such file or directory
06-14 15:54:29.534 E/SchedAssist( 2066): failed to open /proc/12250/task/12295/ux_state (2): No such file or directory
06-14 15:54:29.534 E/SchedAssist( 2066): failed to open /proc/12250/task/12316/ux_state (2): No such file or directory
06-14 15:54:29.534 E/SchedAssist( 2066): failed to open /proc/12250/task/12317/ux_state (2): No such file or directory
06-14 15:54:29.536 I/OplusFeatureCache(12326): Milliseconds spent on init(): 67
06-14 15:54:29.538 I/SeedlingSdk.SeedlingSdkInterface( 3476): (SeedingBg) 8 gainSeedlingManager no callback begin isInitialed:2,[sdk:v1.1.36-8ce39c1,plugin:v15.0.860-2e374f19]
06-14 15:54:29.538 I/SeedlingSdk.PluginManager( 3476): (SeedingBg) gainSeedlingManager, entranceType:8, Start gain seedling manager.,[sdk:v1.1.36-8ce39c1,plugin:v15.0.860-2e374f19]
06-14 15:54:29.538 I/SeedlingSdk.PluginManager( 3476): (SeedingBg) gainSeedlingManager, entranceType:8, Seedling manager is already exist,step1.,[sdk:v1.1.36-8ce39c1,plugin:v15.0.860-2e374f19]
06-14 15:54:29.538 I/SDP.SysUi.SeedlingManager( 3476):  sendKilledPid, entrance:status_bar[8,20][ssdk:v1.1.36-8ce39c1,sdplugin:v15.0.860-2e374f19] [SeedlingSdk|com.android.systemui|1.5.5-f48228a]
06-14 15:54:29.538 D/CompactWindowAppManager(12326): initCompactApplicationInfo CompactMode: , NormalMode: 
06-14 15:54:29.538 I/SDP.SysUi.PidHelper( 3476):  sendKilledPidToUms, from entrance, pidInfo:PidInfo(hostPidMap={com.coloros.phonemanager=[], com.coloros.alarmclock=[4886], com.coloros.weather2=[]}, umsPidSet=[], extras=null)[ssdk:v1.1.36-8ce39c1,sdplugin:v15.0.860-2e374f19]
06-14 15:54:29.542 W/Process ( 2066): Unable to open /proc/9895/status
06-14 15:54:29.542 W/ActivityManager( 2066): Process 9895 does not match uid 10083 ignore setting hits oom adj
06-14 15:54:29.543 D/ClockTag_ActivityNativeUtils( 5708): getCurrentUser currentUserID: 0
06-14 15:54:29.543 D/ClockTag_CompatUtils( 5708): support osdk true > sdk = 14, sub sdk = 6
06-14 15:54:29.544 I/SDP.SysUi.ContextProxy( 3476):  acquireClient with uri:content://com.oplus.pantanal.ums.HostPidProvider/pid, pkgName:com.android.systemui, use userContext, userId:0[ssdk:v1.1.36-8ce39c1,sdplugin:v15.0.860-2e374f19]
06-14 15:54:29.545 D/OplusScrollToTopManager(12326): setIsInWhiteList false
06-14 15:54:29.546 D/OplusViewDebugManager(12326): OplusViewDebugManager Constructor android.view.debug.OplusViewDebugManager@f8dbb58 [mHasViewDebugProperty true] [mHasMsgDebugProperty false] [DEBUG false] [EXTRAINFOENABLE false] [LIGHT_OS false]
06-14 15:54:29.546 W/Process ( 2066): Unable to open /proc/9053/status
06-14 15:54:29.546 W/ActivityManager( 2066): Process 9053 does not match uid 10235 ignore setting hits oom adj
06-14 15:54:29.547 D/CompatibilityChangeReporter(12326): Compat change id reported: 242716250; UID 1000; state: ENABLED
06-14 15:54:29.548 D/OplusAppStartupManager( 2066): Adjust restart delay of ServiceRecord{1d0f321 u0 com.oplus.notificationmanager/com.oplus.notification.NotificationCenterService} from 4000 to 1000, promote count=0
06-14 15:54:29.549 W/ActivityManager( 2066): Exception when starting service com.oplus.notificationmanager/com.oplus.notification.NotificationCenterService
06-14 15:54:29.549 W/ActivityManager( 2066): android.os.DeadObjectException
06-14 15:54:29.549 W/ActivityManager( 2066): 	at android.os.BinderProxy.transactNative(Native Method)
06-14 15:54:29.549 W/ActivityManager( 2066): 	at android.os.BinderProxy.transact(BinderProxy.java:685)
06-14 15:54:29.549 W/ActivityManager( 2066): 	at android.app.IApplicationThread$Stub$Proxy.scheduleCreateService(IApplicationThread.java:1453)
06-14 15:54:29.549 W/ActivityManager( 2066): 	at com.android.server.am.ActiveServices.realStartServiceLocked(ActiveServices.java:5631)
06-14 15:54:29.549 W/ActivityManager( 2066): 	at com.android.server.am.ActiveServices.bringUpServiceInnerLocked(ActiveServices.java:5439)
06-14 15:54:29.549 W/ActivityManager( 2066): 	at com.android.server.am.ActiveServices.bringUpServiceLocked(ActiveServices.java:5340)
06-14 15:54:29.549 W/ActivityManager( 2066): 	at com.android.server.am.ActiveServices.bindServiceLocked(ActiveServices.java:3887)
06-14 15:54:29.549 W/ActivityManager( 2066): 	at com.android.server.am.ActivityManagerService.bindServiceInstance(ActivityManagerService.java:14368)
06-14 15:54:29.549 W/ActivityManager( 2066): 	at com.android.server.am.ActivityManagerService.bindServiceInstance(ActivityManagerService.java:14332)
06-14 15:54:29.549 W/ActivityManager( 2066): 	at android.app.IActivityManager$Stub.onTransact(IActivityManager.java:2884)
06-14 15:54:29.549 W/ActivityManager( 2066): 	at com.android.server.am.ActivityManagerService.onTransact(ActivityManagerService.java:3016)
06-14 15:54:29.549 W/ActivityManager( 2066): 	at android.os.Binder.execTransactInternal(Binder.java:1392)
06-14 15:54:29.549 W/ActivityManager( 2066): 	at android.os.Binder.execTransact(Binder.java:1299)
06-14 15:54:29.550 I/ActivityManager( 2066): Process com.coloros.weather.service (pid 10462) has died: cch+65 CEM 
06-14 15:54:29.551 I/hwservicemanager(  649): getTransport: Cannot find entry vendor.qti.hardware.iop@2.0::IIop/default in either framework or device VINTF manifest.
06-14 15:54:29.558 I/SeedlingSdk.SeedlingSdkInterface( 3476): (SeedingBg) 8 gainSeedlingManager no callback begin isInitialed:2,[sdk:v1.1.36-8ce39c1,plugin:v15.0.860-2e374f19]
06-14 15:54:29.558 I/SeedlingSdk.PluginManager( 3476): (SeedingBg) gainSeedlingManager, entranceType:8, Start gain seedling manager.,[sdk:v1.1.36-8ce39c1,plugin:v15.0.860-2e374f19]
06-14 15:54:29.558 I/SeedlingSdk.PluginManager( 3476): (SeedingBg) gainSeedlingManager, entranceType:8, Seedling manager is already exist,step1.,[sdk:v1.1.36-8ce39c1,plugin:v15.0.860-2e374f19]
06-14 15:54:29.558 D/DisplayManagerService( 2066): Drop pending events for gone uid 10168
06-14 15:54:29.558 I/SDP.SysUi.SeedlingManager( 3476):  sendKilledPid, entrance:status_bar[8,20][ssdk:v1.1.36-8ce39c1,sdplugin:v15.0.860-2e374f19]
06-14 15:54:29.558 I/SDP.SysUi.PidHelper( 3476):  sendKilledPidToUms, from entrance, pidInfo:PidInfo(hostPidMap={com.coloros.phonemanager=[], com.coloros.alarmclock=[4886], com.coloros.weather2=[]}, umsPidSet=[], extras=null)[ssdk:v1.1.36-8ce39c1,sdplugin:v15.0.860-2e374f19]
06-14 15:54:29.559 D/OplusAtlas.OplusAtlasEventDispatch( 4962): setEvent:atlas_event_on_process_died info:pid:10462,uid:10168
06-14 15:54:29.560 D/OplusAtlas.OplusMessageHandler( 4962): handleMessage: Msg { when=0 what=1 obj=com.oplus.atlas.OplusAtlasEvent@557bb52 target=com.oplus.atlas.OplusMessageHandler$MyHandler }
06-14 15:54:29.562 I/SDP.SysUi.ContextProxy( 3476):  acquireClient with uri:content://com.oplus.pantanal.ums.HostPidProvider/pid, pkgName:com.android.systemui, use userContext, userId:0[ssdk:v1.1.36-8ce39c1,sdplugin:v15.0.860-2e374f19]
06-14 15:54:29.565 D/SceneSDK.1.0.4-SNAPSHOT.23445.DeepThinkerAppSwitchAbility(23445): onAppSwitchEvent: AppSwitchEvent(timeStamp=1781420069296, eventType=1, targetName=com.android.launcher, firstStart=false, multiApp=false, windowMode=1, resumingPackageName=, resumingActivityName=, isResumingMultiApp=false, isResumingFirstStart=false)
06-14 15:54:29.566 I/metis_v2_AppSwitchDataCollector(23445): AppEnterEvent =  com.android.launcher, windowMode = 1,firstStart = false [Metis|com.oplus.metis|1.4.30-7ec9ae5]
06-14 15:54:29.566 I/metis_v2_AppConfigUtil(23445): saveLogCacheConfig queueSize = 50000, maxCount = 300, laseMaxCount = 300
06-14 15:54:29.566 E/OAPM    ( 2066): activity preload is not enabled
06-14 15:54:29.567 I/metis_v2_AppConfigUtil(23445): saveLogCacheConfig queueSize = 50000, maxCount = 300, laseMaxCount = 300
06-14 15:54:29.567 I/metis_v2_AppSwitchDataCollector(23445):  set isNotifiedTVCast
06-14 15:54:29.585 I/OplusHansManager ( 2066): FastFreeze exit, unfreeze uids: [10275, 10296, 10306, 10308, 10313, 10320, 10370, 10487, 10524]
06-14 15:54:29.586 I/OplusHansManager ( 2066): exit FastFreezer, unfreeze uids: [10524, 10487, 10370, 10320, 10313, 10308, 10306, 10296, 10275] thaw: [], reason: exitFF
06-14 15:54:29.586 I/OplusHansManager ( 2066): notify state machine event=FF_EXIT to uids=[10294, 10297, 10310, 10323, 10337, 10370, 10390, 10487, 10524]
06-14 15:54:29.587 I/OplusHansManager ( 2066): FF exit, uid=10370, pkg=com.facebook.orca M transition to F
06-14 15:54:29.588 E/metis_v2_FactManager(23445): There is no subModel: com.oplus.linker
06-14 15:54:29.588 I/metis_v2_AppSwitchDataCollector(23445): Skip call fire
06-14 15:54:29.588 I/OplusHansManager ( 2066): uid=10370, pkg=com.facebook.orca can not transition from M to F. reason: AsyncBinder
06-14 15:54:29.588 I/OplusHansManager ( 2066): FF exit, uid=10487, pkg=com.instagram.barcelona M transition to F
06-14 15:54:29.589 I/OplusHansManager ( 2066): uid=10487, pkg=com.instagram.barcelona can not transition from M to F. reason: AsyncBinder
06-14 15:54:29.589 I/OplusHansManager ( 2066): FF exit, uid=10524, pkg=com.ss.android.ugc.tiktok.lite M transition to F
06-14 15:54:29.589 I/OplusHansManager ( 2066): uid=10524, pkg=com.ss.android.ugc.tiktok.lite can not transition from M to F. reason: AsyncBinder
06-14 15:54:29.592 D/UXUtils ( 3476): setHasTopUi: false; stack: com.android.systemui.shade.NotificationShadeWindowControllerImpl.lambda$apply$0:631
06-14 15:54:29.594 W/Process ( 2066): Unable to open /proc/9895/status
06-14 15:54:29.594 W/ActivityManager( 2066): Process 9895 does not match uid 10083 ignore setting hits oom adj
06-14 15:54:29.594 W/Process ( 2066): Unable to open /proc/9053/status
06-14 15:54:29.594 W/ActivityManager( 2066): Process 9053 does not match uid 10235 ignore setting hits oom adj
06-14 15:54:29.600 I/ActivityManager( 2066): Process com.annieworks.AnnieWalkingLog (pid 12250) has died: prcp CRE 
06-14 15:54:29.607 W/libc    (12326): Access denied finding property "ro.odm.prev.product.name"
06-14 15:54:29.609 I/[UAH_CLIENT]( 1231): UahRelease, handle:117982
06-14 15:54:29.616 D/OplusAtlas.OplusAtlasEventDispatch( 4962): setEvent:atlas_event_on_process_died info:pid:12250,uid:10707
06-14 15:54:29.617 D/OplusAtlas.OplusMessageHandler( 4962): handleMessage: Msg { when=0 what=1 obj=com.oplus.atlas.OplusAtlasEvent@4d9ee23 target=com.oplus.atlas.OplusMessageHandler$MyHandler }
06-14 15:54:29.619 D/lowmemorykiller(  647): medium pressure event polling check
06-14 15:54:29.619 D/lowmemorykiller(  647): thrashing: 3% thrashing_limit: 30%
06-14 15:54:29.619 I/SeedlingSdk.SeedlingSdkInterface( 3476): (SeedingBg) 8 gainSeedlingManager no callback begin isInitialed:2,[sdk:v1.1.36-8ce39c1,plugin:v15.0.860-2e374f19]
06-14 15:54:29.619 I/SeedlingSdk.PluginManager( 3476): (SeedingBg) gainSeedlingManager, entranceType:8, Start gain seedling manager.,[sdk:v1.1.36-8ce39c1,plugin:v15.0.860-2e374f19]
06-14 15:54:29.619 I/SeedlingSdk.PluginManager( 3476): (SeedingBg) gainSeedlingManager, entranceType:8, Seedling manager is already exist,step1.,[sdk:v1.1.36-8ce39c1,plugin:v15.0.860-2e374f19]
06-14 15:54:29.620 E/lowmemorykiller(  647): calc_zone_watermarks pgskip_deltas_val: 0 pgskip_deltas[PGSKIP_IDX(i++)]: 0
06-14 15:54:29.620 E/lowmemorykiller(  647): adj:1001 file_cache:347625 free:166073
06-14 15:54:29.620 E/lowmemorykiller(  647): device has enough memory 2073544Kib, and freeMemory 664856Kib, disable killing(limit_killing:819200Kib)
06-14 15:54:29.619 D/OplusSmartBrightnessController( 2066): handleMessage MSG_LUX_CHANGED, mLux:480.64087 luxQueue=[480.64087, 480.64087, 480.64087, 480.64087, 480.64087, 480.64087]
06-14 15:54:29.621 I/SDP.SysUi.SeedlingManager( 3476):  sendKilledPid, entrance:status_bar[8,20][ssdk:v1.1.36-8ce39c1,sdplugin:v15.0.860-2e374f19] [SeedlingSdk|com.android.systemui|1.5.5-f48228a]
06-14 15:54:29.621 I/SDP.SysUi.PidHelper( 3476):  sendKilledPidToUms, from entrance, pidInfo:PidInfo(hostPidMap={com.coloros.phonemanager=[], com.coloros.alarmclock=[4886], com.coloros.weather2=[]}, umsPidSet=[], extras=null)[ssdk:v1.1.36-8ce39c1,sdplugin:v15.0.860-2e374f19]
06-14 15:54:29.621 D/AudioFlingerExtImpl( 1317): AudioFlingerExtImpl oplusSetParameters: keyvalue onForegroundActivitiesChanged=com.annieworks.AnnieWalkingLog:foreground:0
06-14 15:54:29.621 D/AudioFlingerExtImpl( 1317): updateForegroundInfo mForegroundMap(0)
06-14 15:54:29.622 I/SDP.SysUi.ContextProxy( 3476):  acquireClient with uri:content://com.oplus.pantanal.ums.HostPidProvider/pid, pkgName:com.android.systemui, use userContext, userId:0[ssdk:v1.1.36-8ce39c1,sdplugin:v15.0.860-2e374f19]
06-14 15:54:29.623 I/OplusHansManager ( 2066): uid=10297, pkg=com.google.android.apps.fitness cannot transition from R to M, importance=widget
06-14 15:54:29.618 D/DisplayManagerService( 2066): Drop pending events for gone uid 10707
06-14 15:54:29.633 D/SnapshotCache( 2066): removeRunningEntry id: 84584, callers=com.android.server.wm.SnapshotCache.onAppRemoved:71 com.android.server.wm.AbsAppSnapshotController.onAppRemoved:611 com.android.server.wm.SnapshotController.onAppRemoved:205 
06-14 15:54:29.633 D/ActivityTaskManager( 2066): removeAppToken: ActivityRecord{f7005bc u0 com.annieworks.AnnieWalkingLog/.MainActivity t84584 f}} delayed=true parent=Task{23a45cb #84584 type=standard A=10707:com.annieworks.AnnieWalkingLog} animating=true Callers=com.android.server.wm.DisplayContent.removeAppToken:1669 com.android.server.wm.ActivityRecord.removeFromHistory:4599 com.android.server.wm.ActivityRecord.handleAppDied:4929 com.android.server.wm.WindowProcessController.handleAppDied:1523 
06-14 15:54:29.634 D/FlexibleWindowManager( 2066): [resetSiblingEmbeddedTasksToFullScreen]size of embedded tasks is illegal
06-14 15:54:29.636 I/WindowStateExtImpl( 2066): onSurfaceShowChange show = false mPackageName = com.annieworks.AnnieWalkingLog parentPkgName = com.annieworks.AnnieWalkingLog
06-14 15:54:29.636 I/WindowManager( 2066): Window{3a51dc0 u0 Splash Screen com.annieworks.AnnieWalkingLog EXITING} state from HAS_DRAWN to NO_SURFACE; reason: destroySurface
06-14 15:54:29.637 W/Process ( 2066): Unable to open /proc/9895/status
06-14 15:54:29.637 W/ActivityManager( 2066): Process 9895 does not match uid 10083 ignore setting hits oom adj
06-14 15:54:29.638 W/Process ( 2066): Unable to open /proc/9053/status
06-14 15:54:29.638 W/ActivityManager( 2066): Process 9053 does not match uid 10235 ignore setting hits oom adj
06-14 15:54:29.639 D/callGcDesupression( 2066): java.lang.NullPointerException: Attempt to invoke virtual method 'java.lang.Object java.lang.reflect.Method.invoke(java.lang.Object, java.lang.Object[])' on a null object reference
06-14 15:54:29.639 D/SurfaceAnimationRunner( 2066): onAnimationEnd:Surface(name=Surface(name=3a51dc0 Splash Screen com.annieworks.AnnieWalkingLog)/@0x9e27070 - animation-leash of window_animation)/@0xa4c2fe9
06-14 15:54:29.640 I/ActivityManager( 2066): Process com.oplus.romupdate (pid 10479) has died: cch+35 CEM 
06-14 15:54:29.642 I/hwservicemanager(  649): getTransport: Cannot find entry vendor.qti.hardware.iop@2.0::IIop/default in either framework or device VINTF manifest.
06-14 15:54:29.644 E/OAPM    ( 2066): activity preload is not enabled
06-14 15:54:29.644 I/vendor.qti.bluetooth@1.0-ibs_handler( 1200): ProcessIbsCmd: Received IBS_WAKE_IND: 0xFD
06-14 15:54:29.644 D/vendor.qti.bluetooth@1.0-ibs_handler( 1200): SerialClockVote: vote for UART CLK ON
06-14 15:54:29.646 D/OplusLayer( 1374): setGameMode Splash Screen com.annieworks.AnnieWalkingLog#30960, gameMode 0, parentLayer .
06-14 15:54:29.646 D/Layer   ( 1374): reparent to null sequence=30960, seq[4], name=Splash Screen com.annieworks.AnnieWalkingLog#30960
06-14 15:54:29.646 D/OplusLayer( 1374): setGameMode 3a51dc0 Splash Screen com.annieworks.AnnieWalkingLog#30959, gameMode 0, parentLayer .
06-14 15:54:29.646 D/Layer   ( 1374): reparent to null sequence=30959, seq[5], name=3a51dc0 Splash Screen com.annieworks.AnnieWalkingLog#30959
06-14 15:54:29.646 D/Layer   ( 1374): reparent to null sequence=30984, seq[15], name=Surface(name=3a51dc0 Splash Screen com.annieworks.AnnieWalkingLog)/@0x9e27070 - animation-leash of window_animation#30984
06-14 15:54:29.646 D/vendor.qti.bluetooth@1.0-wake_lock( 1200): Acquire wakelock is acquired 
06-14 15:54:29.647 I/vendor.qti.bluetooth@1.0-ibs_handler( 1200): ProcessIbsCmd: Writing IBS_WAKE_ACK
06-14 15:54:29.651 E/adv_data_processor(17806): adv data modified, but len check fail or data invalid, stay intact
06-14 15:54:29.655 D/OplusAtlas.OplusAtlasEventDispatch( 4962): setEvent:atlas_event_on_process_died info:pid:10479,uid:10169
06-14 15:54:29.655 D/DisplayManagerService( 2066): Drop pending events for gone uid 10169
06-14 15:54:29.656 I/SeedlingSdk.SeedlingSdkInterface( 3476): (SeedingBg) 8 gainSeedlingManager no callback begin isInitialed:2,[sdk:v1.1.36-8ce39c1,plugin:v15.0.860-2e374f19]
06-14 15:54:29.656 D/OplusAtlas.OplusMessageHandler( 4962): handleMessage: Msg { when=0 what=1 obj=com.oplus.atlas.OplusAtlasEvent@96b3f20 target=com.oplus.atlas.OplusMessageHandler$MyHandler }
06-14 15:54:29.656 I/Zygote  ( 1053): Process 9983 exited due to signal 9 (Killed)
06-14 15:54:29.659 D/ConnectivityService( 2066): releasing NetworkRequest [ REQUEST id=68428, [ Capabilities: INTERNET&NOT_RESTRICTED&TRUSTED&NOT_VCN_MANAGED Uid: 10524 RequestorUid: 10524 RequestorPkg: com.ss.android.ugc.tiktok.lite UnderlyingNetworks: Null] ] (release request)
06-14 15:54:29.659 I/libprocessgroup( 2066): Successfully killed process cgroup uid 10235 pid 9053 in 0ms
06-14 15:54:29.661 I/libprocessgroup( 2066): Successfully killed process cgroup uid 10168 pid 10462 in 1ms
06-14 15:54:29.656 I/SeedlingSdk.PluginManager( 3476): (SeedingBg) gainSeedlingManager, entranceType:8, Start gain seedling manager.,[sdk:v1.1.36-8ce39c1,plugin:v15.0.860-2e374f19]
06-14 15:54:29.661 I/SeedlingSdk.PluginManager( 3476): (SeedingBg) gainSeedlingManager, entranceType:8, Seedling manager is already exist,step1.,[sdk:v1.1.36-8ce39c1,plugin:v15.0.860-2e374f19]
06-14 15:54:29.661 I/SDP.SysUi.SeedlingManager( 3476):  sendKilledPid, entrance:status_bar[8,20][ssdk:v1.1.36-8ce39c1,sdplugin:v15.0.860-2e374f19]
06-14 15:54:29.661 I/SDP.SysUi.PidHelper( 3476):  sendKilledPidToUms, from entrance, pidInfo:PidInfo(hostPidMap={com.coloros.phonemanager=[], com.coloros.alarmclock=[4886], com.coloros.weather2=[]}, umsPidSet=[], extras=null)[ssdk:v1.1.36-8ce39c1,sdplugin:v15.0.860-2e374f19]
06-14 15:54:29.662 E/adv_data_processor(17806): adv data modified, but len check fail or data invalid, stay intact
06-14 15:54:29.662 I/libprocessgroup( 2066): Successfully killed process cgroup uid 1000 pid 10412 in 0ms
06-14 15:54:29.663 I/SDP.SysUi.ContextProxy( 3476):  acquireClient with uri:content://com.oplus.pantanal.ums.HostPidProvider/pid, pkgName:com.android.systemui, use userContext, userId:0[ssdk:v1.1.36-8ce39c1,sdplugin:v15.0.860-2e374f19]
06-14 15:54:29.664 I/WeatherS_WeatherServiceVersionUtils( 5708): serviceVersionCode16022000
06-14 15:54:29.664 D/ClockTag_ClockWidget.ClockWidgetManager( 5708): updateWeatherInterval:180000
06-14 15:54:29.664 D/ClockTag_ClockWidget.WidgetLauncherStateReceiver( 5708): visible update weather
06-14 15:54:29.664 E/OAPM    ( 2066): activity preload is not enabled
06-14 15:54:29.666 I/libprocessgroup( 2066): Successfully killed process cgroup uid 10169 pid 10479 in 0ms
06-14 15:54:29.666 W/Process ( 2066): Unable to open /proc/9629/status
06-14 15:54:29.666 W/ActivityManager( 2066): Process 9629 does not match uid 10097 ignore setting hits oom adj
06-14 15:54:29.667 W/Process ( 2066): Unable to open /proc/9983/status
06-14 15:54:29.667 W/ActivityManager( 2066): Process 9983 does not match uid 10524 ignore setting hits oom adj
06-14 15:54:29.670 I/ActivityManager( 2066): Process com.android.vending:quick_launch (pid 9629) has died: cch+35 CEM 
06-14 15:54:29.670 D/ConnectivityService( 2066): releasing NetworkRequest [ REQUEST id=68433, [ Capabilities: INTERNET&NOT_RESTRICTED&TRUSTED&NOT_VCN_MANAGED Uid: 10524 RequestorUid: 10524 RequestorPkg: com.ss.android.ugc.tiktok.lite UnderlyingNetworks: Null] ] (release request)
06-14 15:54:29.670 I/libprocessgroup( 2066): Successfully killed process cgroup uid 10083 pid 9895 in 0ms
06-14 15:54:29.670 I/libprocessgroup( 2066): Successfully killed process cgroup uid 10097 pid 9629 in 0ms
06-14 15:54:29.671 I/libprocessgroup( 2066): Successfully killed process cgroup uid 10707 pid 12250 in 0ms
06-14 15:54:29.672 D/ConnectivityService( 2066): releasing NetworkRequest [ REQUEST id=68430, [ Capabilities: INTERNET&NOT_RESTRICTED&TRUSTED&NOT_VCN_MANAGED Uid: 10524 RequestorUid: 10524 RequestorPkg: com.ss.android.ugc.tiktok.lite UnderlyingNetworks: Null] ] (release request)
06-14 15:54:29.672 I/hwservicemanager(  649): getTransport: Cannot find entry vendor.qti.hardware.iop@2.0::IIop/default in either framework or device VINTF manifest.
06-14 15:54:29.672 D/ConnectivityService( 2066): releasing NetworkRequest [ REQUEST id=68467, [ Transports: CELLULAR Capabilities: INTERNET&NOT_RESTRICTED&TRUSTED&NOT_VPN&NOT_VCN_MANAGED Uid: 10524 RequestorUid: 10524 RequestorPkg: com.ss.android.ugc.tiktok.lite UnderlyingNetworks: Null] ] (release request)
06-14 15:54:29.675 D/OplusAtlas.OplusAtlasEventDispatch( 4962): setEvent:atlas_event_on_process_died info:pid:9629,uid:10097
06-14 15:54:29.676 D/OplusAtlas.OplusMessageHandler( 4962): handleMessage: Msg { when=0 what=1 obj=com.oplus.atlas.OplusAtlasEvent@2a5d0d9 target=com.oplus.atlas.OplusMessageHandler$MyHandler }
06-14 15:54:29.676 I/ConnectivityService( 2066): Update capabilities for net 143 : -FOREGROUND
06-14 15:54:29.677 I/SeedlingSdk.SeedlingSdkInterface( 3476): (SeedingBg) 8 gainSeedlingManager no callback begin isInitialed:2,[sdk:v1.1.36-8ce39c1,plugin:v15.0.860-2e374f19]
06-14 15:54:29.677 I/SeedlingSdk.PluginManager( 3476): (SeedingBg) gainSeedlingManager, entranceType:8, Start gain seedling manager.,[sdk:v1.1.36-8ce39c1,plugin:v15.0.860-2e374f19]
06-14 15:54:29.677 I/SeedlingSdk.PluginManager( 3476): (SeedingBg) gainSeedlingManager, entranceType:8, Seedling manager is already exist,step1.,[sdk:v1.1.36-8ce39c1,plugin:v15.0.860-2e374f19]
06-14 15:54:29.677 I/SDP.SysUi.SeedlingManager( 3476):  sendKilledPid, entrance:status_bar[8,20][ssdk:v1.1.36-8ce39c1,sdplugin:v15.0.860-2e374f19]
06-14 15:54:29.678 I/SDP.SysUi.PidHelper( 3476):  sendKilledPidToUms, from entrance, pidInfo:PidInfo(hostPidMap={com.coloros.phonemanager=[], com.coloros.alarmclock=[4886], com.coloros.weather2=[]}, umsPidSet=[], extras=null)[ssdk:v1.1.36-8ce39c1,sdplugin:v15.0.860-2e374f19]
06-14 15:54:29.678 I/SDP.SysUi.ContextProxy( 3476):  acquireClient with uri:content://com.oplus.pantanal.ums.HostPidProvider/pid, pkgName:com.android.systemui, use userContext, userId:0[ssdk:v1.1.36-8ce39c1,sdplugin:v15.0.860-2e374f19]
06-14 15:54:29.679 W/Process ( 2066): Unable to open /proc/9895/status
06-14 15:54:29.679 W/ActivityManager( 2066): Process 9895 does not match uid 10083 ignore setting hits oom adj
06-14 15:54:29.680 W/Process ( 2066): Unable to open /proc/9053/status
06-14 15:54:29.680 W/ActivityManager( 2066): Process 9053 does not match uid 10235 ignore setting hits oom adj
06-14 15:54:29.680 W/Process ( 2066): Unable to open /proc/9983/status
06-14 15:54:29.680 W/ActivityManager( 2066): Process 9983 does not match uid 10524 ignore setting hits oom adj
06-14 15:54:29.682 D/DisplayManagerServiceExtImpl( 2066): scheduleTraversalLocked intraversal=false
06-14 15:54:29.682 D/nativeloader(12326): Configuring clns-shared-4 for other apk /system_ext/app/CrashBox/CrashBox.apk. target_sdk_version=34, uses_libraries=, library_path=/system_ext/app/CrashBox/lib/arm64:/system_ext/app/CrashBox/CrashBox.apk!/lib/arm64-v8a:/system/lib64:/system_ext/lib64, permitted_path=/data:/mnt/expand:/data/user/0/com.oplus.crashbox:/system_ext/app/CrashBox:/system/lib64:/system_ext/lib64
06-14 15:54:29.684 I/ActivityManager( 2066): Process com.ss.android.ugc.tiktok.lite (pid 9983) has died: cch+95 CEM 
06-14 15:54:29.687 I/hwservicemanager(  649): getTransport: Cannot find entry vendor.qti.hardware.iop@2.0::IIop/default in either framework or device VINTF manifest.
06-14 15:54:29.690 D/DisplayManagerService( 2066): Drop pending events for gone uid 10524
06-14 15:54:29.690 I/SeedlingSdk.SeedlingSdkInterface( 3476): (SeedingBg) 8 gainSeedlingManager no callback begin isInitialed:2,[sdk:v1.1.36-8ce39c1,plugin:v15.0.860-2e374f19]
06-14 15:54:29.690 I/SeedlingSdk.PluginManager( 3476): (SeedingBg) gainSeedlingManager, entranceType:8, Start gain seedling manager.,[sdk:v1.1.36-8ce39c1,plugin:v15.0.860-2e374f19]
06-14 15:54:29.690 I/SeedlingSdk.PluginManager( 3476): (SeedingBg) gainSeedlingManager, entranceType:8, Seedling manager is already exist,step1.,[sdk:v1.1.36-8ce39c1,plugin:v15.0.860-2e374f19]
06-14 15:54:29.690 I/SDP.SysUi.SeedlingManager( 3476):  sendKilledPid, entrance:status_bar[8,20][ssdk:v1.1.36-8ce39c1,sdplugin:v15.0.860-2e374f19]
06-14 15:54:29.689 D/OplusAtlas.OplusAtlasEventDispatch( 4962): setEvent:atlas_event_on_process_died info:pid:9983,uid:10524
06-14 15:54:29.690 I/SDP.SysUi.PidHelper( 3476):  sendKilledPidToUms, from entrance, pidInfo:PidInfo(hostPidMap={com.coloros.phonemanager=[], com.coloros.alarmclock=[4886], com.coloros.weather2=[]}, umsPidSet=[], extras=null)[ssdk:v1.1.36-8ce39c1,sdplugin:v15.0.860-2e374f19]
06-14 15:54:29.691 D/OplusAtlas.OplusMessageHandler( 4962): handleMessage: Msg { when=0 what=1 obj=com.oplus.atlas.OplusAtlasEvent@7123a9e target=com.oplus.atlas.OplusMessageHandler$MyHandler }
06-14 15:54:29.691 I/SDP.SysUi.ContextProxy( 3476):  acquireClient with uri:content://com.oplus.pantanal.ums.HostPidProvider/pid, pkgName:com.android.systemui, use userContext, userId:0[ssdk:v1.1.36-8ce39c1,sdplugin:v15.0.860-2e374f19]
06-14 15:54:29.692 E/OAPM    ( 2066): activity preload is not enabled
06-14 15:54:29.694 I/OplusHansManager ( 2066): uid=10524, pkg=com.ss.android.ugc.tiktok.lite M exit SM
06-14 15:54:29.694 I/OplusHansManager ( 2066): onUidGone(), 10524 com.ss.android.ugc.tiktok.lite exit SM
06-14 15:54:29.694 I/OplusHansManager ( 2066): uid=10524, pkg=com.ss.android.ugc.tiktok.lite M exit(), M stay=2
06-14 15:54:29.694 I/OplusHansManager ( 2066): uid=10524, pkg=com.ss.android.ugc.tiktok.lite R exit(), R stay=0
06-14 15:54:29.699 I/vendor.qti.bluetooth@1.0-ibs_handler( 1200): ProcessIbsCmd: Received IBS_SLEEP_IND: 0xFE
06-14 15:54:29.699 D/vendor.qti.bluetooth@1.0-ibs_handler( 1200): SerialClockVote: vote for UART CLK OFF
06-14 15:54:29.700 D/OplusSlaFastSwitch( 2066): Network lost lostNetwork.netId = 143
06-14 15:54:29.700 I/SDP.SysUi.PidHelper( 3476):  sendKilledPidToUms, send to ums, bundle:Bundle[{bundle_key_ums_pid_set=[], bundle_key_host_pid_map={com.coloros.phonemanager=[], com.coloros.alarmclock=[4886], com.coloros.weather2=[]}}][ssdk:v1.1.36-8ce39c1,sdplugin:v15.0.860-2e374f19] [SeedlingSdk|com.android.systemui|1.5.5-f48228a]
06-14 15:54:29.703 D/WifiStatusTracker( 3476): mNetworkCallback onCapabilitiesChanged return networkId:143
06-14 15:54:29.709 W/Process ( 2066): Unable to open /proc/9895/status
06-14 15:54:29.709 W/ActivityManager( 2066): Process 9895 does not match uid 10083 ignore setting hits oom adj
06-14 15:54:29.709 W/Process ( 2066): Unable to open /proc/9053/status
06-14 15:54:29.709 W/ActivityManager( 2066): Process 9053 does not match uid 10235 ignore setting hits oom adj
06-14 15:54:29.711 I/SDP.SysUi.PidHelper( 3476):  sendKilledPidToUms, send to ums, bundle:Bundle[{bundle_key_ums_pid_set=[], bundle_key_host_pid_map={com.coloros.phonemanager=[], com.coloros.alarmclock=[4886], com.coloros.weather2=[]}}][ssdk:v1.1.36-8ce39c1,sdplugin:v15.0.860-2e374f19]
06-14 15:54:29.712 D/QCNEJ/WwanInfoRelay( 3909): onCapabilitiesChanged: 143 [ Transports: CELLULAR Capabilities: SUPL&INTERNET&NOT_RESTRICTED&TRUSTED&NOT_VPN&VALIDATED&NOT_ROAMING&NOT_CONGESTED&NOT_SUSPENDED&NOT_VCN_MANAGED LinkUpBandwidth>=10536Kbps LinkDnBandwidth>=15174Kbps Specifier: <TelephonyNetworkSpecifier [mSubId = 1]> SubscriptionIds: {1} UnderlyingNetworks: Null]
06-14 15:54:29.714 I/QCNEJ/WwanInfoRelay( 3909): cacheWwanInfo subId = 1 phoneId = 0 slotId = 0
06-14 15:54:29.714 D/PhoneInterfaceManager( 3875): QueryTelephonyChecker-getDataNetworkTypeForSubscriber: packageName = com.qualcomm.qti.cne, isGrant = true
06-14 15:54:29.718 D/lowmemorykiller(  647): medium pressure event polling check
06-14 15:54:29.718 D/lowmemorykiller(  647): thrashing: 4% thrashing_limit: 30%
06-14 15:54:29.719 E/lowmemorykiller(  647): calc_zone_watermarks pgskip_deltas_val: 0 pgskip_deltas[PGSKIP_IDX(i++)]: 0
06-14 15:54:29.719 E/lowmemorykiller(  647): adj:1001 file_cache:350693 free:171023
06-14 15:54:29.719 E/lowmemorykiller(  647): device has enough memory 2137272Kib, and freeMemory 684092Kib, disable killing(limit_killing:819200Kib)
06-14 15:54:29.721 E/TMMS-NetworkCallbackImpl( 7328): network ---> capability-changed, type: Cellular.
06-14 15:54:29.724 I/vendor.qti.bluetooth@1.0-ibs_handler( 1200): ProcessIbsCmd: Received IBS_WAKE_IND: 0xFD
06-14 15:54:29.724 D/vendor.qti.bluetooth@1.0-ibs_handler( 1200): SerialClockVote: vote for UART CLK ON
06-14 15:54:29.724 I/vendor.qti.bluetooth@1.0-ibs_handler( 1200): ProcessIbsCmd: Writing IBS_WAKE_ACK
06-14 15:54:29.726 W/OplusExSystemServiceHelper(27202): checkOplusExSystemService intent getComponent is null
06-14 15:54:29.727 W/[0]DCS  (31945): Common Record event failed. DCS reject event: [appId=20082,logTag=20082,eventId=seeding_fail] . Pls check server config.
06-14 15:54:29.729 E/adv_data_processor(17806): adv data modified, but len check fail or data invalid, stay intact
06-14 15:54:29.730 D/ClockTag_ClockWidget.ClockWidgetWeatherService( 5708): ClockWidgetWeatherService onCreate:
06-14 15:54:29.730 D/ClockTag_ClockWidget.ClockWidgetWeatherService( 5708): ClockWidgetWeatherService registerAll
06-14 15:54:29.733 W/Process ( 2066): Unable to open /proc/9895/status
06-14 15:54:29.733 W/ActivityManager( 2066): Process 9895 does not match uid 10083 ignore setting hits oom adj
06-14 15:54:29.735 D/CompatibilityChangeReporter( 2066): Compat change id reported: 218533173; UID 10524; state: ENABLED
06-14 15:54:29.736 I/ActivityManager( 2066): Process com.google.android.projection.gearhead:shared (pid 9895) has died: cch+25 CEM 
06-14 15:54:29.737 I/hwservicemanager(  649): getTransport: Cannot find entry vendor.qti.hardware.iop@2.0::IIop/default in either framework or device VINTF manifest.
06-14 15:54:29.739 D/CompatibilityChangeReporter( 2066): Compat change id reported: 262645982; UID 10524; state: ENABLED
06-14 15:54:29.745 W/Process ( 2066): Unable to open /proc/9053/status
06-14 15:54:29.745 W/ActivityManager( 2066): Process 9053 does not match uid 10235 ignore setting hits oom adj
06-14 15:54:29.746 I/ActivityManager( 2066): Process com.google.android.euicc (pid 9053) has died: cch+85 CEM 
06-14 15:54:29.746 D/OplusAtlas.OplusAtlasEventDispatch( 4962): setEvent:atlas_event_on_process_died info:pid:9895,uid:10083
06-14 15:54:29.748 D/OplusAtlas.OplusMessageHandler( 4962): handleMessage: Msg { when=-1ms what=1 obj=com.oplus.atlas.OplusAtlasEvent@4d3497f target=com.oplus.atlas.OplusMessageHandler$MyHandler }
06-14 15:54:29.749 I/hwservicemanager(  649): getTransport: Cannot find entry vendor.qti.hardware.iop@2.0::IIop/default in either framework or device VINTF manifest.
06-14 15:54:29.750 W/AccessibilityManagerService( 2066):  wait for adding window timeout: 1159
06-14 15:54:29.750 W/[0]DCS  (31945): Common Record event failed. DCS reject event: [appId=20082,logTag=20082,eventId=seeding_fail] . Pls check server config.
06-14 15:54:29.751 D/nativeloader(12326): Load libframework-connectivity-jni.so using APEX ns com_android_tethering for caller /apex/com.android.tethering/javalib/framework-connectivity.jar: ok
06-14 15:54:29.754 W/[0]DCS  (31945): Common Record event failed. DCS reject event: [appId=20082,logTag=20082,eventId=seeding_fail] . Pls check server config.
06-14 15:54:29.754 I/SeedlingSdk.SeedlingSdkInterface( 3476): (SeedingBg) 8 gainSeedlingManager no callback begin isInitialed:2,[sdk:v1.1.36-8ce39c1,plugin:v15.0.860-2e374f19]
06-14 15:54:29.754 I/SeedlingSdk.PluginManager( 3476): (SeedingBg) gainSeedlingManager, entranceType:8, Start gain seedling manager.,[sdk:v1.1.36-8ce39c1,plugin:v15.0.860-2e374f19]
06-14 15:54:29.754 I/SeedlingSdk.PluginManager( 3476): (SeedingBg) gainSeedlingManager, entranceType:8, Seedling manager is already exist,step1.,[sdk:v1.1.36-8ce39c1,plugin:v15.0.860-2e374f19]
06-14 15:54:29.754 I/SDP.SysUi.SeedlingManager( 3476):  sendKilledPid, entrance:status_bar[8,20][ssdk:v1.1.36-8ce39c1,sdplugin:v15.0.860-2e374f19]
06-14 15:54:29.754 D/DisplayManagerService( 2066): Drop pending events for gone uid 10083
06-14 15:54:29.755 I/SDP.SysUi.PidHelper( 3476):  sendKilledPidToUms, from entrance, pidInfo:PidInfo(hostPidMap={com.coloros.phonemanager=[], com.coloros.alarmclock=[4886], com.coloros.weather2=[]}, umsPidSet=[], extras=null)[ssdk:v1.1.36-8ce39c1,sdplugin:v15.0.860-2e374f19]
06-14 15:54:29.757 I/SDP.SysUi.ContextProxy( 3476):  acquireClient with uri:content://com.oplus.pantanal.ums.HostPidProvider/pid, pkgName:com.android.systemui, use userContext, userId:0[ssdk:v1.1.36-8ce39c1,sdplugin:v15.0.860-2e374f19]
06-14 15:54:29.758 I/SDP.SysUi.PidHelper( 3476):  sendKilledPidToUms, send to ums, bundle:Bundle[{bundle_key_ums_pid_set=[], bundle_key_host_pid_map={com.coloros.phonemanager=[], com.coloros.alarmclock=[4886], com.coloros.weather2=[]}}][ssdk:v1.1.36-8ce39c1,sdplugin:v15.0.860-2e374f19]
06-14 15:54:29.758 E/OAPM    ( 2066): activity preload is not enabled
06-14 15:54:29.759 I/MMKV    (31945): <MMKV_IO.cpp:456::writeActualSize> [mmkv.default] increase sequence to 262770, crc 2387692190, actualSize 620
06-14 15:54:29.763 D/OplusAtlas.OplusAtlasEventDispatch( 4962): setEvent:atlas_event_on_process_died info:pid:9053,uid:10235
06-14 15:54:29.763 D/TracePrintUtil( 3730): asyncTraceEnd remove 102,windAnimTagArray.size = 0
06-14 15:54:29.763 D/TracePrintUtil( 3730): onWindowAnimationEnd
06-14 15:54:29.763 D/RemoteAnimationRunnerCompat( 3730): animationFinishedCallback run
06-14 15:54:29.764 D/OplusAtlas.OplusMessageHandler( 4962): handleMessage: Msg { when=-1ms what=1 obj=com.oplus.atlas.OplusAtlasEvent@5952d4c target=com.oplus.atlas.OplusMessageHandler$MyHandler }
06-14 15:54:29.766 I/SeedlingSdk.SeedlingSdkInterface( 3476): (SeedingBg) 8 gainSeedlingManager no callback begin isInitialed:2,[sdk:v1.1.36-8ce39c1,plugin:v15.0.860-2e374f19]
06-14 15:54:29.766 V/WindowManagerShell( 3476): Transition animation finished (aborted=false), notifying core (#1746)android.os.BinderProxy@b8f697b@0
06-14 15:54:29.766 I/vendor.qti.bluetooth@1.0-ibs_handler( 1200): ProcessIbsCmd: Received IBS_SLEEP_IND: 0xFE
06-14 15:54:29.766 D/vendor.qti.bluetooth@1.0-ibs_handler( 1200): SerialClockVote: vote for UART CLK OFF
06-14 15:54:29.766 I/WeatherS_WeatherServiceVersionUtils( 5708): serviceVersionCode16022000
06-14 15:54:29.767 D/ClockTag_ClockWidget.ClockWidgetWeatherService( 5708): registerWeatherCityObserver
06-14 15:54:29.767 I/SeedlingSdk.PluginManager( 3476): (SeedingBg) gainSeedlingManager, entranceType:8, Start gain seedling manager.,[sdk:v1.1.36-8ce39c1,plugin:v15.0.860-2e374f19]
06-14 15:54:29.767 I/SeedlingSdk.PluginManager( 3476): (SeedingBg) gainSeedlingManager, entranceType:8, Seedling manager is already exist,step1.,[sdk:v1.1.36-8ce39c1,plugin:v15.0.860-2e374f19]
06-14 15:54:29.767 D/DisplayManagerService( 2066): Drop pending events for gone uid 10235
06-14 15:54:29.768 D/OplusLayer( 1374): setGameMode ActivityRecord{98822e0 u0 com.android.launcher/.Launcher t5}#21292, gameMode 0, parentLayer Task=5#67.
06-14 15:54:29.768 D/OplusLayer( 1374): setGameMode 2d74999 ActivityRecordInputSink com.android.launcher/.Launcher#21305, gameMode 0, parentLayer ActivityRecord{98822e0 u0 com.android.launcher/.Launcher t5}#21292.
06-14 15:54:29.768 D/OplusLayer( 1374): setGameMode 7be6eaf com.android.launcher/com.android.launcher.Launcher#21293, gameMode 0, parentLayer ActivityRecord{98822e0 u0 com.android.launcher/.Launcher t5}#21292.
06-14 15:54:29.769 D/OplusLayer( 1374): setGameMode a781c46 InputMethod#116, gameMode 0, parentLayer Surface(name=a781c46 InputMethod)/@0x172b7f5 - animation-leash of insets_animation#30983.
06-14 15:54:29.769 D/OplusLayer( 1374): setGameMode b7b87e5 GoogleDiscoverWindow#21295, gameMode 0, parentLayer ActivityRecord{98822e0 u0 com.android.launcher/.Launcher t5}#21292.
06-14 15:54:29.769 D/Layer   ( 1374): reparent to null sequence=30979, seq[2], name=Surface(name=Task=1)/@0x28ea9c5_transition-leash#30979
06-14 15:54:29.769 D/Layer   ( 1374): reparent to null sequence=30981, seq[90], name=Surface(name=Task=84584)/@0xb2a3a4b_transition-leash#30981
06-14 15:54:29.769 D/OplusLayer( 1374): setGameMode WallpaperWindowToken{b729850 token=android.os.Binder@2e6f177}#77, gameMode 0, parentLayer Surface(name=WallpaperWindowToken{b729850 token=android.os.Binder@2e6f177})/@0x8b51d41_transition-leash#30982.
06-14 15:54:29.769 D/OplusLayer( 1374): setGameMode 3ea7026 com.android.systemui.wallpapers.ImageWallpaper#79, gameMode 0, parentLayer WallpaperWindowToken{b729850 token=android.os.Binder@2e6f177}#77.
06-14 15:54:29.769 D/OplusLayer( 1374): setGameMode com.android.systemui.wallpapers.ImageWallpaper#80, gameMode 0, parentLayer 3ea7026 com.android.systemui.wallpapers.ImageWallpaper#79.
06-14 15:54:29.769 D/OplusLayer( 1374): setGameMode Wallpaper BBQ wrapper#81, gameMode 0, parentLayer com.android.systemui.wallpapers.ImageWallpaper#80.
06-14 15:54:29.769 D/Layer   ( 1374): reparent to null sequence=30977, seq[1], name=Transition Root: Task=1#30977
06-14 15:54:29.769 D/OplusLayer( 1374): setGameMode ImeContainer#13, gameMode 0, parentLayer ActivityRecord{98822e0 u0 com.android.launcher/.Launcher t5}#21292.
06-14 15:54:29.769 D/OplusLayer( 1374): setGameMode c896dbd com.annieworks.AnnieWalkingLog/com.annieworks.AnnieWalkingLog.MainActivity#30966, gameMode 0, parentLayer ActivityRecord{f7005bc u0 com.annieworks.AnnieWalkingLog/.MainActivity t84584}#30958.
06-14 15:54:29.769 D/OplusLayer( 1374): setGameMode com.annieworks.AnnieWalkingLog/com.annieworks.AnnieWalkingLog.MainActivity#30967, gameMode 0, parentLayer c896dbd com.annieworks.AnnieWalkingLog/com.annieworks.AnnieWalkingLog.MainActivity#30966.
06-14 15:54:29.769 D/OplusLayer( 1374): setGameMode Task=84584#30957, gameMode 0, parentLayer DefaultTaskDisplayArea#10.
06-14 15:54:29.769 D/OplusLayer( 1374): setGameMode ActivityRecord{f7005bc u0 com.annieworks.AnnieWalkingLog/.MainActivity t84584}#30958, gameMode 0, parentLayer Task=84584#30957.
06-14 15:54:29.769 D/OplusLayer( 1374): setGameMode fd9e945 ActivityRecordInputSink com.annieworks.AnnieWalkingLog/.MainActivity#30964, gameMode 0, parentLayer ActivityRecord{f7005bc u0 com.annieworks.AnnieWalkingLog/.MainActivity t84584}#30958.
06-14 15:54:29.770 W/WindowManager( 2066): Exception thrown during dispatchAppVisibility Window{c896dbd u0 com.annieworks.AnnieWalkingLog/com.annieworks.AnnieWalkingLog.MainActivity EXITING}
06-14 15:54:29.770 W/WindowManager( 2066): android.os.DeadObjectException
06-14 15:54:29.770 W/WindowManager( 2066): 	at android.os.BinderProxy.transactNative(Native Method)
06-14 15:54:29.770 W/WindowManager( 2066): 	at android.os.BinderProxy.transact(BinderProxy.java:685)
06-14 15:54:29.770 W/WindowManager( 2066): 	at android.view.IWindow$Stub$Proxy.dispatchAppVisibility(IWindow.java:565)
06-14 15:54:29.770 W/WindowManager( 2066): 	at com.android.server.wm.WindowState.sendAppVisibilityToClients(WindowState.java:3678)
06-14 15:54:29.770 W/WindowManager( 2066): 	at com.android.server.wm.WindowContainer.sendAppVisibilityToClients(WindowContainer.java:1300)
06-14 15:54:29.770 W/WindowManager( 2066): 	at com.android.server.wm.WindowToken.setClientVisible(WindowToken.java:453)
06-14 15:54:29.770 W/WindowManager( 2066): 	at com.android.server.wm.ActivityRecord.setClientVisible(ActivityRecord.java:8248)
06-14 15:54:29.770 W/WindowManager( 2066): 	at com.android.server.wm.ActivityRecord.postApplyAnimation(ActivityRecord.java:6637)
06-14 15:54:29.770 W/WindowManager( 2066): 	at com.android.server.wm.ActivityRecord.commitVisibility(ActivityRecord.java:6579)
06-14 15:54:29.770 W/WindowManager( 2066): 	at com.android.server.wm.Transition.finishTransition(Transition.java:1255)
06-14 15:54:29.770 W/WindowManager( 2066): 	at com.android.server.wm.TransitionController.finishTransition(TransitionController.java:928)
06-14 15:54:29.770 W/WindowManager( 2066): 	at com.android.server.wm.WindowOrganizerController.finishTransition(WindowOrganizerController.java:423)
06-14 15:54:29.770 W/WindowManager( 2066): 	at android.window.IWindowOrganizerController$Stub.onTransact(IWindowOrganizerController.java:286)
06-14 15:54:29.770 W/WindowManager( 2066): 	at com.android.server.wm.WindowOrganizerController.onTransact(WindowOrganizerController.java:185)
06-14 15:54:29.770 W/WindowManager( 2066): 	at android.os.Binder.execTransactInternal(Binder.java:1392)
06-14 15:54:29.770 W/WindowManager( 2066): 	at android.os.Binder.execTransact(Binder.java:1299)
06-14 15:54:29.770 W/Process ( 2066): Unable to open /proc/12250/status
06-14 15:54:29.770 W/WindowManager( 2066): 12250 is reused by others, skip killProcess
06-14 15:54:29.770 I/OplusAppSwitchManagerService( 2066):  handleAppVisible , r = ActivityRecord{98822e0 u0 com.android.launcher/.Launcher t5}
06-14 15:54:29.772 D/DisplayManagerService( 2066): performTraversalInternal pendingTraversal
06-14 15:54:29.772 D/DisplayDevice( 2066): setLayerStackLocked id=local:4630946962717273473 token=android.os.BinderProxy@d4bca4e stack=0->0
06-14 15:54:29.772 V/WindowManager( 2066): Finish Transition #1746: created at 06-14 15:54:29.139 collect-started=0.068ms request-sent=0.235ms started=50.951ms ready=76.787ms sent=177.005ms finished=629.065ms
06-14 15:54:29.773 I/TaskOrganizerController( 2066): onTaskInfoChanged taskid 84584 config { mBounds=Rect(0, 0 - 1080, 2400) mAppBounds=Rect(0, 118 - 1080, 2288) mMaxBounds=Rect(0, 0 - 1080, 2400) mDisplayRotation=ROTATION_0 mWindowingMode=fullscreen mDisplayWindowingMode=fullscreen mActivityType=standard mAlwaysOnTop=undefined mRotation=ROTATION_0}
06-14 15:54:29.773 D/FlexibleWindowManager( 2066): onFlexibleWindowTaskInfoChanged: mTaskId = 84584 oldIsTaskEmbedded = false   curIsTaskEmbedded = false  topActivity = null
06-14 15:54:29.773 D/OplusFlexibleWindowMinimizedManagerHelper( 2066): onTaskInfoChanged taskInfo:TaskInfo{userId=0 taskId=84584 displayId=0 isRunning=false baseIntent=Intent { act=android.intent.action.MAIN cat=[android.intent.category.LAUNCHER] flg=0x10200000 cmp=com.annieworks.AnnieWalkingLog/.MainActivity mCallingUid=10187 } baseActivity=null topActivity=null origActivity=null realActivity=ComponentInfo{com.annieworks.AnnieWalkingLog/com.annieworks.AnnieWalkingLog.MainActivity} numActivities=0 lastActiveTime=467144775 supportsSplitScreenMultiWindow=true supportsMultiWindow=true supportsPocketStudioMultiWindow=true isInFlexibleEmbedded = false uid = -1 pid = -1 resizeMode=1 isResizeable=true minWidth=-1 minHeight=-1 defaultMinSize=220 token=WCT{RemoteToken{eebe333 Task{23a45cb #84584 type=standard A=10707:com.annieworks.AnnieWalkingLog}}} topActivityType=1 pictureInPictureParams=null shouldDockBigOverlays=false launchIntoPipHostTaskId=-1 lastParentTaskIdBeforePip=-1 displayCutoutSafeInsets=Rect(0, 118 - 0, 0) topActivityInfo=null launchCookies=[] positionInParent=Point(0, 0) parentTaskId=-1 isFocused=false isVisible=false isVisibleRequested=false isSleeping=false topActivityInSizeCompat=false topActivityInOplusCompatMode=false topActivityEligibleForLetterboxEducation= false topActivityLetterboxed= false isFromDoubleTap= false topActivityLetterboxVerticalPosition= -1 topActivityLetterboxHorizontalPosition= -1 topActivityLetterboxWidth=-1 topActivityLetterboxHeight=-1 locusId=null displayAreaFeatureId=1 cameraCompatControlState=hidden locusId= null topActivityLetterboxInsets=Rect(0, 0 - 0, 0)} task:Task{23a45cb #84584 type=standard A=10707:com.annieworks.AnnieWalkingLog}
06-14 15:54:29.774 D/ActivityTaskManager( 2066): removeAppToken: ActivityRecord{f7005bc u0 com.annieworks.AnnieWalkingLog/.MainActivity t84584 f}} delayed=false parent=Task{23a45cb #84584 type=standard A=10707:com.annieworks.AnnieWalkingLog} animating=false Callers=com.android.server.wm.ActivityRecord.removeImmediately:4944 com.android.server.wm.ActivityRecord.removeIfPossible:4968 com.android.server.wm.ActivityRecord.handleCompleteDeferredRemoval:4974 com.android.server.wm.WindowContainer.handleCompleteDeferredRemoval:1483 
06-14 15:54:29.774 I/WindowManager( 2066): Window{c896dbd u0 com.annieworks.AnnieWalkingLog/com.annieworks.AnnieWalkingLog.MainActivity EXITING} state from HAS_DRAWN to NO_SURFACE; reason: destroySurface
06-14 15:54:29.776 D/DisplayManagerService( 2066): performTraversalInternal pendingTraversal
06-14 15:54:29.776 D/DisplayDevice( 2066): setLayerStackLocked id=local:4630946962717273473 token=android.os.BinderProxy@d4bca4e stack=0->0
06-14 15:54:29.777 V/GraphicsEnvironment(12326): Currently set values for:
06-14 15:54:29.777 V/GraphicsEnvironment(12326):   angle_gl_driver_selection_pkgs=[]
06-14 15:54:29.777 V/GraphicsEnvironment(12326):   angle_gl_driver_selection_values=[]
06-14 15:54:29.778 I/SDP.SysUi.SeedlingManager( 3476):  sendKilledPid, entrance:status_bar[8,20][ssdk:v1.1.36-8ce39c1,sdplugin:v15.0.860-2e374f19]
06-14 15:54:29.778 I/SDP.SysUi.PidHelper( 3476):  sendKilledPidToUms, from entrance, pidInfo:PidInfo(hostPidMap={com.coloros.phonemanager=[], com.coloros.alarmclock=[4886], com.coloros.weather2=[]}, umsPidSet=[], extras=null)[ssdk:v1.1.36-8ce39c1,sdplugin:v15.0.860-2e374f19]
06-14 15:54:29.779 I/SDP.SysUi.ContextProxy( 3476):  acquireClient with uri:content://com.oplus.pantanal.ums.HostPidProvider/pid, pkgName:com.android.systemui, use userContext, userId:0[ssdk:v1.1.36-8ce39c1,sdplugin:v15.0.860-2e374f19]
06-14 15:54:29.780 E/OAPM    ( 2066): activity preload is not enabled
06-14 15:54:29.780 D/Layer   ( 1374): reparent to null sequence=30977, seq[1], name=Transition Root: Task=1#30977
06-14 15:54:29.780 D/Layer   ( 1374): reparent to null sequence=30967, seq[6], name=com.annieworks.AnnieWalkingLog/com.annieworks.AnnieWalkingLog.MainActivity#30967
06-14 15:54:29.780 D/Layer   ( 1374): reparent to null sequence=30966, seq[4], name=c896dbd com.annieworks.AnnieWalkingLog/com.annieworks.AnnieWalkingLog.MainActivity#30966
06-14 15:54:29.780 I/WeatherS_WeatherServiceVersionUtils( 5708): serviceVersionCode16022000
06-14 15:54:29.780 V/ActivityManager( 2066): Got obituary of 10412:com.oplus.notificationmanager
06-14 15:54:29.780 I/SDP.SysUi.PidHelper( 3476):  sendKilledPidToUms, send to ums, bundle:Bundle[{bundle_key_ums_pid_set=[], bundle_key_host_pid_map={com.coloros.phonemanager=[], com.coloros.alarmclock=[4886], com.coloros.weather2=[]}}][ssdk:v1.1.36-8ce39c1,sdplugin:v15.0.860-2e374f19]
06-14 15:54:29.782 V/GraphicsEnvironment(12326): ANGLE GameManagerService for com.oplus.crashbox: false
06-14 15:54:29.782 V/GraphicsEnvironment(12326): com.oplus.crashbox is not listed in per-application setting
06-14 15:54:29.783 V/GraphicsEnvironment(12326): Neither updatable production driver nor prerelease driver is supported.
06-14 15:54:29.784 I/SDP.SysUi.PidHelper( 3476):  sendKilledPidToUms, send to ums, bundle:Bundle[{bundle_key_ums_pid_set=[], bundle_key_host_pid_map={com.coloros.phonemanager=[], com.coloros.alarmclock=[4886], com.coloros.weather2=[]}}][ssdk:v1.1.36-8ce39c1,sdplugin:v15.0.860-2e374f19]
06-14 15:54:29.785 D/OplusMirageWindowManagerService( 2066): onTaskRemoved displayid:0 taskId:84584 callers:com.android.server.wm.MirageWindowManagerExtImpl.onTaskRemoved:47 com.android.server.wm.TaskDisplayArea.removeChildTask:393 com.android.server.wm.TaskDisplayArea.removeChild:382 com.android.server.wm.WindowContainer.removeImmediately:888 com.android.server.wm.TaskFragment.removeImmediately:3348 
06-14 15:54:29.785 I/OplusScreenSecurityMask( 2066): onStackRemoved task = Task{23a45cb #84584 type=standard A=10707:com.annieworks.AnnieWalkingLog} record = null displayId = 0
06-14 15:54:29.786 D/OplusAlwaysAliveManager( 2066): removing: 84584, ComponentInfo{com.annieworks.AnnieWalkingLog/com.annieworks.AnnieWalkingLog.MainActivity}
06-14 15:54:29.787 D/TaskFragmentExtImpl( 2066): remove ActivityRecord{f7005bc u0 com.annieworks.AnnieWalkingLog/.MainActivity t-1 f}} to mActivityRecordSum = Counter{ }
06-14 15:54:29.788 D/OplusTransitionController( 2066): finishTransition, transition: TransitionRecord{731e6a id=1746 type=CLOSE flags=0x10}
06-14 15:54:29.788 D/OplusTransitionAnimationManager( 2066): commitVisibilityWhenFinishTransition type=2, ar.isVisibleRequested=true, ar.isVisible=true, ar.isVisibleRequested=true, ar=ActivityRecord{98822e0 u0 com.android.launcher/.Launcher t5} ar type 2 ar state :RESUMED displayid :0, participants={Task{23a45cb #84584 type=standard A=10707:com.annieworks.AnnieWalkingLog}, Task{2460ab7 #5 type=home I=com.android.launcher/.Launcher}, ActivityRecord{98822e0 u0 com.android.launcher/.Launcher t5}, WallpaperWindowToken{b729850 token=android.os.Binder@2e6f177}, ActivityRecord{f7005bc u0 com.annieworks.AnnieWalkingLog/.MainActivity t-1 f}}, Task{fc6a80d #1 type=home}}
06-14 15:54:29.788 D/OplusTransitionAnimationManager( 2066): commitVisibilityWhenFinishTransition type=2, ar.isVisibleRequested=false, ar.isVisible=false, ar.isVisibleRequested=false, ar=ActivityRecord{f7005bc u0 com.annieworks.AnnieWalkingLog/.MainActivity t-1 f}} ar type 1 ar state :DESTROYED displayid :-1, participants={Task{23a45cb #84584 type=standard A=10707:com.annieworks.AnnieWalkingLog}, Task{2460ab7 #5 type=home I=com.android.launcher/.Launcher}, ActivityRecord{98822e0 u0 com.android.launcher/.Launcher t5}, WallpaperWindowToken{b729850 token=android.os.Binder@2e6f177}, ActivityRecord{f7005bc u0 com.annieworks.AnnieWalkingLog/.MainActivity t-1 f}}, Task{fc6a80d #1 type=home}}
06-14 15:54:29.788 D/TransitionController( 2066): NFW_send RECOMPUTE_FOCUS in finishTransition
06-14 15:54:29.788 D/ShellTaskOrganizer( 3476): onTransitionFinish, isRecent:false
06-14 15:54:29.788 V/WindowManagerShell( 3476): Track 0 became idle
06-14 15:54:29.788 D/ShellTaskOrganizer( 3476): dispatchTaskEventToClientIfNeed, eventType:2, taskInfo:TaskInfo{userId=0 taskId=84584 displayId=0 isRunning=false baseIntent=Intent { act=android.intent.action.MAIN cat=[android.intent.category.LAUNCHER] flg=0x10200000 cmp=com.annieworks.AnnieWalkingLog/.MainActivity mCallingUid=10187 } baseActivity=null topActivity=null origActivity=null realActivity=ComponentInfo{com.annieworks.AnnieWalkingLog/com.annieworks.AnnieWalkingLog.MainActivity} numActivities=0 lastActiveTime=467144775 supportsSplitScreenMultiWindow=true supportsMultiWindow=true supportsPocketStudioMultiWindow=true isInFlexibleEmbedded = false uid = -1 pid = -1 resizeMode=1 isResizeable=true minWidth=-1 minHeight=-1 defaultMinSize=220 token=WCT{android.window.IWindowContainerToken$Stub$Proxy@d5f86a} topActivityType=1 pictureInPictureParams=null shouldDockBigOverlays=false launchIntoPipHostTaskId=-1 lastParentTaskIdBeforePip=-1 displayCutoutSafeInsets=Rect(0, 118 - 0, 0) topActivityInfo=null launchCookies=[] positionInParent=Point(0, 0) parentTaskId=-1 isFocused=false isVisible=false isVisibleRequested=false isSleeping=false topActivityInSizeCompat=false topActivityInOplusCompatMode=false topActivityEligibleForLetterboxEducation= false topActivityLetterboxed= false isFromDoubleTap= false topActivityLetterboxVerticalPosition= -1 topActivityLetterboxHorizontalPosition= -1 topActivityLetterboxWidth=-1 topActivityLetterboxHeight=-1 locusId=null displayAreaFeatureId=1 cameraCompatControlState=hidden locusId= null topActivityLetterboxInsets=Rect(0, 0 - 0, 0)}, leash:null
06-14 15:54:29.788 D/ShellTaskOrganizerExt( 3476): visibleFlexibleTaskInfos delete:84584
06-14 15:54:29.789 W/[0]DCS  (31945): Common Record event failed. DCS reject event: [appId=20082,logTag=20082,eventId=seeding_fail] . Pls check server config.
06-14 15:54:29.790 D/UsageStatsService( 2066): User[0] type=0 b=1781420039787 e=1781420079787 cb=1781348849473 ce=1781420069744 disk=0 all=6
06-14 15:54:29.791 E/BpTransactionCompletedListener( 1374): Failed to transact (-32)
06-14 15:54:29.793 D/OplusFlexibleWindowMinimizedManagerHelper( 2066): onTaskVanished taskInfo:84584 task:Task{23a45cb #84584 type=standard A=10707:com.annieworks.AnnieWalkingLog}
06-14 15:54:29.793 W/[0]DCS  (31945): Common Record event failed. DCS reject event: [appId=20082,logTag=20082,eventId=seeding_fail] . Pls check server config.
06-14 15:54:29.793 I/FlexibleTaskController( 2066): releaseFlexibleTaskCaptionView task=Task{23a45cb #84584 type=standard A=10707:com.annieworks.AnnieWalkingLog}
06-14 15:54:29.793 I/FlexibleTaskController( 2066): java.lang.Throwable
06-14 15:54:29.793 I/FlexibleTaskController( 2066): 	at com.android.server.wm.FlexibleTaskController.releaseFlexibleCaptionView(FlexibleTaskController.java:1224)
06-14 15:54:29.793 I/FlexibleTaskController( 2066): 	at com.android.server.wm.FlexibleWindowManagerService.onFlexibleWindowTaskVanished(FlexibleWindowManagerService.java:797)
06-14 15:54:29.793 I/FlexibleTaskController( 2066): 	at com.android.server.wm.TaskOrganizerControllerExtImpl.onTaskVanished(TaskOrganizerControllerExtImpl.java:105)
06-14 15:54:29.793 I/FlexibleTaskController( 2066): 	at com.android.server.wm.TaskOrganizerController$TaskOrganizerCallbacks.onTaskVanished(TaskOrganizerController.java:158)
06-14 15:54:29.793 I/FlexibleTaskController( 2066): 	at com.android.server.wm.TaskOrganizerController$TaskOrganizerPendingEventsQueue.dispatchPendingEvent(TaskOrganizerController.java:316)
06-14 15:54:29.793 I/FlexibleTaskController( 2066): 	at com.android.server.wm.TaskOrganizerController$TaskOrganizerPendingEventsQueue.dispatchPendingEvents(TaskOrganizerController.java:302)
06-14 15:54:29.793 I/FlexibleTaskController( 2066): 	at com.android.server.wm.TaskOrganizerController.dispatchPendingEvents(TaskOrganizerController.java:1050)
06-14 15:54:29.793 I/FlexibleTaskController( 2066): 	at com.android.server.wm.WindowAnimator.animate(WindowAnimator.java:212)
06-14 15:54:29.793 I/FlexibleTaskController( 2066): 	at com.android.server.wm.WindowAnimator.lambda$new$1(WindowAnimator.java:107)
06-14 15:54:29.793 I/FlexibleTaskController( 2066): 	at com.android.server.wm.WindowAnimator.$r8$lambda$aHNu1uhcqxihX5NZc4McDDQPAyw(WindowAnimator.java:0)
06-14 15:54:29.793 I/FlexibleTaskController( 2066): 	at com.android.server.wm.WindowAnimator$$ExternalSyntheticLambda1.doFrame(R8$$SyntheticClass:0)
06-14 15:54:29.793 I/FlexibleTaskController( 2066): 	at android.view.Choreographer$CallbackRecord.run(Choreographer.java:1542)
06-14 15:54:29.793 I/FlexibleTaskController( 2066): 	at android.view.Choreographer$CallbackRecord.run(Choreographer.java:1553)
06-14 15:54:29.793 I/FlexibleTaskController( 2066): 	at android.view.Choreographer.doCallbacks(Choreographer.java:1109)
06-14 15:54:29.793 I/FlexibleTaskController( 2066): 	at android.view.Choreographer.doFrame(Choreographer.java:984)
06-14 15:54:29.793 I/FlexibleTaskController( 2066): 	at android.view.Choreographer$FrameDisplayEventReceiver.run(Choreographer.java:1527)
06-14 15:54:29.793 I/FlexibleTaskController( 2066): 	at android.os.Handler.handleCallback(Handler.java:958)
06-14 15:54:29.793 I/FlexibleTaskController( 2066): 	at android.os.Handler.dispatchMessage(Handler.java:99)
06-14 15:54:29.793 I/FlexibleTaskController( 2066): 	at android.os.Looper.loopOnce(Looper.java:257)
06-14 15:54:29.793 I/FlexibleTaskController( 2066): 	at android.os.Looper.loop(Looper.java:368)
06-14 15:54:29.793 I/FlexibleTaskController( 2066): 	at android.os.HandlerThread.run(HandlerThread.java:67)
06-14 15:54:29.793 I/FlexibleTaskController( 2066): 	at com.android.server.ServiceThread.run(ServiceThread.java:46)
06-14 15:54:29.793 D/OplusFlexibleWindowMinimizedManagerHelper( 2066): onTaskVanished taskInfo:84584 task:Task{23a45cb #84584 type=standard A=10707:com.annieworks.AnnieWalkingLog}
06-14 15:54:29.793 I/FlexibleTaskController( 2066): releaseFlexibleTaskCaptionView task=Task{23a45cb #84584 type=standard A=10707:com.annieworks.AnnieWalkingLog}
06-14 15:54:29.793 I/FlexibleTaskController( 2066): java.lang.Throwable
06-14 15:54:29.793 I/FlexibleTaskController( 2066): 	at com.android.server.wm.FlexibleTaskController.releaseFlexibleCaptionView(FlexibleTaskController.java:1224)
06-14 15:54:29.793 I/FlexibleTaskController( 2066): 	at com.android.server.wm.FlexibleWindowManagerService.onFlexibleWindowTaskVanished(FlexibleWindowManagerService.java:797)
06-14 15:54:29.793 I/FlexibleTaskController( 2066): 	at com.android.server.wm.TaskOrganizerControllerExtImpl.onTaskVanished(TaskOrganizerControllerExtImpl.java:105)
06-14 15:54:29.793 I/FlexibleTaskController( 2066): 	at com.android.server.wm.TaskOrganizerController$TaskOrganizerPendingEventsQueue.dispatchPendingEvent(TaskOrganizerController.java:319)
06-14 15:54:29.793 I/FlexibleTaskController( 2066): 	at com.android.server.wm.TaskOrganizerController$TaskOrganizerPendingEventsQueue.dispatchPendingEvents(TaskOrganizerController.java:302)
06-14 15:54:29.793 I/FlexibleTaskController( 2066): 	at com.android.server.wm.TaskOrganizerController.dispatchPendingEvents(TaskOrganizerController.java:1050)
06-14 15:54:29.793 I/FlexibleTaskController( 2066): 	at com.android.server.wm.WindowAnimator.animate(WindowAnimator.java:212)
06-14 15:54:29.793 I/FlexibleTaskController( 2066): 	at com.android.server.wm.WindowAnimator.lambda$new$1(WindowAnimator.java:107)
06-14 15:54:29.793 I/FlexibleTaskController( 2066): 	at com.android.server.wm.WindowAnimator.$r8$lambda$aHNu1uhcqxihX5NZc4McDDQPAyw(WindowAnimator.java:0)
06-14 15:54:29.793 I/FlexibleTaskController( 2066): 	at com.android.server.wm.WindowAnimator$$ExternalSyntheticLambda1.doFrame(R8$$SyntheticClass:0)
06-14 15:54:29.793 I/FlexibleTaskController( 2066): 	at android.view.Choreographer$CallbackRecord.run(Choreographer.java:1542)
06-14 15:54:29.793 I/FlexibleTaskController( 2066): 	at android.view.Choreographer$CallbackRecord.run(Choreographer.java:1553)
06-14 15:54:29.793 I/FlexibleTaskController( 2066): 	at android.view.Choreographer.doCallbacks(Choreographer.java:1109)
06-14 15:54:29.793 I/FlexibleTaskController( 2066): 	at android.view.Choreographer.doFrame(Choreographer.java:984)
06-14 15:54:29.793 I/FlexibleTaskController( 2066): 	at android.view.Choreographer$FrameDisplayEventReceiver.run(Choreographer.java:1527)
06-14 15:54:29.793 I/FlexibleTaskController( 2066): 	at android.os.Handler.handleCallback(Handler.java:958)
06-14 15:54:29.793 I/FlexibleTaskController( 2066): 	at android.os.Handler.dispatchMessage(Handler.java:99)
06-14 15:54:29.793 I/FlexibleTaskController( 2066): 	at android.os.Looper.loopOnce(Looper.java:257)
06-14 15:54:29.793 I/FlexibleTaskController( 2066): 	at android.os.Looper.loop(Looper.java:368)
06-14 15:54:29.793 I/FlexibleTaskController( 2066): 	at android.os.HandlerThread.run(HandlerThread.java:67)
06-14 15:54:29.793 I/FlexibleTaskController( 2066): 	at com.android.server.ServiceThread.run(ServiceThread.java:46)
06-14 15:54:29.797 D/DisplayManagerService( 2066): performTraversalInternal pendingTraversal
06-14 15:54:29.797 D/DisplayDevice( 2066): setLayerStackLocked id=local:4630946962717273473 token=android.os.BinderProxy@d4bca4e stack=0->0
06-14 15:54:29.798 W/[0]DCS  (31945): Common Record event failed. DCS reject event: [appId=20082,logTag=20082,eventId=seeding_fail] . Pls check server config.
06-14 15:54:29.798 V/ShellTaskOrganizer( 3476): Task vanished taskId=84584
06-14 15:54:29.798 D/ShellTaskOrganizer( 3476): dispatchTaskEventToClientIfNeed, eventType:1, taskInfo:TaskInfo{userId=0 taskId=84584 displayId=-1 isRunning=false baseIntent=Intent { act=android.intent.action.MAIN cat=[android.intent.category.LAUNCHER] flg=0x10200000 cmp=com.annieworks.AnnieWalkingLog/.MainActivity mCallingUid=10187 } baseActivity=null topActivity=null origActivity=null realActivity=ComponentInfo{com.annieworks.AnnieWalkingLog/com.annieworks.AnnieWalkingLog.MainActivity} numActivities=0 lastActiveTime=467144775 supportsSplitScreenMultiWindow=false supportsMultiWindow=false supportsPocketStudioMultiWindow=true isInFlexibleEmbedded = false uid = -1 pid = -1 resizeMode=1 isResizeable=true minWidth=-1 minHeight=-1 defaultMinSize=220 token=WCT{android.window.IWindowContainerToken$Stub$Proxy@8c7415b} topActivityType=1 pictureInPictureParams=null shouldDockBigOverlays=false launchIntoPipHostTaskId=-1 lastParentTaskIdBeforePip=-1 displayCutoutSafeInsets=null topActivityInfo=null launchCookies=[] positionInParent=Point(0, 0) parentTaskId=-1 isFocused=false isVisible=false isVisibleRequested=false isSleeping=false topActivityInSizeCompat=false topActivityInOplusCompatMode=false topActivityEligibleForLetterboxEducation= false topActivityLetterboxed= false isFromDoubleTap= false topActivityLetterboxVerticalPosition= -1 topActivityLetterboxHorizontalPosition= -1 topActivityLetterboxWidth=-1 topActivityLetterboxHeight=-1 locusId=null displayAreaFeatureId=-1 cameraCompatControlState=hidden locusId= null topActivityLetterboxInsets=Rect(0, 0 - 0, 0)}, leash:null
06-14 15:54:29.799 D/ShellTaskOrganizerExt( 3476): visibleFlexibleTaskInfos delete:84584
06-14 15:54:29.798 D/UsageStatsService( 2066): User[0] type=0 b=1781420039794 e=1781420079794 cb=1781348849473 ce=1781420069793 disk=0 all=6
06-14 15:54:29.801 W/[0]DCS  (31945): Common Record event failed. DCS reject event: [appId=20082,logTag=20082,eventId=seeding_fail] . Pls check server config.
06-14 15:54:29.802 D/Layer   ( 1374): reparent to null sequence=30958, seq[4], name=ActivityRecord{f7005bc u0 com.annieworks.AnnieWalkingLog/.MainActivity t84584}#30958
06-14 15:54:29.802 I/SwitchesProvider(12326): com.oplus.crashbox.settingslib.switch_provider
06-14 15:54:29.802 D/Layer   ( 1374): reparent to null sequence=30957, seq[75], name=Task=84584#30957
06-14 15:54:29.802 D/Layer   ( 1374): reparent to null sequence=30985, seq[2], name=Task=84584#30985
06-14 15:54:29.802 E/CrashBox_SwitchProvider(12326): createSwitchControllers called.
06-14 15:54:29.803 D/UsageStatsService( 2066): User[0] type=0 b=1781420039802 e=1781420079802 cb=1781348849473 ce=1781420069793 disk=0 all=6
06-14 15:54:29.805 D/UsageStatsService( 2066): User[0] type=0 b=1781420039804 e=1781420079804 cb=1781348849473 ce=1781420069793 disk=0 all=6
06-14 15:54:29.806 W/[0]DCS  (31945): Common Record event failed. DCS reject event: [appId=20082,logTag=20082,eventId=seeding_fail] . Pls check server config.
06-14 15:54:29.807 I/SDP.SysUi.PidHelper( 3476):  sendKilledPidToUms, send to ums, bundle:Bundle[{bundle_key_ums_pid_set=[], bundle_key_host_pid_map={com.coloros.phonemanager=[], com.coloros.alarmclock=[4886], com.coloros.weather2=[]}}][ssdk:v1.1.36-8ce39c1,sdplugin:v15.0.860-2e374f19] [SeedlingSdk|com.android.systemui|1.5.5-f48228a]
06-14 15:54:29.808 D/UsageStatsService( 2066): User[0] type=0 b=1781420039807 e=1781420079807 cb=1781348849473 ce=1781420069793 disk=0 all=6
06-14 15:54:29.811 D/ClockTag_ClockWidget.ClockWidgetWeatherService( 5708): ClockWidgetWeatherService onStartCommand
06-14 15:54:29.811 D/ClockTag_ClockWidget.ClockWidgetWeatherService( 5708): checkConfigChanged:true
06-14 15:54:29.811 D/ClockTag_ClockWidgetState( 5708): system config, dual clock:1, split screen:0, color:-1/true, screenDisplayModel:1
06-14 15:54:29.812 D/ClockTag_ClockWidgetState( 5708): systemDualClock:1
06-14 15:54:29.814 D/ClockTag_ClockWidgetState( 5708): systemSplitScreenMode:false
06-14 15:54:29.814 D/ClockTag_ClockWidgetState( 5708): systemWallpaperColor:-1/true
06-14 15:54:29.814 I/SDP.SysUi.PidHelper( 3476):  sendKilledPidToUms, send to ums, bundle:Bundle[{bundle_key_ums_pid_set=[], bundle_key_host_pid_map={com.coloros.phonemanager=[], com.coloros.alarmclock=[4886], com.coloros.weather2=[]}}][ssdk:v1.1.36-8ce39c1,sdplugin:v15.0.860-2e374f19]
06-14 15:54:29.817 D/UsageStatsService( 2066): User[0] type=0 b=1781420039815 e=1781420079815 cb=1781348849473 ce=1781420069793 disk=0 all=6
06-14 15:54:29.817 D/lowmemorykiller(  647): medium pressure event polling check
06-14 15:54:29.817 D/lowmemorykiller(  647): thrashing: 4% thrashing_limit: 30%
06-14 15:54:29.818 E/lowmemorykiller(  647): calc_zone_watermarks pgskip_deltas_val: 0 pgskip_deltas[PGSKIP_IDX(i++)]: 0
06-14 15:54:29.818 E/lowmemorykiller(  647): adj:1001 file_cache:353486 free:166820
06-14 15:54:29.818 E/lowmemorykiller(  647): device has enough memory 2141624Kib, and freeMemory 667280Kib, disable killing(limit_killing:819200Kib)
06-14 15:54:29.824 D/UsageStatsService( 2066): User[0] type=0 b=1781420039821 e=1781420079821 cb=1781348849473 ce=1781420069822 disk=0 all=6
06-14 15:54:29.824 I/GoogleSignatureVerifier(25306): package info is not set correctly
06-14 15:54:29.825 D/UsageStatsService( 2066): User[0] type=0 b=1781420039825 e=1781420079825 cb=1781348849473 ce=1781420069822 disk=0 all=6
06-14 15:54:29.827 D/UsageStatsService( 2066): User[0] type=0 b=1781420039826 e=1781420079826 cb=1781348849473 ce=1781420069822 disk=0 all=6
06-14 15:54:29.828 D/ClockTag_CompatUtils( 5708): support osdk true > sdk = 14, sub sdk = 6
06-14 15:54:29.829 D/UsageStatsService( 2066): User[0] type=0 b=1781420039829 e=1781420079829 cb=1781348849473 ce=1781420069822 disk=0 all=6
06-14 15:54:29.832 D/UsageStatsService( 2066): User[0] type=0 b=1781420039831 e=1781420079831 cb=1781348849473 ce=1781420069822 disk=0 all=6
06-14 15:54:29.834 D/UsageStatsService( 2066): User[0] type=0 b=1781420039833 e=1781420079833 cb=1781348849473 ce=1781420069822 disk=0 all=6
06-14 15:54:29.835 I/SDP.SysUi.PidHelper( 3476):  sendKilledPidToUms, send to ums, bundle:Bundle[{bundle_key_ums_pid_set=[], bundle_key_host_pid_map={com.coloros.phonemanager=[], com.coloros.alarmclock=[4886], com.coloros.weather2=[]}}][ssdk:v1.1.36-8ce39c1,sdplugin:v15.0.860-2e374f19]
06-14 15:54:29.836 I/AlarmManager(27202): set [name: SystemMemoryCache type: 2 triggerAtMillis: 315827145446 windowMillis: -1 intervalMillis: 0]
06-14 15:54:29.837 D/UsageStatsService( 2066): User[0] type=0 b=1781420039835 e=1781420079835 cb=1781348849473 ce=1781420069822 disk=0 all=6
06-14 15:54:29.838 I/ClockTag_ClockWidget.ClockWidgetManager( 5708): isRPlus = false
06-14 15:54:29.838 I/WeatherS_WeatherServiceVersionUtils( 5708): serviceVersionCode16022000
06-14 15:54:29.838 D/ClockTag_ClockWidget.BaseWidgetViewHelper( 5708): getLocalWeatherInfo isCommonWeatherServiceExist is true
06-14 15:54:29.839 I/WeatherS_WeatherServiceVersionUtils( 5708): serviceVersionCode16022000
06-14 15:54:29.839 D/ClockTag_ClockWidget.BaseWidgetViewHelper( 5708): getResidentWeatherInfo isCommonWeatherServiceExist=true 
06-14 15:54:29.839 D/ClockTag_ClockWidget.BaseWidgetViewHelper( 5708): isExpVersion getCurClockType isDoubleClockOpened:true,localWeatherEntity:WeatherEntity{mDegree='19', mType='1', mDescription='雨', mCentigrade='°', mTimeZone='9.0', mParentCityCode=''},residentWeatherEntity:WeatherEntity{mDegree='19', mType='1', mDescription='雨', mCentigrade='°', mTimeZone='9.0', mParentCityCode=''}
06-14 15:54:29.839 D/ClockTag_ClockWidget.BaseWidgetViewHelper( 5708): supportNewDoubleClock:0
06-14 15:54:29.839 D/UsageStatsService( 2066): User[0] type=0 b=1781420039838 e=1781420079838 cb=1781348849473 ce=1781420069822 disk=0 all=6
06-14 15:54:29.839 D/ClockTag_ClockWidget.BaseWidgetViewHelper( 5708): isSameTimezone:9.0
06-14 15:54:29.839 D/ClockTag_ClockWidget.BaseWidgetViewHelper( 5708): getCurClockType is same timezone:
06-14 15:54:29.839 D/ClockTag_ClockWidget.BaseWidgetViewHelper( 5708): getCurClockType is same timezone:
06-14 15:54:29.839 D/ClockTag_ClockWidget.ClockWidgetManager( 5708): init clock type:1->1
06-14 15:54:29.839 I/WeatherS_WeatherServiceVersionUtils( 5708): serviceVersionCode16022000
06-14 15:54:29.839 D/ClockTag_ClockWidget.BaseWidgetViewHelper( 5708): getLocalWeatherInfo isCommonWeatherServiceExist is true
06-14 15:54:29.842 D/UsageStatsService( 2066): User[0] type=0 b=1781420039840 e=1781420079840 cb=1781348849473 ce=1781420069822 disk=0 all=6
06-14 15:54:29.842 D/AppFeatureProviderUtils(12326): getStringForFeature: true
06-14 15:54:29.842 D/ClockTag_OplusDateUtils( 5708): isTimeMillisDayTime -- hour = 15
06-14 15:54:29.842 I/WeatherS_WeatherServiceVersionUtils( 5708): serviceVersionCode16022000
06-14 15:54:29.842 E/UAH_JNI ( 2066): uah_event_acquire ! cmdId: 9 ,strPkg: OSENSE_SYSTEM_SCENE_BITMAP, strIdent: BitmapExtImpl, timeout: 5000
06-14 15:54:29.842 I/[UAH_CLIENT]( 2066): UahEventAcquire, cmdid:9, pkg:OSENSE_SYSTEM_SCENE_BITMAP, identity:BitmapExtImpl
06-14 15:54:29.842 D/ClockTag_WeatherResUtil( 5708): getOpWeatherIcon -- index:1 OP_WEATHER_ICON_LENGTH:71 correctWeatherIndex:1
06-14 15:54:29.842 D/ClockTag_ClockWidget.ClockWidgetManager( 5708): updateTimeAndDateInfo
06-14 15:54:29.844 D/UsageStatsService( 2066): User[0] type=0 b=1781420039843 e=1781420079843 cb=1781348849473 ce=1781420069822 disk=0 all=6
06-14 15:54:29.846 D/AppFeatureProviderUtils(12326): getStringForFeature: false
06-14 15:54:29.846 D/UsageStatsService( 2066): User[0] type=0 b=1781420039845 e=1781420079845 cb=1781348849473 ce=1781420069822 disk=0 all=6
06-14 15:54:29.848 D/UsageStatsService( 2066): User[0] type=0 b=1781420039847 e=1781420079847 cb=1781348849473 ce=1781420069822 disk=0 all=6
06-14 15:54:29.848 D/AppFeatureProviderUtils(12326): getStringForFeature: null
06-14 15:54:29.849 D/UsageStatsService( 2066): User[0] type=0 b=1781420039848 e=1781420079848 cb=1781348849473 ce=1781420069822 disk=0 all=6
06-14 15:54:29.849 D/ClockTag_ClockWidget.TimeInfoBuilder( 5708): getTimeInfo  hour = 15 -- minutes =54     -- ampm =  date:6月14日(日),fullTime:15:54,weekDay:日曜日,monthDay:6月14日
06-14 15:54:29.852 D/AppFeatureProviderUtils(12326): getStringForFeature: false
06-14 15:54:29.852 D/UsageStatsService( 2066): User[0] type=0 b=1781420039851 e=1781420079851 cb=1781348849473 ce=1781420069851 disk=0 all=6
06-14 15:54:29.854 W/OplusExSystemServiceHelper(27202): checkOplusExSystemService intent getComponent is null
06-14 15:54:29.854 D/UsageStatsService( 2066): User[0] type=0 b=1781420039854 e=1781420079854 cb=1781348849473 ce=1781420069854 disk=0 all=7
06-14 15:54:29.855 V/ListServiceUtils( 2066): checkInListByUid start module:custom-icc uid:1000  time 355424586411us
06-14 15:54:29.855 D/ClockTag_ClockWidget.ClockWidgetManager( 5708): updateLocalData type:false weather:false time:true force:false
06-14 15:54:29.856 D/UsageStatsService( 2066): User[0] type=0 b=1781420039856 e=1781420079856 cb=1781348849473 ce=1781420069854 disk=0 all=7
06-14 15:54:29.857 D/AppFeatureProviderUtils(12326): getStringForFeature: null
06-14 15:54:29.858 D/ClockTag_WidgetUpdateHelper( 5708): start update all widgets
06-14 15:54:29.858 D/DisplayManagerService( 2066): MSG_REQUEST_TRAVERSAL pendingCompleted=false
06-14 15:54:29.858 D/ClockTag_WidgetUpdateHelper( 5708): getWidgetIds: class com.coloros.widget.smallweather.OppoWeather
06-14 15:54:29.859 D/ClockTag_WidgetUpdateHelper( 5708): updateWidget: null class com.coloros.widget.smallweather.OppoWeather
06-14 15:54:29.859 D/ClockTag_WidgetUpdateHelper( 5708): getWidgetIds: class com.coloros.widget.smallweather.OppoWeatherSingle
06-14 15:54:29.860 V/ListServiceUtils( 2066): checkInListByUid end module:custom-icc uid:1000  time 355424591589us
06-14 15:54:29.860 D/ListServiceUtils( 2066): checkInListByUid module:custom-icc uid:1000 cost 5177us return 0
06-14 15:54:29.860 E/ListServiceUtils( 2066): checkInListByUid module:custom-icc uid:1000 cost 5177us return 0
06-14 15:54:29.860 D/ClockTag_WidgetUpdateHelper( 5708): updateWidget: [I@975e7f4 class com.coloros.widget.smallweather.OppoWeatherSingle
06-14 15:54:29.860 D/ClockTag_WidgetUpdateHelper( 5708): relayoutAllWidget :1
06-14 15:54:29.861 D/MMListService( 1976): getListValueByUid module:image-processing, uid:1000
06-14 15:54:29.861 D/UsageStatsService( 2066): User[0] type=0 b=1781420039860 e=1781420079860 cb=1781348849473 ce=1781420069860 disk=0 all=7
06-14 15:54:29.862 D/ClockTag_ClockWidget.BaseClockWidget( 5708): relayoutWidget mLastClockType = 1 isClockAllOverTheme =false
06-14 15:54:29.863 V/ListServiceUtils( 2066): getListValueByUid module:image-processing uid:1000 cost 2610us return 0
06-14 15:54:29.863 E/ListServiceUtils( 2066): getListValueByUid module:image-processing uid:1000 cost 2610us return 0
06-14 15:54:29.863 V/JpegEncoderExtImpl( 2066): Resolution: 1080 x 2400,support: 0;
06-14 15:54:29.863 D/UsageStatsService( 2066): User[0] type=0 b=1781420039862 e=1781420079862 cb=1781348849473 ce=1781420069860 disk=0 all=7
06-14 15:54:29.865 D/UsageStatsService( 2066): User[0] type=0 b=1781420039864 e=1781420079864 cb=1781348849473 ce=1781420069860 disk=0 all=7
06-14 15:54:29.866 D/ClockTag_ClockWidgetUtils( 5708): supportLandWidget false
06-14 15:54:29.867 D/UsageStatsService( 2066): User[0] type=0 b=1781420039867 e=1781420079867 cb=1781348849473 ce=1781420069860 disk=0 all=7
06-14 15:54:29.868 D/DisplayManagerServiceExtImpl( 2066): scheduleTraversalLocked intraversal=false
06-14 15:54:29.868 D/ClockTag_ClockWidget.ClockWidgetManager( 5708): getIntentToStartApp action=com.oplus.alarmclock.AlarmClock category=null
06-14 15:54:29.868 D/AppFeatureProviderUtils(12326): getStringForFeature: null
06-14 15:54:29.868 W/LogFileUploaderWrapper(12326): Storage host url is empty, can't initInternal.
06-14 15:54:29.868 D/LocalDisplayAdapter( 2066): setDesiredDisplayModeSpecsAsync: display unique id = local:4630946962717273473, display mode specs = defaultMode=1 allowGroupSwitching=false primaryRanges=physical: (0.0 Infinity) render:  (0.0 90.0) appRequestRanges=physical: (0.0 Infinity) render:  (0.0 90.0)
06-14 15:54:29.869 D/SurfaceFlinger( 1374): VRR [SurfaceFlinger] setDesiredDisplayModeSpecs, from process 2066, 1, 0, primaryRanges = [ 0.000000, inf, 0.000000, 90.000000 ], appRequestRanges = [ 0.000000, inf, 0.000000 90.000000 ]
06-14 15:54:29.869 I/RefreshRateSelector( 1374): Display 4630946962717273473 policy changed
06-14 15:54:29.869 I/RefreshRateSelector( 1374): Previous: {defaultModeId=1, allowGroupSwitching=false, primaryRanges={physical=[90.00 Hz, 90.00 Hz], render=[90.00 Hz, 90.00 Hz]}, appRequestRanges={physical=[90.00 Hz, 90.00 Hz], render=[90.00 Hz, 90.00 Hz]}}
06-14 15:54:29.869 I/RefreshRateSelector( 1374): Current:  DisplayManagerPolicy{defaultModeId=1, allowGroupSwitching=false, primaryRanges={physical=[0.00 Hz, inf Hz], render=[0.00 Hz, 90.00 Hz]}, appRequestRanges={physical=[0.00 Hz, inf Hz], render=[0.00 Hz, 90.00 Hz]}}
06-14 15:54:29.869 I/RefreshRateSelector( 1374): 0 mode changes were performed under the previous policy
06-14 15:54:29.869 W/ComposerExtn( 1374): DisplayExtnImpl::SetActiveConfig: HWC Display 0 is not registered!
06-14 15:54:29.869 D/SurfaceFlinger( 1374): VRR [SurfaceFlinger] applyRefreshRateSelectorPolicy: 1 (90.00 Hz), policy: {defaultModeId=1, allowGroupSwitching=false, primaryRanges={physical=[0.00 Hz, inf Hz], render=[0.00 Hz, 90.00 Hz]}, appRequestRanges={physical=[0.00 Hz, inf Hz], render=[0.00 Hz, 90.00 Hz]}}
06-14 15:54:29.869 D/SurfaceFlinger( 1374): VRR [SurfaceFlinger] setDesiredActiveMode: 90, event: 1 ,displayid = 4630946962717273473
06-14 15:54:29.870 W/ActivityManager( 2066): setHasOverlayUi called on unknown pid: 12250
06-14 15:54:29.870 D/UsageStatsService( 2066): User[0] type=0 b=1781420039870 e=1781420079870 cb=1781348849473 ce=1781420069860 disk=0 all=7
06-14 15:54:29.871 D/BoundBrokerSvc(27202): onRebind: Intent { act=com.google.android.gms.auth.aang.events.services.START dat=chimera-action:/... cmp=com.google.android.gms/.chimera.PersistentApiService mCallingUid=10100 }
06-14 15:54:29.871 D/TaskStackChangeListeners( 3730): onTaskRemoved(), old=-1, cur=84584
06-14 15:54:29.872 D/ZoomController( 3476): onTaskRemoved
06-14 15:54:29.872 D/TaskStackChangeListeners( 3730): onTaskRemoved(), old=-1, cur=84584
06-14 15:54:29.872 D/ZoomController( 3476): onTaskRemoved
06-14 15:54:29.873 D/DisplayManagerService( 2066): MSG_REQUEST_TRAVERSAL pendingCompleted=false
06-14 15:54:29.874 D/DisplayManagerService( 2066): performTraversalInternal pendingTraversal
06-14 15:54:29.874 D/DisplayDevice( 2066): setLayerStackLocked id=local:4630946962717273473 token=android.os.BinderProxy@d4bca4e stack=0->0
06-14 15:54:29.875 D/LocalDisplayAdapter( 2066): setDesiredDisplayModeSpecsAsync: display unique id = local:4630946962717273473, display mode specs = defaultMode=0 allowGroupSwitching=false primaryRanges=physical: (0.0 Infinity) render:  (0.0 90.0) appRequestRanges=physical: (0.0 Infinity) render:  (0.0 90.0)
06-14 15:54:29.875 D/SurfaceFlinger( 1374): VRR [SurfaceFlinger] setDesiredDisplayModeSpecs, from process 2066, 0, 0, primaryRanges = [ 0.000000, inf, 0.000000, 90.000000 ], appRequestRanges = [ 0.000000, inf, 0.000000 90.000000 ]
06-14 15:54:29.875 I/RefreshRateSelector( 1374): Display 4630946962717273473 policy changed
06-14 15:54:29.875 I/RefreshRateSelector( 1374): Previous: {defaultModeId=1, allowGroupSwitching=false, primaryRanges={physical=[0.00 Hz, inf Hz], render=[0.00 Hz, 90.00 Hz]}, appRequestRanges={physical=[0.00 Hz, inf Hz], render=[0.00 Hz, 90.00 Hz]}}
06-14 15:54:29.875 I/RefreshRateSelector( 1374): Current:  DisplayManagerPolicy{defaultModeId=0, allowGroupSwitching=false, primaryRanges={physical=[0.00 Hz, inf Hz], render=[0.00 Hz, 90.00 Hz]}, appRequestRanges={physical=[0.00 Hz, inf Hz], render=[0.00 Hz, 90.00 Hz]}}
06-14 15:54:29.875 I/RefreshRateSelector( 1374): 0 mode changes were performed under the previous policy
06-14 15:54:29.875 W/ComposerExtn( 1374): DisplayExtnImpl::SetActiveConfig: HWC Display 0 is not registered!
06-14 15:54:29.875 D/SurfaceFlinger( 1374): VRR [SurfaceFlinger] applyRefreshRateSelectorPolicy: 1 (90.00 Hz), policy: {defaultModeId=0, allowGroupSwitching=false, primaryRanges={physical=[0.00 Hz, inf Hz], render=[0.00 Hz, 90.00 Hz]}, appRequestRanges={physical=[0.00 Hz, inf Hz], render=[0.00 Hz, 90.00 Hz]}}
06-14 15:54:29.875 D/SurfaceFlinger( 1374): VRR [SurfaceFlinger] setDesiredActiveMode: 90, event: 1 ,displayid = 4630946962717273473
06-14 15:54:29.875 D/ActivityTaskManager( 2066): Skipping, invisible task: Task{2460ab7 #5 type=home I=com.android.launcher/.Launcher}
06-14 15:54:29.876 D/OplusAppListInterceptManager( 2066): shouldFilterTask
06-14 15:54:29.876 D/OplusAppListInterceptManager( 2066): shouldFilterTask::packageName = com.annieworks.AnnieWalkingLog
06-14 15:54:29.876 D/OplusAppListInterceptManager( 2066): shouldFilterTask
06-14 15:54:29.876 D/OplusAppListInterceptManager( 2066): shouldFilterTask::packageName = com.android.vending
06-14 15:54:29.876 D/ClockTag_ClockWidgetState( 5708): systemWallpaperColor:-1/true
06-14 15:54:29.876 D/ClockTag_ClockWidget.ClockWidgetManager( 5708): updateTextColor -- str = -1/true, colors size = 2
06-14 15:54:29.876 D/OplusAppListInterceptManager( 2066): shouldFilterTask
06-14 15:54:29.876 D/OplusAppListInterceptManager( 2066): shouldFilterTask::packageName = com.android.chrome
06-14 15:54:29.876 D/ClockTag_ClockWidget.ClockWidgetManager( 5708): updateTextColor, color: ffffffff, mDrawTextShadow = true, mCurDividerLineColor = 4dffffff
06-14 15:54:29.876 D/ClockTag_CommonUtil( 5708): isAddZero language:ja
06-14 15:54:29.876 D/ClockTag_ClockWidget.BaseClockWidget( 5708): updateTimeFormat:H
06-14 15:54:29.876 D/OplusAppListInterceptManager( 2066): shouldFilterTask
06-14 15:54:29.876 D/OplusAppListInterceptManager( 2066): shouldFilterTask::packageName = com.google.android.keep
06-14 15:54:29.877 D/OplusAppListInterceptManager( 2066): shouldFilterTask
06-14 15:54:29.877 D/OplusAppListInterceptManager( 2066): shouldFilterTask::packageName = com.android.settings
06-14 15:54:29.877 D/OplusSplitScreenManagerService( 2066): com.android.settings unSupportsSplitScreen by blockList or ForbidActivityList
06-14 15:54:29.877 D/ClockTag_ClockWidget.OppoWeatherSingle( 5708): update colon default font
06-14 15:54:29.877 D/OplusSplitScreenManagerService( 2066): com.android.settings unSupportsSplitScreen by blockList or ForbidActivityList
06-14 15:54:29.877 D/OplusAppListInterceptManager( 2066): shouldFilterTask
06-14 15:54:29.877 D/OplusAppListInterceptManager( 2066): shouldFilterTask::packageName = com.instagram.android
06-14 15:54:29.877 D/OplusSplitScreenManagerService( 2066): com.instagram.android unSupportsSplitScreen by blockList or ForbidActivityList
06-14 15:54:29.877 D/OplusAppListInterceptManager( 2066): shouldFilterTask
06-14 15:54:29.877 D/OplusAppListInterceptManager( 2066): shouldFilterTask::packageName = com.twitter.android
06-14 15:54:29.877 D/OplusAppListInterceptManager( 2066): shouldFilterTask
06-14 15:54:29.877 D/OplusAppListInterceptManager( 2066): shouldFilterTask::packageName = jp.co.yahoo.android.news
06-14 15:54:29.877 D/OplusAppListInterceptManager( 2066): shouldFilterTask
06-14 15:54:29.877 D/OplusAppListInterceptManager( 2066): shouldFilterTask::packageName = jp.co.sega.am2.MJMobile
06-14 15:54:29.877 D/OplusAppListInterceptManager( 2066): shouldFilterTask
06-14 15:54:29.877 D/OplusAppListInterceptManager( 2066): shouldFilterTask::packageName = com.annieworks.HealthRecord
06-14 15:54:29.877 D/ActivityTaskManager( 2066): after skip size 10
06-14 15:54:29.878 D/ClockTag_ClockWidget.BaseClockWidget( 5708): updateDataFormat:M月d日(EEE)
06-14 15:54:29.879 W/CrashBox_ProfileUtils(12326): Failed to read anr ext profile, use the default profile. 
06-14 15:54:29.886 W/CrashBox_FileUtils(12326): failed to get Info: exists=false, canRead=false
06-14 15:54:29.888 D/ClockTag_DeviceUtils( 5708): isDisableWeatherTemperature false
06-14 15:54:29.888 D/ClockTag_ClockWidget.BaseClockWidget( 5708): localWeatherInfo = 19‎°‎
06-14 15:54:29.890 D/ActivityTaskManager( 2066): Skipping, invisible task: Task{2460ab7 #5 type=home I=com.android.launcher/.Launcher}
06-14 15:54:29.890 D/OplusAppListInterceptManager( 2066): shouldFilterTask
06-14 15:54:29.890 D/OplusAppListInterceptManager( 2066): shouldFilterTask::packageName = com.annieworks.AnnieWalkingLog
06-14 15:54:29.890 D/OplusAppListInterceptManager( 2066): shouldFilterTask
06-14 15:54:29.890 D/OplusAppListInterceptManager( 2066): shouldFilterTask::packageName = com.android.vending
06-14 15:54:29.891 D/OplusAppListInterceptManager( 2066): shouldFilterTask
06-14 15:54:29.891 D/OplusAppListInterceptManager( 2066): shouldFilterTask::packageName = com.android.chrome
06-14 15:54:29.891 D/OplusAppListInterceptManager( 2066): shouldFilterTask
06-14 15:54:29.891 D/OplusAppListInterceptManager( 2066): shouldFilterTask::packageName = com.google.android.keep
06-14 15:54:29.891 D/OplusAppListInterceptManager( 2066): shouldFilterTask
06-14 15:54:29.891 D/OplusAppListInterceptManager( 2066): shouldFilterTask::packageName = com.android.settings
06-14 15:54:29.891 D/OplusSplitScreenManagerService( 2066): com.android.settings unSupportsSplitScreen by blockList or ForbidActivityList
06-14 15:54:29.891 D/OplusSplitScreenManagerService( 2066): com.android.settings unSupportsSplitScreen by blockList or ForbidActivityList
06-14 15:54:29.891 D/OplusAppListInterceptManager( 2066): shouldFilterTask
06-14 15:54:29.891 D/OplusAppListInterceptManager( 2066): shouldFilterTask::packageName = com.instagram.android
06-14 15:54:29.891 D/OplusSplitScreenManagerService( 2066): com.instagram.android unSupportsSplitScreen by blockList or ForbidActivityList
06-14 15:54:29.891 D/OplusAppListInterceptManager( 2066): shouldFilterTask
06-14 15:54:29.891 D/OplusAppListInterceptManager( 2066): shouldFilterTask::packageName = com.twitter.android
06-14 15:54:29.891 D/OplusAppListInterceptManager( 2066): shouldFilterTask
06-14 15:54:29.891 D/OplusAppListInterceptManager( 2066): shouldFilterTask::packageName = jp.co.yahoo.android.news
06-14 15:54:29.891 D/OplusAppListInterceptManager( 2066): shouldFilterTask
06-14 15:54:29.891 D/OplusAppListInterceptManager( 2066): shouldFilterTask::packageName = jp.co.sega.am2.MJMobile
06-14 15:54:29.891 D/OplusAppListInterceptManager( 2066): shouldFilterTask
06-14 15:54:29.891 D/OplusAppListInterceptManager( 2066): shouldFilterTask::packageName = com.annieworks.HealthRecord
06-14 15:54:29.891 D/ActivityTaskManager( 2066): after skip size 10
06-14 15:54:29.899 V/ActivityManager( 2066): Has totaly same connectionRecord, just reuse it!
06-14 15:54:29.900 D/CompatibilityChangeReporter( 2066): Compat change id reported: 135634846; UID 1000; state: DISABLED
06-14 15:54:29.900 D/CompatibilityChangeReporter( 2066): Compat change id reported: 177438394; UID 1000; state: DISABLED
06-14 15:54:29.900 D/CompatibilityChangeReporter( 2066): Compat change id reported: 135772972; UID 1000; state: DISABLED
06-14 15:54:29.900 D/CompatibilityChangeReporter( 2066): Compat change id reported: 135754954; UID 1000; state: ENABLED
06-14 15:54:29.909 D/Zygote  ( 1053): Forked child process 12359
06-14 15:54:29.910 I/ActivityManager( 2066): Start proc 12359:com.oplus.notificationmanager/1000 for service {com.oplus.notificationmanager/com.oplus.notification.NotificationCenterService}
06-14 15:54:29.914 I/GoogleSignatureVerifier(25306): package info is not set correctly
06-14 15:54:29.914 D/ClockTag_ClockWidget.BaseClockWidget( 5708): updateAllChildTextViewColor color = -1
06-14 15:54:29.916 D/ClockTag_CommonUtil( 5708): is S model   screenDensityId==0
06-14 15:54:29.916 D/ClockTag_CommonUtil( 5708): getDisplayDpiRatio, screenDensityId: 0
06-14 15:54:29.916 D/ClockTag_CompatUtils( 5708): support osdk true > sdk = 14, sub sdk = 6
06-14 15:54:29.916 D/vendor.qti.bluetooth@1.0-wake_lock( 1200): Release wakelock is released 
06-14 15:54:29.918 D/ClockTag_CommonUtil( 5708): curDpi: 408 defDpi: 480 fontScale: 0.85
06-14 15:54:29.918 D/ClockTag_ClockWidget.BaseClockWidget( 5708): TextSize ratio:1.0;false
06-14 15:54:29.918 D/lowmemorykiller(  647): medium pressure event polling check
06-14 15:54:29.919 D/lowmemorykiller(  647): thrashing: 5% thrashing_limit: 30%
06-14 15:54:29.919 E/lowmemorykiller(  647): calc_zone_watermarks pgskip_deltas_val: 0 pgskip_deltas[PGSKIP_IDX(i++)]: 0
06-14 15:54:29.919 E/lowmemorykiller(  647): adj:1001 file_cache:355987 free:156269
06-14 15:54:29.919 E/lowmemorykiller(  647): device has enough memory 2108716Kib, and freeMemory 625076Kib, disable killing(limit_killing:819200Kib)
06-14 15:54:29.925 W/AccessibilityManagerService( 2066):  wait for adding window timeout: 1160
06-14 15:54:29.927 D/VRR [OPlusRefreshRateService]( 2066): handleConfigIdChange physicalDisplayId: 4630946962717273473 configId: 1
06-14 15:54:29.930 D/ClockTag_WidgetUpdateHelper( 5708): relayoutAllWidgets widgetIds: [I@975e7f4 remoteView:android.widget.RemoteViews@951a4de
06-14 15:54:29.934 I/AppWidgetServiceImpl( 2066): handleNotifyUpdateAppWidget,appWidgetId: 20,packageName:com.coloros.alarmclock
06-14 15:54:29.934 D/ClockTag_WidgetUpdateHelper( 5708): relayoutAllWidgets finished
06-14 15:54:29.934 D/ClockTag_WidgetUpdateHelper( 5708): getWidgetIds: class com.coloros.widget.smallweather.OppoWeatherMultiVertical
06-14 15:54:29.935 D/TracePrintUtil( 3730): isWindowAnimating 10 = false
06-14 15:54:29.935 D/TracePrintUtil( 3730): isWorkspaceAnimating 10 = false
06-14 15:54:29.935 D/TracePrintUtil( 3730): isRecentsAnimating 10 = false
06-14 15:54:29.935 D/TracePrintUtil( 3730): isWindowAnimating 101 = false
06-14 15:54:29.935 D/TracePrintUtil( 3730): isWorkspaceAnimating 101 = false
06-14 15:54:29.935 D/TracePrintUtil( 3730): isRecentsAnimating 101 = false
06-14 15:54:29.935 D/TracePrintUtil( 3730): isWindowAnimating 1 = false
06-14 15:54:29.935 D/TracePrintUtil( 3730): isWorkspaceAnimating 1 = false
06-14 15:54:29.935 D/TracePrintUtil( 3730): isRecentsAnimating 1 = false
06-14 15:54:29.935 D/TracePrintUtil( 3730): isWindowAnimating 204 = false
06-14 15:54:29.935 D/TracePrintUtil( 3730): isWorkspaceAnimating 204 = false
06-14 15:54:29.935 D/TracePrintUtil( 3730): isRecentsAnimating 204 = false
06-14 15:54:29.935 D/TracePrintUtil( 3730): isWindowAnimating 503 = false
06-14 15:54:29.935 D/TracePrintUtil( 3730): isWorkspaceAnimating 503 = false
06-14 15:54:29.935 D/TracePrintUtil( 3730): isRecentsAnimating 503 = false
06-14 15:54:29.935 D/TracePrintUtil( 3730): isWindowAnimating 504 = false
06-14 15:54:29.935 D/TracePrintUtil( 3730): isWorkspaceAnimating 504 = false
06-14 15:54:29.935 D/TracePrintUtil( 3730): isRecentsAnimating 504 = false
06-14 15:54:29.935 D/TracePrintUtil( 3730): isWindowAnimating 2 = false
06-14 15:54:29.935 D/TracePrintUtil( 3730): isWorkspaceAnimating 2 = false
06-14 15:54:29.935 D/TracePrintUtil( 3730): isRecentsAnimating 2 = false
06-14 15:54:29.935 D/TracePrintUtil( 3730): isWindowAnimating 103 = false
06-14 15:54:29.935 D/TracePrintUtil( 3730): isWorkspaceAnimating 103 = false
06-14 15:54:29.935 D/TracePrintUtil( 3730): isRecentsAnimating 103 = false
06-14 15:54:29.935 D/TracePrintUtil( 3730): isWindowAnimating 203 = false
06-14 15:54:29.935 D/TracePrintUtil( 3730): isWorkspaceAnimating 203 = false
06-14 15:54:29.935 D/TracePrintUtil( 3730): isRecentsAnimating 203 = false
06-14 15:54:29.935 D/TracePrintUtil( 3730): isWindowAnimating 11 = false
06-14 15:54:29.935 D/TracePrintUtil( 3730): isWorkspaceAnimating 11 = false
06-14 15:54:29.935 D/TracePrintUtil( 3730): isRecentsAnimating 11 = false
06-14 15:54:29.935 D/TracePrintUtil( 3730): isWindowAnimating 102 = false
06-14 15:54:29.935 D/TracePrintUtil( 3730): isWorkspaceAnimating 102 = false
06-14 15:54:29.935 D/TracePrintUtil( 3730): isRecentsAnimating 102 = false
06-14 15:54:29.935 D/TracePrintUtil( 3730): isWindowAnimating 510 = false
06-14 15:54:29.935 D/TracePrintUtil( 3730): isWorkspaceAnimating 510 = false
06-14 15:54:29.935 D/TracePrintUtil( 3730): isRecentsAnimating 510 = false
06-14 15:54:29.936 D/ClockTag_WidgetUpdateHelper( 5708): updateWidget: null class com.coloros.widget.smallweather.OppoWeatherMultiVertical
06-14 15:54:29.936 D/ClockTag_WidgetUpdateHelper( 5708): getWidgetIds: class com.coloros.widget.smallweather.OppoWeatherVertical
06-14 15:54:29.938 E/UAH_JNI ( 2066): uah_release ! handle: 117984
06-14 15:54:29.938 I/[UAH_CLIENT]( 2066): UahRelease, handle:117984
06-14 15:54:29.939 D/ClockTag_WidgetUpdateHelper( 5708): updateWidget: null class com.coloros.widget.smallweather.OppoWeatherVertical
06-14 15:54:29.939 W/Bitmap  ( 2066): Called getWidth() on a recycle()'d bitmap! This is undefined behavior!
06-14 15:54:29.939 W/Bitmap  ( 2066): Called getHeight() on a recycle()'d bitmap! This is undefined behavior!
06-14 15:54:29.940 D/ClockTag_WidgetUpdateHelper( 5708): getWidgetIds: class com.coloros.widget.smallweather.OnePlusWidget
06-14 15:54:29.942 D/ClockTag_WidgetUpdateHelper( 5708): updateWidget: null class com.coloros.widget.smallweather.OnePlusWidget
06-14 15:54:29.942 D/ClockTag_WidgetUpdateHelper( 5708): getWidgetIds: class com.coloros.widget.smallweather.RealmeWeather
06-14 15:54:29.944 D/ClockTag_WidgetUpdateHelper( 5708): updateWidget: null class com.coloros.widget.smallweather.RealmeWeather
06-14 15:54:29.944 D/ClockTag_WidgetUpdateHelper( 5708): end update all widgets
06-14 15:54:29.946 I/WeatherS_WeatherServiceVersionUtils( 5708): serviceVersionCode16022000
06-14 15:54:29.947 I/WeatherS_WeatherServiceVersionUtils( 5708): serviceVersionCode16022000
06-14 15:54:29.947 D/ClockTag_ClockWidgetUtils( 5708): supportLandWidget false
06-14 15:54:29.947 D/ClockTag_ClockWidget.BaseWidgetViewHelper( 5708): requestLctWeatherInfo methodName=getLocationCityDataAndUpdateWeatherInfoIfNeeded isNeed=true
06-14 15:54:29.948 D/ClockTag_FoldScreenUtils( 5708): haveFold:false
06-14 15:54:29.948 D/ClockTag_ClockWidgetUtils( 5708): supportMultiWallpaper: false
06-14 15:54:29.952 I/WeatherS_WeatherBaseDataTask( 5708): Service has not started, bind update Service.
06-14 15:54:29.954 I/WeatherS_WeatherServiceManager( 5708): bindUpdateService false
06-14 15:54:29.955 E/ficationmanager(12359): Unknown bits set in runtime_flags: 0x40000000
06-14 15:54:29.955 I/ficationmanager(12359): Using generational CollectorTypeCC GC.
06-14 15:54:29.961 D/CompatibilityChangeReporter( 2066): Compat change id reported: 135634846; UID 10168; state: DISABLED
06-14 15:54:29.962 D/CompatibilityChangeReporter( 2066): Compat change id reported: 177438394; UID 10168; state: DISABLED
06-14 15:54:29.963 D/CompatibilityChangeReporter( 2066): Compat change id reported: 135772972; UID 10168; state: DISABLED
06-14 15:54:29.963 D/CompatibilityChangeReporter( 2066): Compat change id reported: 135754954; UID 10168; state: ENABLED
06-14 15:54:29.964 W/PackageManager( 2066): package com.oplus.crashbox uid 1000 pid 12326 call SetEnabledSetting(com.oplus.crashbox component = androidx.work.impl.background.systemjob.SystemJobService, 1, 0)
06-14 15:54:29.964 D/CompatibilityChangeReporter( 2066): Compat change id reported: 143937733; UID 10168; state: ENABLED
06-14 15:54:29.966 I/WeatherS_WeatherBaseDataTask( 5708): Service has not started, bind update Service.
06-14 15:54:29.966 I/WeatherS_WeatherServiceManager( 5708): bindUpdateService false
06-14 15:54:29.966 D/nativeloader(12359): Load libframework-connectivity-tiramisu-jni.so using APEX ns com_android_tethering for caller /apex/com.android.tethering/javalib/framework-connectivity-t.jar: ok
06-14 15:54:29.969 D/OplusActivityThreadExtImpl(12359): java.lang.NoSuchMethodException: dalvik.system.VMRuntime.SupressionGC [int, int]
06-14 15:54:29.970 W/libc    (12359): Access denied finding property "persist.vendor.sys.activitylog"
06-14 15:54:29.970 I/OneTrace(12359): Mark active for pid=12359? true
06-14 15:54:29.970 D/cutils-dev(12359): otrace_set_tracing_enabled? true tag:0
06-14 15:54:29.971 D/cutils-dev(12359): properties changed in otrace_seq_number_changed!
06-14 15:54:29.977 D/Zygote  ( 1053): Forked child process 12381
06-14 15:54:29.980 E/UAH_JNI ( 2066): uah_event_acquire ! cmdId: 9 ,strPkg: OSENSE_SYSTEM_SCENE_BITMAP, strIdent: BitmapExtImpl, timeout: 5000
06-14 15:54:29.980 I/[UAH_CLIENT]( 2066): UahEventAcquire, cmdid:9, pkg:OSENSE_SYSTEM_SCENE_BITMAP, identity:BitmapExtImpl
06-14 15:54:29.981 D/CompatibilityChangeReporter( 2066): Compat change id reported: 168419799; UID 1000; state: DISABLED
06-14 15:54:29.982 V/ListServiceUtils( 2066): checkInListByUid start module:custom-icc uid:1000  time 355424713104us
06-14 15:54:29.982 D/CompatibilityChangeReporter( 2066): Compat change id reported: 273564678; UID 1000; state: DISABLED
06-14 15:54:29.982 V/ListServiceUtils( 2066): checkInListByUid end module:custom-icc uid:1000  time 355424713908us
06-14 15:54:29.982 D/ListServiceUtils( 2066): checkInListByUid module:custom-icc uid:1000 cost 804us return 0
06-14 15:54:29.983 W/DcsSwitchHelper(12326): not found settings strengthen service key
06-14 15:54:29.983 E/OplusEapManager( 2066): --Json parse failed!org.json.JSONException: No value for business
06-14 15:54:29.985 D/MMListService( 1976): getListValueByUid module:image-processing, uid:1000
06-14 15:54:29.985 V/ListServiceUtils( 2066): getListValueByUid module:image-processing uid:1000 cost 2378us return 0
06-14 15:54:29.985 E/ListServiceUtils( 2066): getListValueByUid module:image-processing uid:1000 cost 2378us return 0
06-14 15:54:29.985 V/JpegEncoderExtImpl( 2066): Resolution: 540 x 1200,support: 0;
06-14 15:54:29.987 D/AppFeatureProviderUtils(12326): getStringForFeature: false
06-14 15:54:29.988 D/ActivityTaskManagerServiceExtImpl( 2066): preBindApplication record is null
06-14 15:54:29.989 D/RGBNormalizeServer( 2066): OplusRGBNormalize feature enabled ? false
06-14 15:54:29.989 D/ResourcesManagerCache( 2066): For package com.oplus.notificationmanager we got cacheList [null] appInfoExt is null ? false hasFeature ? false
06-14 15:54:29.991 D/AppFeatureProviderUtils(12326): getStringForFeature: false
06-14 15:54:29.991 I/ActivityManager( 2066): Flag disabled. Ignoring finishAttachApplication from uid: 1000. pid: 12326
06-14 15:54:29.993 W/OplusSelfProtectManager( 2066): pkg[com.oplus.crashbox] not in policy list
06-14 15:54:29.994 D/OplusAppHeapManager(12359): java.lang.NoSuchMethodException: dalvik.system.VMRuntime.updateProcessValue [int, int, int]
06-14 15:54:29.996 I/ActivityManager( 2066): Start proc 12381:com.coloros.weather.service/u0a168 for service {com.coloros.weather.service/com.oplus.weather.external.WeatherCommonService}
06-14 15:54:29.996 D/CompatibilityInfo(12359): setOverrideInvertedScale  1.0 to 1.0
06-14 15:54:29.998 D/OplusActivityManager(12359): get AMS extension: android.os.BinderProxy@702c46c
06-14 15:54:29.999 D/CompatibilityChangeReporter( 2066): Compat change id reported: 161145287; UID 1000; state: ENABLED
06-14 15:54:29.999 D/CompatibilityChangeReporter(12326): Compat change id reported: 160794467; UID 1000; state: ENABLED
06-14 15:54:30.000 D/CompatibilityChangeReporter( 2066): Compat change id reported: 161145287; UID 1000; state: DISABLED
06-14 15:54:30.000 E/weather.service(12381): Unknown bits set in runtime_flags: 0x40000000
06-14 15:54:30.000 I/weather.service(12381): Using generational CollectorTypeCC GC.
06-14 15:54:30.004 D/OplusInterceptLockScreenWindow( 2066): starting IOplusLockScreenCallbacks service...
06-14 15:54:30.006 D/nativeloader(12359): Load libsigprotector_jni.so using system ns (caller=/system/framework/oplus-framework.jar): ok
06-14 15:54:30.006 W/ContextImpl(12326): Calling a method in the system process without a qualified user: android.app.ContextImpl.startService:1929 android.content.ContextWrapper.startService:835 com.oplus.crashbox.h.w:9 com.oplus.crashbox.h.f:0 com.oplus.crashbox.a.run:2 
06-14 15:54:30.007 W/OplusSelfProtectManager( 2066): pkg[com.oplus.crashbox] not in policy list
06-14 15:54:30.007 W/CrashBox_FileUtils(12326): failed to get Info: exists=false, canRead=false
06-14 15:54:30.008 E/UAH_JNI ( 2066): uah_release ! handle: 117986
06-14 15:54:30.008 I/[UAH_CLIENT]( 2066): UahRelease, handle:117986
06-14 15:54:30.008 W/OplusSelfProtectManager( 2066): pkg[com.oplus.crashbox] not in policy list
06-14 15:54:30.008 D/callGcSupression(12359): java.lang.NullPointerException: Attempt to invoke virtual method 'java.lang.Object java.lang.reflect.Method.invoke(java.lang.Object, java.lang.Object[])' on a null object reference
06-14 15:54:30.009 D/OplusAnrCrashMonitor( 2066): handleServiceCall: bundle data
06-14 15:54:30.010 D/CompatibilityChangeReporter(12359): Compat change id reported: 171979766; UID 1000; state: ENABLED
06-14 15:54:30.010 D/nativeloader(12381): Load libframework-connectivity-tiramisu-jni.so using APEX ns com_android_tethering for caller /apex/com.android.tethering/javalib/framework-connectivity-t.jar: ok
06-14 15:54:30.012 W/OplusSelfProtectManager( 2066): pkg[com.oplus.crashbox] not in policy list
06-14 15:54:30.013 D/OplusActivityThreadExtImpl(12381): java.lang.NoSuchMethodException: dalvik.system.VMRuntime.SupressionGC [int, int]
06-14 15:54:30.013 W/libc    (12381): Access denied finding property "persist.vendor.sys.activitylog"
06-14 15:54:30.013 I/OneTrace(12381): Mark active for pid=12381? true
06-14 15:54:30.014 D/cutils-dev(12381): otrace_set_tracing_enabled? true tag:0
06-14 15:54:30.014 D/cutils-dev(12381): properties changed in otrace_seq_number_changed!
06-14 15:54:30.018 W/OplusExSystemServiceHelper(27202): checkOplusExSystemService intent getComponent is null
06-14 15:54:30.020 D/lowmemorykiller(  647): medium pressure event polling check
06-14 15:54:30.020 D/lowmemorykiller(  647): thrashing: 5% thrashing_limit: 30%
06-14 15:54:30.020 E/lowmemorykiller(  647): calc_zone_watermarks pgskip_deltas_val: 0 pgskip_deltas[PGSKIP_IDX(i++)]: 0
06-14 15:54:30.020 E/lowmemorykiller(  647): adj:1001 file_cache:357455 free:157121
06-14 15:54:30.020 E/lowmemorykiller(  647): device has enough memory 2117776Kib, and freeMemory 628484Kib, disable killing(limit_killing:819200Kib)
06-14 15:54:30.026 I/OplusFeatureCache(12359): Milliseconds spent on init(): 16
06-14 15:54:30.028 D/CompactWindowAppManager(12359): initCompactApplicationInfo CompactMode: , NormalMode: 
06-14 15:54:30.031 D/OplusScrollToTopManager(12359): setIsInWhiteList false
06-14 15:54:30.031 D/OplusViewDebugManager(12359): OplusViewDebugManager Constructor android.view.debug.OplusViewDebugManager@f8dbb58 [mHasViewDebugProperty true] [mHasMsgDebugProperty false] [DEBUG false] [EXTRAINFOENABLE false] [LIGHT_OS false]
06-14 15:54:30.032 D/CompatibilityChangeReporter(12359): Compat change id reported: 242716250; UID 1000; state: ENABLED
06-14 15:54:30.032 D/CompatibilityChangeReporter( 2066): Compat change id reported: 168419799; UID 10168; state: DISABLED
06-14 15:54:30.033 D/CompatibilityChangeReporter( 2066): Compat change id reported: 273564678; UID 10168; state: DISABLED
06-14 15:54:30.033 D/ActivityTaskManagerServiceExtImpl( 2066): preBindApplication record is null
06-14 15:54:30.033 D/RGBNormalizeServer( 2066): OplusRGBNormalize feature enabled ? false
06-14 15:54:30.033 D/ResourcesManagerCache( 2066): For package com.coloros.weather.service we got cacheList [null] appInfoExt is null ? false hasFeature ? false
06-14 15:54:30.035 D/OplusAppHeapManager(12381): java.lang.NoSuchMethodException: dalvik.system.VMRuntime.updateProcessValue [int, int, int]
06-14 15:54:30.036 D/CompatibilityInfo(12381): setOverrideInvertedScale  1.0 to 1.0
06-14 15:54:30.040 W/libc    (12359): Access denied finding property "ro.odm.prev.product.name"
06-14 15:54:30.041 W/OplusExSystemServiceHelper(12381): checkOplusExSystemService intent getComponent is null
06-14 15:54:30.042 D/OplusActivityManager(12381): get AMS extension: android.os.BinderProxy@702c46c
06-14 15:54:30.043 D/BoundBrokerSvc(25306): onRebind: Intent { act=com.google.android.gms.semanticlocationhistory.service.START dat=chimera-action:/... cmp=com.google.android.gms/.chimera.GmsApiService mCallingUid=10100 }
06-14 15:54:30.044 D/CompatibilityChangeReporter( 2066): Compat change id reported: 265195908; UID 10168; state: ENABLED
06-14 15:54:30.048 D/nativeloader(12381): Load libsigprotector_jni.so using system ns (caller=/system/framework/oplus-framework.jar): ok
06-14 15:54:30.050 D/callGcSupression(12381): java.lang.NullPointerException: Attempt to invoke virtual method 'java.lang.Object java.lang.reflect.Method.invoke(java.lang.Object, java.lang.Object[])' on a null object reference
06-14 15:54:30.050 D/nativeloader(12359): Configuring clns-shared-4 for other apk /system_ext/framework/androidx.window.extensions.jar. target_sdk_version=34, uses_libraries=ALL, library_path=/system_ext/app/NotificationCenter/lib/arm64:/system_ext/app/NotificationCenter/NotificationCenter.apk!/lib/arm64-v8a:/system/lib64:/system_ext/lib64, permitted_path=/data:/mnt/expand:/data/user_de/0/com.oplus.notificationmanager:/system_ext/app/NotificationCenter:/system/lib64:/system_ext/lib64
06-14 15:54:30.050 D/nativeloader(12359): Extending system_exposed_libraries: libbinauralrenderer_wrapper.qti.so:libhoaeffects.qti.so:libSloganJni.oplus.so:libsuperNight.oplus.so:libAPSClient-cmd-jni-extension.oplus.so:libupdateprof.qti.so:libQOC.qti.so:libthermalclient.qti.so:libqape.qti.so:libqesdk_ndk_platform.qti.so:liblistenjni.qti.so
06-14 15:54:30.051 D/CompatibilityChangeReporter(12381): Compat change id reported: 171979766; UID 10168; state: ENABLED
06-14 15:54:30.055 D/nativeloader(12359): Configuring clns-shared-5 for other apk /system_ext/framework/androidx.window.sidecar.jar. target_sdk_version=34, uses_libraries=ALL, library_path=/system_ext/app/NotificationCenter/lib/arm64:/system_ext/app/NotificationCenter/NotificationCenter.apk!/lib/arm64-v8a:/system/lib64:/system_ext/lib64, permitted_path=/data:/mnt/expand:/data/user_de/0/com.oplus.notificationmanager:/system_ext/app/NotificationCenter:/system/lib64:/system_ext/lib64
06-14 15:54:30.055 D/nativeloader(12359): Extending system_exposed_libraries: libbinauralrenderer_wrapper.qti.so:libhoaeffects.qti.so:libSloganJni.oplus.so:libsuperNight.oplus.so:libAPSClient-cmd-jni-extension.oplus.so:libupdateprof.qti.so:libQOC.qti.so:libthermalclient.qti.so:libqape.qti.so:libqesdk_ndk_platform.qti.so:liblistenjni.qti.so
06-14 15:54:30.072 I/OplusFeatureCache(12381): Milliseconds spent on init(): 21
06-14 15:54:30.073 D/CompactWindowAppManager(12381): initCompactApplicationInfo CompactMode: , NormalMode: 
06-14 15:54:30.076 D/CompatibilityChangeReporter( 2066): Compat change id reported: 170503758; UID 10168; state: ENABLED
06-14 15:54:30.078 D/nativeloader(12359): Configuring clns-shared-6 for other apk /system_ext/app/NotificationCenter/NotificationCenter.apk. target_sdk_version=34, uses_libraries=, library_path=/system_ext/app/NotificationCenter/lib/arm64:/system_ext/app/NotificationCenter/NotificationCenter.apk!/lib/arm64-v8a:/system/lib64:/system_ext/lib64, permitted_path=/data:/mnt/expand:/data/user_de/0/com.oplus.notificationmanager:/system_ext/app/NotificationCenter:/system/lib64:/system_ext/lib64
06-14 15:54:30.078 D/OplusScrollToTopManager(12381): setIsInWhiteList false
06-14 15:54:30.079 D/OplusViewDebugManager(12381): OplusViewDebugManager Constructor android.view.debug.OplusViewDebugManager@f8dbb58 [mHasViewDebugProperty true] [mHasMsgDebugProperty false] [DEBUG false] [EXTRAINFOENABLE false] [LIGHT_OS false]
06-14 15:54:30.080 D/CompatibilityChangeReporter(12381): Compat change id reported: 242716250; UID 10168; state: ENABLED
06-14 15:54:30.091 W/libc    (12381): Access denied finding property "ro.odm.prev.product.name"
06-14 15:54:30.100 D/nativeloader(12359): Load libframework-connectivity-jni.so using APEX ns com_android_tethering for caller /apex/com.android.tethering/javalib/framework-connectivity.jar: ok
06-14 15:54:30.100 D/nativeloader(12381): Configuring clns-4 for other apk /system/system_ext/framework/vendor.oplus.hardware.cryptoeng-V1.0-java.jar. target_sdk_version=36, uses_libraries=ALL, library_path=/data/app/~~MifasuT0VPlltC3FiocIXQ==/com.coloros.weather.service-1mrLKPOaIWTMSIHh3XuZjg==/lib/arm64, permitted_path=/data:/mnt/expand:/data/user_de/0/com.coloros.weather.service
06-14 15:54:30.100 D/nativeloader(12381): Extending system_exposed_libraries: libbinauralrenderer_wrapper.qti.so:libhoaeffects.qti.so:libSloganJni.oplus.so:libsuperNight.oplus.so:libAPSClient-cmd-jni-extension.oplus.so:libupdateprof.qti.so:libQOC.qti.so:libthermalclient.qti.so:libqape.qti.so:libqesdk_ndk_platform.qti.so:liblistenjni.qti.so
06-14 15:54:30.104 V/GraphicsEnvironment(12359): Currently set values for:
06-14 15:54:30.104 V/GraphicsEnvironment(12359):   angle_gl_driver_selection_pkgs=[]
06-14 15:54:30.104 V/GraphicsEnvironment(12359):   angle_gl_driver_selection_values=[]
06-14 15:54:30.104 V/GraphicsEnvironment(12359): ANGLE GameManagerService for com.oplus.notificationmanager: false
06-14 15:54:30.104 V/GraphicsEnvironment(12359): com.oplus.notificationmanager is not listed in per-application setting
06-14 15:54:30.104 V/GraphicsEnvironment(12359): Neither updatable production driver nor prerelease driver is supported.
06-14 15:54:30.106 D/nativeloader(12381): Configuring clns-5 for other apk /system_ext/framework/androidx.window.extensions.jar. target_sdk_version=36, uses_libraries=ALL, library_path=/data/app/~~MifasuT0VPlltC3FiocIXQ==/com.coloros.weather.service-1mrLKPOaIWTMSIHh3XuZjg==/lib/arm64, permitted_path=/data:/mnt/expand:/data/user_de/0/com.coloros.weather.service
06-14 15:54:30.106 D/nativeloader(12381): Extending system_exposed_libraries: libbinauralrenderer_wrapper.qti.so:libhoaeffects.qti.so:libSloganJni.oplus.so:libsuperNight.oplus.so:libAPSClient-cmd-jni-extension.oplus.so:libupdateprof.qti.so:libQOC.qti.so:libthermalclient.qti.so:libqape.qti.so:libqesdk_ndk_platform.qti.so:liblistenjni.qti.so
06-14 15:54:30.113 D/nativeloader(12381): Configuring clns-6 for other apk /system_ext/framework/androidx.window.sidecar.jar. target_sdk_version=36, uses_libraries=ALL, library_path=/data/app/~~MifasuT0VPlltC3FiocIXQ==/com.coloros.weather.service-1mrLKPOaIWTMSIHh3XuZjg==/lib/arm64, permitted_path=/data:/mnt/expand:/data/user_de/0/com.coloros.weather.service
06-14 15:54:30.113 D/nativeloader(12381): Extending system_exposed_libraries: libbinauralrenderer_wrapper.qti.so:libhoaeffects.qti.so:libSloganJni.oplus.so:libsuperNight.oplus.so:libAPSClient-cmd-jni-extension.oplus.so:libupdateprof.qti.so:libQOC.qti.so:libthermalclient.qti.so:libqape.qti.so:libqesdk_ndk_platform.qti.so:liblistenjni.qti.so
06-14 15:54:30.119 D/lowmemorykiller(  647): medium pressure event polling check
06-14 15:54:30.120 D/lowmemorykiller(  647): thrashing: 6% thrashing_limit: 30%
06-14 15:54:30.120 E/lowmemorykiller(  647): calc_zone_watermarks pgskip_deltas_val: 0 pgskip_deltas[PGSKIP_IDX(i++)]: 0
06-14 15:54:30.120 E/lowmemorykiller(  647): adj:1001 file_cache:359724 free:150569
06-14 15:54:30.120 E/lowmemorykiller(  647): device has enough memory 2100928Kib, and freeMemory 602276Kib, disable killing(limit_killing:819200Kib)
06-14 15:54:30.138 D/UsageStatsService( 2066): User[0] type=0 b=1781420040137 e=1781420080137 cb=1781348849473 ce=1781420070029 disk=0 all=7
06-14 15:54:30.141 D/UsageStatsService( 2066): User[0] type=0 b=1781420040139 e=1781420080139 cb=1781348849473 ce=1781420070029 disk=0 all=7
06-14 15:54:30.145 D/UsageStatsService( 2066): User[0] type=0 b=1781420040144 e=1781420080144 cb=1781348849473 ce=1781420070029 disk=0 all=7
06-14 15:54:30.149 D/UsageStatsService( 2066): User[0] type=0 b=1781420040148 e=1781420080148 cb=1781348849473 ce=1781420070029 disk=0 all=7
06-14 15:54:30.150 W/weather.service(12381): Failed to find entry 'classes.dex': Entry not found
06-14 15:54:30.152 D/UsageStatsService( 2066): User[0] type=0 b=1781420040151 e=1781420080151 cb=1781348849473 ce=1781420070029 disk=0 all=7
06-14 15:54:30.152 W/weather.service(12381): Failed to find entry 'classes.dex': Entry not found
06-14 15:54:30.154 D/UsageStatsService( 2066): User[0] type=0 b=1781420040154 e=1781420080154 cb=1781348849473 ce=1781420070029 disk=0 all=7
06-14 15:54:30.156 W/weather.service(12381): Failed to find entry 'classes.dex': Entry not found
06-14 15:54:30.157 D/nativeloader(12381): Configuring clns-7 for other apk /data/app/~~MifasuT0VPlltC3FiocIXQ==/com.coloros.weather.service-1mrLKPOaIWTMSIHh3XuZjg==/base.apk:/data/app/~~MifasuT0VPlltC3FiocIXQ==/com.coloros.weather.service-1mrLKPOaIWTMSIHh3XuZjg==/split_config.en.apk:/data/app/~~MifasuT0VPlltC3FiocIXQ==/com.coloros.weather.service-1mrLKPOaIWTMSIHh3XuZjg==/split_config.ja.apk:/data/app/~~MifasuT0VPlltC3FiocIXQ==/com.coloros.weather.service-1mrLKPOaIWTMSIHh3XuZjg==/split_config.xxhdpi.apk. target_sdk_version=36, uses_libraries=, library_path=/data/app/~~MifasuT0VPlltC3FiocIXQ==/com.coloros.weather.service-1mrLKPOaIWTMSIHh3XuZjg==/lib/arm64, permitted_path=/data:/mnt/expand:/data/user_de/0/com.coloros.weather.service
06-14 15:54:30.159 D/UsageStatsService( 2066): User[0] type=0 b=1781420040157 e=1781420080157 cb=1781348849473 ce=1781420070029 disk=0 all=7
06-14 15:54:30.166 D/UsageStatsService( 2066): User[0] type=0 b=1781420040165 e=1781420080165 cb=1781348849473 ce=1781420070029 disk=0 all=7
06-14 15:54:30.171 D/UsageStatsService( 2066): User[0] type=0 b=1781420040170 e=1781420080171 cb=1781348849473 ce=1781420070029 disk=0 all=7
06-14 15:54:30.173 D/UsageStatsService( 2066): User[0] type=0 b=1781420040173 e=1781420080173 cb=1781348849473 ce=1781420070029 disk=0 all=7
06-14 15:54:30.175 D/UsageStatsService( 2066): User[0] type=0 b=1781420040174 e=1781420080174 cb=1781348849473 ce=1781420070029 disk=0 all=7
06-14 15:54:30.177 D/UsageStatsService( 2066): User[0] type=0 b=1781420040176 e=1781420080176 cb=1781348849473 ce=1781420070029 disk=0 all=7
06-14 15:54:30.178 D/UsageStatsService( 2066): User[0] type=0 b=1781420040178 e=1781420080178 cb=1781348849473 ce=1781420070029 disk=0 all=7
06-14 15:54:30.181 D/UsageStatsService( 2066): User[0] type=0 b=1781420040181 e=1781420080181 cb=1781348849473 ce=1781420070029 disk=0 all=7
06-14 15:54:30.182 D/UsageStatsService( 2066): User[0] type=0 b=1781420040182 e=1781420080182 cb=1781348849473 ce=1781420070029 disk=0 all=7
06-14 15:54:30.184 D/UsageStatsService( 2066): User[0] type=0 b=1781420040184 e=1781420080184 cb=1781348849473 ce=1781420070029 disk=0 all=7
06-14 15:54:30.186 D/UsageStatsService( 2066): User[0] type=0 b=1781420040185 e=1781420080185 cb=1781348849473 ce=1781420070029 disk=0 all=7
06-14 15:54:30.188 D/UsageStatsService( 2066): User[0] type=0 b=1781420040187 e=1781420080187 cb=1781348849473 ce=1781420070029 disk=0 all=7
06-14 15:54:30.189 D/UsageStatsService( 2066): User[0] type=0 b=1781420040188 e=1781420080188 cb=1781348849473 ce=1781420070029 disk=0 all=7
06-14 15:54:30.190 D/UsageStatsService( 2066): User[0] type=0 b=1781420040189 e=1781420080189 cb=1781348849473 ce=1781420070029 disk=0 all=7
06-14 15:54:30.191 D/UsageStatsService( 2066): User[0] type=0 b=1781420040190 e=1781420080190 cb=1781348849473 ce=1781420070029 disk=0 all=7
06-14 15:54:30.191 I/[UAH_CLIENT]( 1231): UahRelease, handle:117971
06-14 15:54:30.191 I/OplusDynamicProvider(12359): com.oplus.qs.personality.provider.PersonalityCoverImageProvider
06-14 15:54:30.193 D/UsageStatsService( 2066): User[0] type=0 b=1781420040192 e=1781420080192 cb=1781348849473 ce=1781420070029 disk=0 all=7
06-14 15:54:30.194 D/UsageStatsService( 2066): User[0] type=0 b=1781420040193 e=1781420080193 cb=1781348849473 ce=1781420070029 disk=0 all=7
06-14 15:54:30.195 D/UsageStatsService( 2066): User[0] type=0 b=1781420040194 e=1781420080194 cb=1781348849473 ce=1781420070029 disk=0 all=7
06-14 15:54:30.197 D/UsageStatsService( 2066): User[0] type=0 b=1781420040196 e=1781420080196 cb=1781348849473 ce=1781420070029 disk=0 all=7
06-14 15:54:30.197 D/lowmemorykiller(  647): medium pressure event triggered
06-14 15:54:30.197 E/lowmemorykiller(  647): calc_zone_watermarks pgskip_deltas_val: 0 pgskip_deltas[PGSKIP_IDX(i++)]: 0
06-14 15:54:30.197 E/lowmemorykiller(  647): adj:1001 file_cache:363368 free:146149
06-14 15:54:30.197 E/lowmemorykiller(  647): device has enough memory 2097944Kib, and freeMemory 584596Kib, disable killing(limit_killing:819200Kib)
06-14 15:54:30.198 I/Osense-PsiDetector( 2066): 2048,570,2818,6656,58,324,328,1167,1829,516,902,0,8,8355
06-14 15:54:30.199 D/UsageStatsService( 2066): User[0] type=0 b=1781420040198 e=1781420080198 cb=1781348849473 ce=1781420070029 disk=0 all=7
06-14 15:54:30.200 D/nativeloader(12381): Load libframework-connectivity-jni.so using APEX ns com_android_tethering for caller /apex/com.android.tethering/javalib/framework-connectivity.jar: ok
06-14 15:54:30.201 D/UsageStatsService( 2066): User[0] type=0 b=1781420040200 e=1781420080200 cb=1781348849473 ce=1781420070029 disk=0 all=7
06-14 15:54:30.202 D/UsageStatsService( 2066): User[0] type=0 b=1781420040202 e=1781420080202 cb=1781348849473 ce=1781420070029 disk=0 all=7
06-14 15:54:30.203 D/AppFeatureProviderUtils(12359): getStringForFeature: null
06-14 15:54:30.204 D/UsageStatsService( 2066): User[0] type=0 b=1781420040204 e=1781420080204 cb=1781348849473 ce=1781420070029 disk=0 all=7
06-14 15:54:30.206 D/UsageStatsService( 2066): User[0] type=0 b=1781420040206 e=1781420080206 cb=1781348849473 ce=1781420070029 disk=0 all=7
06-14 15:54:30.207 V/GraphicsEnvironment(12381): Currently set values for:
06-14 15:54:30.207 V/GraphicsEnvironment(12381):   angle_gl_driver_selection_pkgs=[]
06-14 15:54:30.207 V/GraphicsEnvironment(12381):   angle_gl_driver_selection_values=[]
06-14 15:54:30.207 V/GraphicsEnvironment(12381): ANGLE GameManagerService for com.coloros.weather.service: false
06-14 15:54:30.207 V/GraphicsEnvironment(12381): com.coloros.weather.service is not listed in per-application setting
06-14 15:54:30.207 V/GraphicsEnvironment(12381): Neither updatable production driver nor prerelease driver is supported.
06-14 15:54:30.208 D/UsageStatsService( 2066): User[0] type=0 b=1781420040208 e=1781420080208 cb=1781348849473 ce=1781420070029 disk=0 all=7
06-14 15:54:30.209 D/UsageStatsService( 2066): User[0] type=0 b=1781420040209 e=1781420080209 cb=1781348849473 ce=1781420070029 disk=0 all=7
06-14 15:54:30.211 D/UsageStatsService( 2066): User[0] type=0 b=1781420040210 e=1781420080210 cb=1781348849473 ce=1781420070029 disk=0 all=7
06-14 15:54:30.211 D/PermissionUtils(12359): isPermissionGranted ,Requested package pass :com.oplus.notificationmanager
06-14 15:54:30.211 I/OplusDynamicProvider(12359): com.oplus.keyguard.aodsurface.AodDynamicProvider
06-14 15:54:30.212 D/SystemUi--Aod(12359): AodDynamicProvider-->createDynamicControllers isSupportCurvedDisplay =true
06-14 15:54:30.213 D/UsageStatsService( 2066): User[0] type=0 b=1781420040212 e=1781420080212 cb=1781348849473 ce=1781420070029 disk=0 all=7
06-14 15:54:30.214 D/UsageStatsService( 2066): User[0] type=0 b=1781420040213 e=1781420080213 cb=1781348849473 ce=1781420070029 disk=0 all=7
06-14 15:54:30.215 D/UsageStatsService( 2066): User[0] type=0 b=1781420040214 e=1781420080214 cb=1781348849473 ce=1781420070029 disk=0 all=7
06-14 15:54:30.217 D/UsageStatsService( 2066): User[0] type=0 b=1781420040216 e=1781420080216 cb=1781348849473 ce=1781420070029 disk=0 all=7
06-14 15:54:30.221 D/UsageStatsService( 2066): User[0] type=0 b=1781420040220 e=1781420080220 cb=1781348849473 ce=1781420070029 disk=0 all=7
06-14 15:54:30.222 D/UsageStatsService( 2066): User[0] type=0 b=1781420040221 e=1781420080221 cb=1781348849473 ce=1781420070029 disk=0 all=7
06-14 15:54:30.224 D/ResourcesManagerExtImpl(12381): applyConfigurationToAppResourcesLocked app.getDisplayId() return callback.displayId:-1
06-14 15:54:30.225 I/NotificationManagerApplication(12359): application of notificationManager oncreate:com.oplus.notificationmanager
06-14 15:54:30.227 D/ConfigListManager(12359): getUpdateType=0 isUpdateSucc=false
06-14 15:54:30.229 I/ActivityManager( 2066): Flag disabled. Ignoring finishAttachApplication from uid: 1000. pid: 12359
06-14 15:54:30.229 W/[0]DCS  (31945): Common Record event failed. DCS reject event: [appId=20110,logTag=201101,eventId=card_or_widget_exposure] . Pls check server config.
06-14 15:54:30.230 W/Service (12359): setForeground: ignoring old API call on com.oplus.notification.NotificationCenterService
06-14 15:54:30.231 E/UAH_JNI ( 2066): uah_event_acquire ! cmdId: 2 ,strPkg: , strIdent: OplusAppStartupManager, timeout: 1000
06-14 15:54:30.231 I/[UAH_CLIENT]( 2066): UahEventAcquire, cmdid:2, pkg:none, identity:OplusAppStartupManager
06-14 15:54:30.233 W/[0]DCS  (31945): Common Record event failed. DCS reject event: [appId=20110,logTag=201101,eventId=card_or_widget_exposure] . Pls check server config.
06-14 15:54:30.234 D/CompatibilityChangeReporter( 2066): Compat change id reported: 135634846; UID 10169; state: DISABLED
06-14 15:54:30.234 D/CompatibilityChangeReporter( 2066): Compat change id reported: 177438394; UID 10169; state: DISABLED
06-14 15:54:30.234 D/CompatibilityChangeReporter( 2066): Compat change id reported: 135772972; UID 10169; state: DISABLED
06-14 15:54:30.234 D/CompatibilityChangeReporter( 2066): Compat change id reported: 135754954; UID 10169; state: ENABLED
06-14 15:54:30.235 D/CompatibilityChangeReporter( 2066): Compat change id reported: 143937733; UID 10169; state: ENABLED
06-14 15:54:30.240 I/SwitchesProvider(12381): com.oplus.weather.service.provider.WeatherSwitchProvider
06-14 15:54:30.243 D/Zygote  ( 1053): Forked child process 12461
06-14 15:54:30.243 I/ActivityManager( 2066): Start proc 12461:com.oplus.romupdate/u0a169 for content provider {com.oplus.romupdate/com.oplusos.romupdate.provider.RomUpdateProvider}
06-14 15:54:30.243 D/CompatibilityChangeReporter(12381): Compat change id reported: 183155436; UID 10168; state: ENABLED
06-14 15:54:30.248 E/WeatherS_AccuUtilsExp(12381): exp -> true
06-14 15:54:30.255 E/oplus.romupdate(12461): Unknown bits set in runtime_flags: 0x40000000
06-14 15:54:30.255 I/oplus.romupdate(12461): Using generational CollectorTypeCC GC.
06-14 15:54:30.260 D/nativeloader(12461): Load libframework-connectivity-tiramisu-jni.so using APEX ns com_android_tethering for caller /apex/com.android.tethering/javalib/framework-connectivity-t.jar: ok
06-14 15:54:30.261 I/SwitchesProvider(12381): com.oplus.weather.service.provider.ColorWeatherSwitchProvider
06-14 15:54:30.263 D/OplusActivityThreadExtImpl(12461): java.lang.NoSuchMethodException: dalvik.system.VMRuntime.SupressionGC [int, int]
06-14 15:54:30.263 W/libc    (12461): Access denied finding property "persist.vendor.sys.activitylog"
06-14 15:54:30.263 I/OneTrace(12461): Mark active for pid=12461? true
06-14 15:54:30.263 D/cutils-dev(12461): otrace_set_tracing_enabled? true tag:0
06-14 15:54:30.264 D/cutils-dev(12461): properties changed in otrace_seq_number_changed!
06-14 15:54:30.269 D/CompatibilityChangeReporter( 2066): Compat change id reported: 168419799; UID 10169; state: DISABLED
06-14 15:54:30.269 D/CompatibilityChangeReporter( 2066): Compat change id reported: 273564678; UID 10169; state: DISABLED
06-14 15:54:30.269 D/ActivityTaskManagerServiceExtImpl( 2066): preBindApplication record is null
06-14 15:54:30.269 D/RGBNormalizeServer( 2066): OplusRGBNormalize feature enabled ? false
06-14 15:54:30.269 D/ResourcesManagerCache( 2066): For package com.oplus.romupdate we got cacheList [null] appInfoExt is null ? false hasFeature ? false
06-14 15:54:30.274 D/OplusAppHeapManager(12461): java.lang.NoSuchMethodException: dalvik.system.VMRuntime.updateProcessValue [int, int, int]
06-14 15:54:30.274 D/OplusActivityManager(12461): get AMS extension: android.os.BinderProxy@702c46c
06-14 15:54:30.275 D/CompatibilityInfo(12461): setOverrideInvertedScale  1.0 to 1.0
06-14 15:54:30.276 D/nativeloader(12461): Load libsigprotector_jni.so using system ns (caller=/system/framework/oplus-framework.jar): ok
06-14 15:54:30.277 D/callGcSupression(12461): java.lang.NullPointerException: Attempt to invoke virtual method 'java.lang.Object java.lang.reflect.Method.invoke(java.lang.Object, java.lang.Object[])' on a null object reference
06-14 15:54:30.278 D/CompatibilityChangeReporter(12461): Compat change id reported: 171979766; UID 10169; state: ENABLED
06-14 15:54:30.280 D/CompatibilityChangeReporter( 2066): Compat change id reported: 265195908; UID 10169; state: ENABLED
06-14 15:54:30.284 I/OplusFeatureCache(12461): Milliseconds spent on init(): 6
06-14 15:54:30.285 D/CompactWindowAppManager(12461): initCompactApplicationInfo CompactMode: , NormalMode: 
06-14 15:54:30.287 D/CompatibilityChangeReporter( 2066): Compat change id reported: 170503758; UID 10169; state: ENABLED
06-14 15:54:30.288 D/OplusScrollToTopManager(12461): setIsInWhiteList false
06-14 15:54:30.288 D/OplusViewDebugManager(12461): OplusViewDebugManager Constructor android.view.debug.OplusViewDebugManager@f8dbb58 [mHasViewDebugProperty true] [mHasMsgDebugProperty false] [DEBUG false] [EXTRAINFOENABLE false] [LIGHT_OS false]
06-14 15:54:30.289 D/CompatibilityChangeReporter(12461): Compat change id reported: 242716250; UID 10169; state: ENABLED
06-14 15:54:30.293 W/libc    (12461): Access denied finding property "ro.odm.prev.product.name"
06-14 15:54:30.297 D/lowmemorykiller(  647): medium pressure event polling check
06-14 15:54:30.297 D/lowmemorykiller(  647): thrashing: 0% thrashing_limit: 30%
06-14 15:54:30.298 D/CompatibilityChangeReporter( 2066): Compat change id reported: 319212206; UID 10168; state: ENABLED
06-14 15:54:30.298 E/lowmemorykiller(  647): calc_zone_watermarks pgskip_deltas_val: 0 pgskip_deltas[PGSKIP_IDX(i++)]: 0
06-14 15:54:30.298 E/lowmemorykiller(  647): adj:1001 file_cache:364719 free:142351
06-14 15:54:30.298 E/lowmemorykiller(  647): device has enough memory 2088180Kib, and freeMemory 569404Kib, disable killing(limit_killing:819200Kib)
06-14 15:54:30.299 I/WeatherS_WeatherApplication(12381): registerWeatherUIAppChangedReceiver
06-14 15:54:30.300 D/ConnectivityService( 2066): NetReassign [no changes] [c 1] [a 0] [i 1]
06-14 15:54:30.301 D/CompatibilityChangeReporter( 2066): Compat change id reported: 161145287; UID 10168; state: ENABLED
06-14 15:54:30.302 I/WeatherS_WeatherApplication(12381): registerExternalUpdateWeatherReceiver
06-14 15:54:30.303 D/nativeloader(12461): Configuring clns-4 for other apk /system/framework/org.apache.http.legacy.jar. target_sdk_version=34, uses_libraries=ALL, library_path=/product/app/RomUpdate/lib/arm64, permitted_path=/data:/mnt/expand:/data/user_de/0/com.oplus.romupdate
06-14 15:54:30.303 D/nativeloader(12461): Extending system_exposed_libraries: libbinauralrenderer_wrapper.qti.so:libhoaeffects.qti.so:libSloganJni.oplus.so:libsuperNight.oplus.so:libAPSClient-cmd-jni-extension.oplus.so:libupdateprof.qti.so:libQOC.qti.so:libthermalclient.qti.so:libqape.qti.so:libqesdk_ndk_platform.qti.so:liblistenjni.qti.so
06-14 15:54:30.314 I/ActivityManager( 2066): Flag disabled. Ignoring finishAttachApplication from uid: 10168. pid: 12381
06-14 15:54:30.314 D/nativeloader(12461): InitLlndkLibrariesProduct: libEGL.so:libGLESv1_CM.so:libGLESv2.so:libGLESv3.so:libRS.so:libandroid_net.so:libbinder_ndk.so:libc.so:libcgrouprc.so:libclang_rt.asan-aarch64-android.so:libclang_rt.asan-arm-android.so:libclang_rt.hwasan-aarch64-android.so:libcom.android.tethering.connectivity_native.so:libdl.so:libft2.so:liblog.so:libm.so:libmediandk.so:libnativewindow.so:libneuralnetworks.so:libselinux.so:libsync.so:libvndksupport.so:libvulkan.so
06-14 15:54:30.314 D/nativeloader(12461): Configuring product-clns-5 for unbundled product apk /product/app/RomUpdate/RomUpdate.apk. target_sdk_version=34, uses_libraries=, library_path=/product/app/RomUpdate/lib/arm64:/product/lib64:/system/product/lib64, permitted_path=/data:/mnt/expand:/data/user_de/0/com.oplus.romupdate:/product/lib64:/system/product/lib64
06-14 15:54:30.315 D/nativeloader(12461): InitVndkspLibrariesProduct: android.hardware.common-V2-ndk.so:android.hardware.common-V2-ndk_platform.so:android.hardware.common.fmq-V1-ndk.so:android.hardware.common.fmq-V1-ndk_platform.so:android.hardware.graphics.allocator-V2-ndk.so:android.hardware.graphics.allocator-V2-ndk_platform.so:android.hardware.graphics.common-V4-ndk.so:android.hardware.graphics.common-V4-ndk_platform.so:android.hardware.graphics.common@1.0.so:android.hardware.graphics.common@1.1.so:android.hardware.graphics.common@1.2.so:android.hardware.graphics.composer3-V1-ndk.so:android.hardware.graphics.composer3-V1-ndk_platform.so:android.hardware.graphics.mapper@2.0.so:android.hardware.graphics.mapper@2.1.so:android.hardware.graphics.mapper@3.0.so:android.hardware.graphics.mapper@4.0.so:android.hardware.renderscript@1.0.so:android.hidl.memory.token@1.0.so:android.hidl.memory@1.0-impl.so:android.hidl.memory@1.0.so:android.hidl.safe_union@1.0.so:libRSCpuRef.so:libRSDriver.so:libRS_internal.so:libbase.so:libbcinfo.so:libblas.so:libc++.so:lib
06-14 15:54:30.320 I/WeatherS_WeatherServiceManager( 5708): onServiceConnected
06-14 15:54:30.321 I/WeatherS_WeatherServiceManager( 5708): onServiceConnected
06-14 15:54:30.322 I/WeatherS_WeatherBaseDataTask( 5708): executeRequest getResidentSecureSettingsData
06-14 15:54:30.322 I/WeatherS_WeatherBaseDataTask( 5708): executeRequest getLocationCityDataAndUpdateWeatherInfoIfNeeded
06-14 15:54:30.326 E/WeatherS_PrivacyStatementExport(12381): exp version old version  not support export privacy return false
06-14 15:54:30.326 E/WeatherS_PrivacyStatementExport(12381): exp version old version  not support export privacy return false
06-14 15:54:30.327 W/WeatherS_ApkSignedCheck(12381): checkCertificateWhiteList: has safe componentcom.coloros.alarmclock
06-14 15:54:30.328 W/WeatherS_ApkSignedCheck(12381): checkCertificateWhiteList: has safe componentcom.coloros.alarmclock
06-14 15:54:30.333 E/WeatherS_WeatherCommonServiceProxy(12381): getLocationCityInfo
06-14 15:54:30.333 D/WeatherS_PoolManager(12381):  thread: Thread[pool-1-thread-1,5,main]
06-14 15:54:30.333 D/WeatherS_PoolManager(12381):  thread: Thread[pool-1-thread-2,5,main]
06-14 15:54:30.334 D/nativeloader(12461): Load libframework-connectivity-jni.so using APEX ns com_android_tethering for caller /apex/com.android.tethering/javalib/framework-connectivity.jar: ok
06-14 15:54:30.335 I/CardRequestSDK.Utils(12381): isUmsRunCardService,[sdk:v3000000]
06-14 15:54:30.336 I/CardRequestSDK.Utils(12381): isUmsRunCardService, isUmsCardService=true,isUmsSupportCardService=true, isAboveOSVersion14=true,[sdk:v3000000]
06-14 15:54:30.336 I/CardRequestSDK.CardReqFacade(12381): init,ums run cardService,[sdk:v3000000]
06-14 15:54:30.338 V/GraphicsEnvironment(12461): Currently set values for:
06-14 15:54:30.338 V/GraphicsEnvironment(12461):   angle_gl_driver_selection_pkgs=[]
06-14 15:54:30.338 V/GraphicsEnvironment(12461):   angle_gl_driver_selection_values=[]
06-14 15:54:30.338 V/GraphicsEnvironment(12461): ANGLE GameManagerService for com.oplus.romupdate: false
06-14 15:54:30.338 V/GraphicsEnvironment(12461): com.oplus.romupdate is not listed in per-application setting
06-14 15:54:30.338 V/GraphicsEnvironment(12461): Neither updatable production driver nor prerelease driver is supported.
06-14 15:54:30.344 W/[0]DCS  (31945): Common Record event failed. DCS reject event: [appId=21000,logTag=210001,eventId=bg_app_custom_launch] . Pls check server config.
06-14 15:54:30.351 D/ResourcesManagerExtImpl(12461): applyConfigurationToAppResourcesLocked app.getDisplayId() return callback.displayId:-1
06-14 15:54:30.360 D/UpdateApplication(12461): log switch:false
06-14 15:54:30.361 I/AppFeatureCache(12461): enableAppFeatureCache
06-14 15:54:30.361 I/AppFeatureCache(12461): clearCursorInCache
06-14 15:54:30.361 I/AppFeatureCache(12461): invalidateAppFeatureCache run in
06-14 15:54:30.364 I/AppFeatureCache(12461): invalidateAppFeatureCache size: 5
06-14 15:54:30.370 I/WeatherS_WeatherCommonServiceProxy(12381): getLocationCityAndUpdate id = 2 cityId:0
06-14 15:54:30.371 E/WeatherS_WeatherCommonServiceProxy(12381): getTimeZoneOfAttendCity
06-14 15:54:30.371 D/WeatherS_PoolManager(12381):  thread: Thread[pool-1-thread-3,5,main]
06-14 15:54:30.371 I/WeatherS_WeatherCommonServiceProxy(12381): getResidentCity list size: 1
06-14 15:54:30.373 E/WeatherS_WeatherCommonServiceProxy(12381): getOneAttentCityWeatherInfoList
06-14 15:54:30.373 D/WeatherS_PoolManager(12381):  thread: Thread[pool-1-thread-4,5,main]
06-14 15:54:30.375 I/RUSApplication(12461): log switch=false
06-14 15:54:30.378 I/WeatherS_WeatherCommonServiceProxy(12381): resident data temp -> 19
06-14 15:54:30.379 D/XmlUtil (12359): XML VERSION: 2125000448
06-14 15:54:30.380 I/WeatherS_WeatherCommonServiceProxy(12381): parseWeatherToAttentWeatherInfo currentTemp: 19
06-14 15:54:30.381 I/WeatherS_WeatherBaseDataTask( 5708): after doRequestFromWeatherService getResidentSecureSettingsData result true
06-14 15:54:30.383 I/ActivityManager( 2066): Flag disabled. Ignoring finishAttachApplication from uid: 10169. pid: 12461
06-14 15:54:30.383 I/WeatherS_SharedUtil(12381): send load sLastSendResult sp cache 400
06-14 15:54:30.383 I/WeatherS_SharedUtil(12381): send load sLastSendSharedData sp cache true
06-14 15:54:30.384 D/CompatibilityChangeReporter(12461): Compat change id reported: 160794467; UID 10169; state: ENABLED
06-14 15:54:30.384 D/WeatherS_PoolManager(12381):  thread: Thread[pool-2-thread-1,5,main]
06-14 15:54:30.385 I/WeatherS_WeatherCommonServiceProxy(12381): getLocationCityAndUpdate  temp = 19 雨 1
06-14 15:54:30.386 E/WeatherS_WeatherCommonServiceProxy(12381): getLocationCityAndUpdate  needUpdateWeatherInfo = true, isCallFromWeatherApp = false
06-14 15:54:30.386 D/XmlUtil (12359): XML VERSION: 2025000045
06-14 15:54:30.387 D/NotificationCenterService(12359): onBind:157
06-14 15:54:30.387 I/WeatherS_WeatherBaseDataTask( 5708):  doRequestFromWeatherService getResidentSecureSettingsData response data true
06-14 15:54:30.387 D/ClockTag_ClockWidget.BaseWidgetViewHelper( 5708): requestNewResidentWeatherInfo,secureSettingsData == null ?false
06-14 15:54:30.388 I/WeatherS_WeatherServiceManager( 5708): unBindUpdateService true
06-14 15:54:30.389 I/WeatherS_SharedUtil(12381): getLocationWeather weather: 19::1::雨::°::9.0::Asia/Tokyo::0::1781381280000::1781432520000::true::4
06-14 15:54:30.393 I/WeatherS_SharedUtil(12381): getResidentWeather weather: 19::1::雨::°::9.0::Asia/Tokyo::0::1781381280000::1781432520000::true::4
06-14 15:54:30.396 I/WeatherS_SharedUtil(12381): sendData is same as lastSendSharedData
06-14 15:54:30.398 E/WeatherS_LocalUtils(12381): startAutoGetLocalCity bg location permission:true
06-14 15:54:30.398 D/OplusScrollToTopManager( 3730): com.android.launcher/com.android.launcher.Launcher,This DecorView@c7650c6[Launcher] change focus to true
06-14 15:54:30.401 D/lowmemorykiller(  647): medium pressure event polling check
06-14 15:54:30.402 D/lowmemorykiller(  647): thrashing: 0% thrashing_limit: 30%
06-14 15:54:30.402 E/lowmemorykiller(  647): calc_zone_watermarks pgskip_deltas_val: 0 pgskip_deltas[PGSKIP_IDX(i++)]: 0
06-14 15:54:30.402 E/lowmemorykiller(  647): adj:1001 file_cache:366451 free:138260
06-14 15:54:30.402 E/lowmemorykiller(  647): device has enough memory 2078792Kib, and freeMemory 553040Kib, disable killing(limit_killing:819200Kib)
06-14 15:54:30.405 D/WeatherS_PoolManager(12381):  thread: Thread[pool-2-thread-2,5,main]
06-14 15:54:30.407 I/WeatherS_WeatherBaseDataTask( 5708): after doRequestFromWeatherService getLocationCityDataAndUpdateWeatherInfoIfNeeded result true
06-14 15:54:30.408 I/WeatherS_AutoGetLocationService(12381): onStartCommand intent: true flags: 0 startId: 1
06-14 15:54:30.408 I/WeatherS_WeatherBaseDataTask( 5708):  doRequestFromWeatherService getLocationCityDataAndUpdateWeatherInfoIfNeeded response data true
06-14 15:54:30.408 D/ClockTag_ClockWidget.BaseWidgetViewHelper( 5708): requestLctWeatherInfo secureSettingsData = null? false
06-14 15:54:30.408 I/WeatherS_WeatherServiceManager( 5708): unBindUpdateService true
06-14 15:54:30.409 I/WeatherS_AutoGetLocationService(12381): start locate force: false needCityFromNet: true
06-14 15:54:30.409 E/WeatherS_PrivacyStatementExport(12381): exp version old version  not support export privacy return false
06-14 15:54:30.413 E/WeatherS_PrivacyStatementExport(12381): exp version old version  not support export privacy return false
06-14 15:54:30.414 W/WeatherS_ApkSignedCheck(12381): checkCertificateWhiteList: not in inWhiteListcom.coloros.weather.service
06-14 15:54:30.416 I/WeatherS_WeatherProvider(12381): query option: 1,callingUid: 10168,name: com.coloros.weather.service
06-14 15:54:30.427 I/Weather_Location_LocationController(12381): startLocationWithTimeOut, forceLocation:false, needCityFromNet:true
06-14 15:54:30.427 W/Weather_Location_LocationController(12381): start isStartPassiveLocation false
06-14 15:54:30.428 W/Weather_Location_LocationController(12381): isLocationPermissionGranted:true
06-14 15:54:30.429 W/Weather_Location_LocationController(12381): isPassiveLocationServiceEnable:true
06-14 15:54:30.429 W/Weather_Location_LocationController(12381): isStartPassiveLocation false
06-14 15:54:30.430 E/ANDR-PERF-UTIL( 1231): Failed to update node /proc/12250/sched_boost with value 0
06-14 15:54:30.430 E/ANDR-PERF-OPTSHANDLER( 1231): can't reset task 12250
06-14 15:54:30.430 E/ANDR-PERF-RESOURCEQS( 1231): Failed to reset optimization [3, 32]
06-14 15:54:30.430 W/Weather_Location_LocationController(12381): startPassiveLocation
06-14 15:54:30.432 W/Weather_Location_PassiveLocation(12381): start passiveLocation
06-14 15:54:30.435 D/CompatibilityChangeReporter( 2066): Compat change id reported: 168936375; UID 10168; state: ENABLED
06-14 15:54:30.441 D/LocationManagerService( 2066): passive provider added registration from 10168/com.coloros.weather.service/8716614A -> Request[PASSIVE, minUpdateInterval=+1m0s0ms, minUpdateDistance=100.0, WorkSource{10168 com.coloros.weather.service}] permissionLevel: 1 permitted: true
06-14 15:54:30.442 D/CompatibilityChangeReporter( 2066): Compat change id reported: 73144566; UID 10168; state: ENABLED
06-14 15:54:30.444 I/WeatherS_AutoGetLocationService(12381): onLocationSdkCall for scene:[5] at step:[4] by extra:[check location environment start]
06-14 15:54:30.444 W/Weather_Location_LocationController(12381): isLocationServiceEnable:true
06-14 15:54:30.444 W/Weather_Location_PassiveLocation(12381): currentLocation: fused, accuracy is 2000.0
06-14 15:54:30.444 I/Weather_Location_PassiveLocation(12381): passiveLocation elapsedRealtimeAgeMillis exceed 477071 return.
06-14 15:54:30.445 W/Weather_Location_LocationController(12381): isLocationPermissionGranted:true
06-14 15:54:30.446 W/Weather_Location_LocationController(12381): isNetAvailable:true
06-14 15:54:30.446 W/Weather_Location_LocationController(12381): meetLocationInterval:false
06-14 15:54:30.446 I/WeatherS_AutoGetLocationService(12381): onLocationSdkCall for scene:[5] at step:[4] by extra:[location interval no meet]
06-14 15:54:30.446 I/WeatherS_AutoGetLocationService(12381): location interval no meet,call update city weather.
06-14 15:54:30.447 I/WeatherS_LocalUtils(12381): notifyChange errorCode: 410000 uri: content://com.oplus.weather.provider.locationCallBack?errorCode=410000
06-14 15:54:30.448 I/WeatherS_AutoGetLocationService(12381): onLocationResult, count:0
06-14 15:54:30.448 W/WeatherS_AutoGetLocationService(12381): onLocationResult, cityInfo is null!
06-14 15:54:30.448 I/WeatherS_AbsLocationHelper(12381): getLocalId begin :service lct. 
06-14 15:54:30.448 I/WeatherS_AbsLocationHelper(12381): dealWithLocalCity same location city, onlyUpdateWeather
06-14 15:54:30.448 I/WeatherS_AbsLocationHelper(12381): endWithResult(): result=0null
06-14 15:54:30.448 E/WeatherS_PrivacyStatementExport(12381): exp version old version  not support export privacy return false
06-14 15:54:30.449 W/WeatherS_ApkSignedCheck(12381): checkCertificateWhiteList: not in inWhiteListcom.coloros.weather.service
06-14 15:54:30.449 W/[0]DCS  (31945): Common Record event failed. DCS reject event: [appId=20013,logTag=overall,eventId=location_intercept] . Pls check server config.
06-14 15:54:30.450 I/WeatherS_WeatherProvider(12381): query option: 1,callingUid: 10168,name: com.coloros.weather.service
06-14 15:54:30.451 W/[0]DCS  (31945): Common Record event failed. DCS reject event: [appId=20013,logTag=push,eventId=push_locat] . Pls check server config.
06-14 15:54:30.453 I/WeatherS_AbsLocationHelper(12381): endWithResult(): needFullWeatherData=false
06-14 15:54:30.454 E/WeatherS_PrivacyStatementExport(12381): exp version old version  not support export privacy return false
06-14 15:54:30.454 W/WeatherS_ApkSignedCheck(12381): checkCertificateWhiteList: not in inWhiteListcom.coloros.weather.service
06-14 15:54:30.455 I/WeatherS_WeatherProvider(12381): query option: 1,callingUid: 10168,name: com.coloros.weather.service
06-14 15:54:30.461 I/WeatherS_LocalUtils(12381): updateWeatherStart:true;false;false;false
06-14 15:54:30.464 D/WeatherS_PoolManager(12381):  thread: Thread[pool-2-thread-3,5,main]
06-14 15:54:30.465 W/Weather_Location_LocationController(12381): location condition not met, return!
06-14 15:54:30.466 I/WeatherS_UpdateWeatherService(12381): onStartCommand intent: true flags: 0 startId: 1
06-14 15:54:30.466 I/WeatherS_UpdateWeatherService(12381): setUpdateWeather: ,currentUpdateAttendId:2,isUpdateAll:false,isWeatherLight:true,isForceRefresh:false,updateScene:20100,callingPkg:com.coloros.alarmclock,weatherType:null
06-14 15:54:30.468 D/WeatherS_PoolManager(12381):  thread: Thread[pool-3-thread-1,5,main]
06-14 15:54:30.468 I/WeatherS_UpdateWeatherService(12381): registerBroadcast mHasRegisterBroadcast: false
06-14 15:54:30.469 I/WeatherS_UpdateWeatherService(12381): onStartCommand callUidId: 10168 nameForUid: com.coloros.weather.service
06-14 15:54:30.469 E/WeatherS_PrivacyStatementExport(12381): exp version old version  not support export privacy return false
06-14 15:54:30.470 W/WeatherS_ApkSignedCheck(12381): checkCertificateWhiteList: not in inWhiteListcom.coloros.weather.service
06-14 15:54:30.470 I/WeatherS_WeatherProvider(12381): query option: 1,callingUid: 10168,name: com.coloros.weather.service
06-14 15:54:30.472 E/WeatherS_WeatherExpireTimeUtils(12381): hasExpireTimeByCityId:2;00320010131265
06-14 15:54:30.472 I/WeatherS_AttentCityDataHelper(12381): hasWeatherInfo query weather info provider id: 2
06-14 15:54:30.473 E/WeatherS_PrivacyStatementExport(12381): exp version old version  not support export privacy return false
06-14 15:54:30.473 W/WeatherS_ApkSignedCheck(12381): checkCertificateWhiteList: not in inWhiteListcom.coloros.weather.service
06-14 15:54:30.474 I/WeatherS_WeatherProvider(12381): query option: 4,callingUid: 10168,name: com.coloros.weather.service
06-14 15:54:30.477 I/WeatherS_WeatherExpireTimeUtils(12381): has expire time by city id:2, result:true
06-14 15:54:30.478 I/WeatherS_AttentCityDataHelper(12381): hasWeatherInfo query weather info provider id: -10000
06-14 15:54:30.478 E/WeatherS_PrivacyStatementExport(12381): exp version old version  not support export privacy return false
06-14 15:54:30.478 W/WeatherS_ApkSignedCheck(12381): checkCertificateWhiteList: not in inWhiteListcom.coloros.weather.service
06-14 15:54:30.479 I/WeatherS_WeatherProvider(12381): query option: 4,callingUid: 10168,name: com.coloros.weather.service
06-14 15:54:30.482 I/WeatherS_UpdateWeatherService(12381): hasWeatherInfoInDb:true;hasResidentCityWeatherInfoInDb:true
06-14 15:54:30.482 I/WeatherS_UpdateWeatherService(12381): dataSource is WeatherLightInfoDataSource
06-14 15:54:30.484 D/WeatherS_PoolManager(12381):  thread: Thread[pool-3-thread-2,5,main]
06-14 15:54:30.486 E/WeatherS_PrivacyStatementExport(12381): exp version old version  not support export privacy return false
06-14 15:54:30.486 W/WeatherS_ApkSignedCheck(12381): checkCertificateWhiteList: not in inWhiteListcom.coloros.weather.service
06-14 15:54:30.487 D/UsageStatsService( 2066): User[0] type=0 b=1781420040486 e=1781420080486 cb=1781348849473 ce=1781420070273 disk=0 all=7
06-14 15:54:30.487 I/WeatherS_WeatherProvider(12381): query option: 2,callingUid: 10168,name: com.coloros.weather.service
06-14 15:54:30.489 E/WeatherS_PrivacyStatementExport(12381): exp version old version  not support export privacy return false
06-14 15:54:30.489 D/UsageStatsService( 2066): User[0] type=0 b=1781420040489 e=1781420080489 cb=1781348849473 ce=1781420070273 disk=0 all=7
06-14 15:54:30.490 W/WeatherS_ApkSignedCheck(12381): checkCertificateWhiteList: not in inWhiteListcom.coloros.weather.service
06-14 15:54:30.491 I/WeatherS_WeatherProvider(12381): query option: 46,callingUid: 10168,name: com.coloros.weather.service
06-14 15:54:30.491 D/WeatherS_PoolManager(12381):  thread: Thread[pool-2-thread-4,5,main]
06-14 15:54:30.494 D/UsageStatsService( 2066): User[0] type=0 b=1781420040494 e=1781420080494 cb=1781348849473 ce=1781420070273 disk=0 all=7
06-14 15:54:30.496 D/UsageStatsService( 2066): User[0] type=0 b=1781420040496 e=1781420080496 cb=1781348849473 ce=1781420070273 disk=0 all=7
06-14 15:54:30.497 D/WeatherS_PoolManager(12381):  thread: Thread[pool-2-thread-5,5,main]
06-14 15:54:30.497 W/[0]DCS  (31945): Common Record event failed. DCS reject event: [appId=20013,logTag=push,eventId=push_make_request] . Pls check server config.
06-14 15:54:30.498 I/WeatherS_WeatherServiceVersionUtils(12381): serviceVersionCode16022000
06-14 15:54:30.499 I/WeatherS_WeatherServiceVersionUtils(12381): serviceVersionCode16022000
06-14 15:54:30.499 I/WeatherS_WeatherServiceVersionUtils(12381): serviceVersionCode16022000
06-14 15:54:30.499 D/UsageStatsService( 2066): User[0] type=0 b=1781420040499 e=1781420080499 cb=1781348849473 ce=1781420070273 disk=0 all=7
06-14 15:54:30.502 D/UsageStatsService( 2066): User[0] type=0 b=1781420040501 e=1781420080501 cb=1781348849473 ce=1781420070273 disk=0 all=7
06-14 15:54:30.503 D/UsageStatsService( 2066): User[0] type=0 b=1781420040502 e=1781420080502 cb=1781348849473 ce=1781420070273 disk=0 all=7
06-14 15:54:30.504 D/lowmemorykiller(  647): medium pressure event polling check
06-14 15:54:30.504 D/lowmemorykiller(  647): thrashing: 0% thrashing_limit: 30%
06-14 15:54:30.505 D/UsageStatsService( 2066): User[0] type=0 b=1781420040504 e=1781420080504 cb=1781348849473 ce=1781420070273 disk=0 all=7
06-14 15:54:30.505 E/lowmemorykiller(  647): calc_zone_watermarks pgskip_deltas_val: 0 pgskip_deltas[PGSKIP_IDX(i++)]: 0
06-14 15:54:30.505 E/lowmemorykiller(  647): adj:1001 file_cache:366989 free:137126
06-14 15:54:30.505 E/lowmemorykiller(  647): device has enough memory 2076308Kib, and freeMemory 548504Kib, disable killing(limit_killing:819200Kib)
06-14 15:54:30.505 I/Osense-BaseDecisionMaker( 2066): notifySceneToAthenaPolicy: SCENE_RES_IO_PSI, bundle: Bundle[{ioLevel=3}]
06-14 15:54:30.505 I/Osense-BaseDecisionMaker( 2066): OSense not supported scene! SCENE_RES_IO_PSI
06-14 15:54:30.505 E/WeatherS_AccuUtilsExp(12381): exp -> true
06-14 15:54:30.506 I/WeatherS_WeatherDataClientManager(12381): [Init Weather Light Client] >>>> track region = JP, isChina = false
06-14 15:54:30.508 D/UsageStatsService( 2066): User[0] type=0 b=1781420040507 e=1781420080507 cb=1781348849473 ce=1781420070273 disk=0 all=7
06-14 15:54:30.516 D/UsageStatsService( 2066): User[0] type=0 b=1781420040515 e=1781420080515 cb=1781348849473 ce=1781420070273 disk=0 all=7
06-14 15:54:30.521 D/UsageStatsService( 2066): User[0] type=0 b=1781420040521 e=1781420080521 cb=1781348849473 ce=1781420070273 disk=0 all=7
06-14 15:54:30.522 D/UsageStatsService( 2066): User[0] type=0 b=1781420040522 e=1781420080522 cb=1781348849473 ce=1781420070273 disk=0 all=7
06-14 15:54:30.525 D/UsageStatsService( 2066): User[0] type=0 b=1781420040524 e=1781420080524 cb=1781348849473 ce=1781420070273 disk=0 all=7
06-14 15:54:30.527 D/UsageStatsService( 2066): User[0] type=0 b=1781420040526 e=1781420080526 cb=1781348849473 ce=1781420070273 disk=0 all=7
06-14 15:54:30.529 D/UsageStatsService( 2066): User[0] type=0 b=1781420040528 e=1781420080528 cb=1781348849473 ce=1781420070273 disk=0 all=7
06-14 15:54:30.532 D/UsageStatsService( 2066): User[0] type=0 b=1781420040531 e=1781420080531 cb=1781348849473 ce=1781420070273 disk=0 all=7
06-14 15:54:30.535 D/UsageStatsService( 2066): User[0] type=0 b=1781420040534 e=1781420080534 cb=1781348849473 ce=1781420070273 disk=0 all=7
06-14 15:54:30.536 D/UsageStatsService( 2066): User[0] type=0 b=1781420040535 e=1781420080535 cb=1781348849473 ce=1781420070273 disk=0 all=7
06-14 15:54:30.538 D/UsageStatsService( 2066): User[0] type=0 b=1781420040537 e=1781420080537 cb=1781348849473 ce=1781420070273 disk=0 all=7
06-14 15:54:30.539 D/UsageStatsService( 2066): User[0] type=0 b=1781420040538 e=1781420080538 cb=1781348849473 ce=1781420070273 disk=0 all=7
06-14 15:54:30.543 D/UsageStatsService( 2066): User[0] type=0 b=1781420040541 e=1781420080541 cb=1781348849473 ce=1781420070273 disk=0 all=7
06-14 15:54:30.544 D/UsageStatsService( 2066): User[0] type=0 b=1781420040543 e=1781420080543 cb=1781348849473 ce=1781420070273 disk=0 all=7
06-14 15:54:30.547 D/UsageStatsService( 2066): User[0] type=0 b=1781420040546 e=1781420080546 cb=1781348849473 ce=1781420070273 disk=0 all=7
06-14 15:54:30.548 D/UsageStatsService( 2066): User[0] type=0 b=1781420040547 e=1781420080547 cb=1781348849473 ce=1781420070273 disk=0 all=7
06-14 15:54:30.551 D/UsageStatsService( 2066): User[0] type=0 b=1781420040551 e=1781420080551 cb=1781348849473 ce=1781420070273 disk=0 all=7
06-14 15:54:30.553 D/UsageStatsService( 2066): User[0] type=0 b=1781420040552 e=1781420080552 cb=1781348849473 ce=1781420070273 disk=0 all=7
06-14 15:54:30.555 D/UsageStatsService( 2066): User[0] type=0 b=1781420040554 e=1781420080554 cb=1781348849473 ce=1781420070273 disk=0 all=7
06-14 15:54:30.556 D/UsageStatsService( 2066): User[0] type=0 b=1781420040556 e=1781420080556 cb=1781348849473 ce=1781420070273 disk=0 all=7
06-14 15:54:30.558 D/UsageStatsService( 2066): User[0] type=0 b=1781420040558 e=1781420080558 cb=1781348849473 ce=1781420070273 disk=0 all=7
06-14 15:54:30.560 D/UsageStatsService( 2066): User[0] type=0 b=1781420040559 e=1781420080559 cb=1781348849473 ce=1781420070273 disk=0 all=7
06-14 15:54:30.563 D/UsageStatsService( 2066): User[0] type=0 b=1781420040562 e=1781420080562 cb=1781348849473 ce=1781420070273 disk=0 all=7
06-14 15:54:30.564 D/UsageStatsService( 2066): User[0] type=0 b=1781420040563 e=1781420080563 cb=1781348849473 ce=1781420070273 disk=0 all=7
06-14 15:54:30.567 D/UsageStatsService( 2066): User[0] type=0 b=1781420040566 e=1781420080566 cb=1781348849473 ce=1781420070273 disk=0 all=7
06-14 15:54:30.570 D/CompatibilityChangeReporter(12359): Compat change id reported: 183155436; UID 1000; state: ENABLED
06-14 15:54:30.570 D/CommercialBlackListManager(12359): black list register
06-14 15:54:30.571 D/UsageStatsService( 2066): User[0] type=0 b=1781420040570 e=1781420080570 cb=1781348849473 ce=1781420070273 disk=0 all=7
06-14 15:54:30.575 D/CommercialBlackListManager(12359): init UnimportantExemptionList:[com.active.toracorporation, com.irobot.home, com.coloros.phonemanager, com.trendmicro.tmmspersonal.jp.googleplayversion, com.facebook.katana, com.google.android.apps.fitness, jp.saltworks.tsumugunenga, com.trendmicro.mobile.IDProtection.jp, jp.co.lifebear, com.xiaomi.hm.health, jp.co.miyagin.mobilebanking, jp.co.pocke.android.zutsu, com.amazon.kindle, com.google.android.apps.photos, kyuden.kireilifeplus.dr, jp.co.aeonst.app.myaeon, life.nafco, jp.co.sega.am2.MJMobile, co.candyhouse.sesame2, jp.co.delight_system.threeR.android]
06-14 15:54:30.576 D/CommercialBlackListManager(12359): getAppChannelSettingApps record:co.candyhouse.sesame2
06-14 15:54:30.576 D/CommercialBlackListManager(12359): getAppChannelSettingApps record:kyuden.kireilifeplus.dr
06-14 15:54:30.576 D/CommercialBlackListManager(12359): getAppChannelSettingApps record:co.candyhouse.sesame2
06-14 15:54:30.576 D/CommercialBlackListManager(12359): getAppChannelSettingApps record:com.google.android.apps.photos
06-14 15:54:30.576 D/CommercialBlackListManager(12359): getAppChannelSettingApps record:com.trendmicro.tmmspersonal.jp.googleplayversion
06-14 15:54:30.576 D/CommercialBlackListManager(12359): getAppChannelSettingApps record:jp.co.miyagin.mobilebanking
06-14 15:54:30.576 D/CommercialBlackListManager(12359): getAppChannelSettingApps record:com.google.android.apps.photos
06-14 15:54:30.576 D/CommercialBlackListManager(12359): getAppChannelSettingApps record:jp.co.miyagin.mobilebanking
06-14 15:54:30.576 D/CommercialBlackListManager(12359): init blacklist:[]
06-14 15:54:30.592 W/CryptoEngManager(12381): getService fail.vendor.oplus.hardware.cryptoeng.ICryptoeng/default
06-14 15:54:30.594 D/NotificationBackend(12359): initForBackgroundProcess: action start:first start up
06-14 15:54:30.595 W/DBUtil  (12359): The Filtrate app cursor is null !!!
06-14 15:54:30.605 D/lowmemorykiller(  647): medium pressure event polling check
06-14 15:54:30.605 E/FeatureFlagsImplExport(12381): android.os.flagging.AconfigStorageReadException: ERROR_PACKAGE_NOT_FOUND: package com.android.libcore cannot be found on the device
06-14 15:54:30.605 D/lowmemorykiller(  647): thrashing: 0% thrashing_limit: 30%
06-14 15:54:30.605 E/lowmemorykiller(  647): calc_zone_watermarks pgskip_deltas_val: 0 pgskip_deltas[PGSKIP_IDX(i++)]: 0
06-14 15:54:30.606 E/lowmemorykiller(  647): adj:1001 file_cache:367581 free:135858
06-14 15:54:30.606 E/lowmemorykiller(  647): device has enough memory 2073648Kib, and freeMemory 543432Kib, disable killing(limit_killing:819200Kib)
06-14 15:54:30.606 I/vendor.qti.bluetooth@1.0-ibs_handler( 1200): ProcessIbsCmd: Received IBS_WAKE_IND: 0xFD
06-14 15:54:30.606 D/vendor.qti.bluetooth@1.0-ibs_handler( 1200): SerialClockVote: vote for UART CLK ON
06-14 15:54:30.607 D/vendor.qti.bluetooth@1.0-wake_lock( 1200): Acquire wakelock is acquired 
06-14 15:54:30.608 I/vendor.qti.bluetooth@1.0-ibs_handler( 1200): ProcessIbsCmd: Writing IBS_WAKE_ACK
06-14 15:54:30.608 I/bt_stack(17806): [INFO:btm_devctl.cc(1308)] BTM_BT_Quality_Report_VSE_CBack: BQR sub event, report length: 55
06-14 15:54:30.609 I/bt_btif_vendor(17806): btif_vendor_bqr_delivery_event: len: 55, addr: 08:16:d5:a4:f9:3e, lmp_ver: 13, manufacturer_id: 688, lmp_subver: 789
06-14 15:54:30.609 I/BluetoothVendorJni(17806): bqr_delivery_callback
06-14 15:54:30.612 I/BluetoothVendorService(17806): BQR: {
06-14 15:54:30.612 I/BluetoothVendorService(17806):   mAddr: 08:16:D5:A4:F9:3E, mLmpVer: 0x0D, mLmpSubVer: 0x0315, mManufacturerId: 0x02B0, mName: Xiaomi Smart Band 9 F93E, mBluetoothClass: 1f00,
06-14 15:54:30.612 I/BluetoothVendorService(17806):   BqrCommon: {
06-14 15:54:30.612 I/BluetoothVendorService(17806):     mQualityReportId: Quality monitor(0x01), mPacketType: TYPE_NULL(0x02), mConnectionHandle: 0x0003, mConnectionRole: 0(0), mTxPowerLevel: 9, mRssi: -47, mSnr: 0, mUnusedAfhChannelCount: 25,
06-14 15:54:30.612 I/BluetoothVendorService(17806):     mAfhSelectUnidealChannelCount: 0, mLsto: 8000, mPiconetClock: 0x09158BA4, mRetransmissionCount: 0, mNoRxCount: 0, mNakCount: 0, mLastTxAckTimestamp: 0x00000000, mFlowOffCount: 0,
06-14 15:54:30.612 I/BluetoothVendorService(17806):     mLastFlowOnTimestamp: 0x0FFFFFEE, mOverflowCount: 0, mUnderflowCount: 0, mAddr: 08:16:D5:A4:F9:3E, mCalFailedItemCount: 0
06-14 15:54:30.612 I/BluetoothVendorService(17806):   }
06-14 15:54:30.612 I/BluetoothVendorService(17806): }
06-14 15:54:30.612 D/OplusBluetoothQoSManager(17806): received bqr xx 
06-14 15:54:30.612 I/oplus_bt_dual_sync(17806): stack_down_sync_action: type=18, len=17
06-14 15:54:30.612 I/oplus_bt_qos_monitor(17806): get_oplus_qos_data getting qos data
06-14 15:54:30.618 D/NotificationBackend(12359): initForBackgroundProcess: action end:first start up
06-14 15:54:30.648 I/vendor.qti.bluetooth@1.0-ibs_handler( 1200): ProcessIbsCmd: Received IBS_SLEEP_IND: 0xFE
06-14 15:54:30.648 D/vendor.qti.bluetooth@1.0-ibs_handler( 1200): SerialClockVote: vote for UART CLK OFF
06-14 15:54:30.706 D/lowmemorykiller(  647): medium pressure event polling check
06-14 15:54:30.706 D/lowmemorykiller(  647): thrashing: 0% thrashing_limit: 30%
06-14 15:54:30.707 E/lowmemorykiller(  647): calc_zone_watermarks pgskip_deltas_val: 0 pgskip_deltas[PGSKIP_IDX(i++)]: 0
06-14 15:54:30.707 E/lowmemorykiller(  647): adj:1001 file_cache:368062 free:134771
06-14 15:54:30.707 E/lowmemorykiller(  647): device has enough memory 2071228Kib, and freeMemory 539084Kib, disable killing(limit_killing:819200Kib)
06-14 15:54:30.799 D/vendor.qti.bluetooth@1.0-wake_lock( 1200): Release wakelock is released 
06-14 15:54:30.799 D/CompatibilityChangeReporter(12381): Compat change id reported: 247079863; UID 10168; state: ENABLED
06-14 15:54:30.799 E/WeatherS_WeatherHttpDataSource(12381):  WeatherSdk Exception: Request{method=POST, url=https://weather-server.allawnos.com/weather/lightData?appId=app-weather&authCode=b163949698e2b23cff98625004de6da3c1f7369566076458994c4281c41778ba, headers=[timeStamp:1781420070, serviceVersionCode:16022000, invokedByAppVersion:14010006, invokedByScene:20100, pkgName:com.coloros.weather.service, authType:2, versionCode:15009008, invokedByAppName:com.coloros.alarmclock]}
06-14 15:54:30.799 E/WeatherS_WeatherHttpDataSource(12381): httpcode:304
06-14 15:54:30.799 E/WeatherS_WeatherHttpDataSource(12381): cityInfoCode:0
06-14 15:54:30.799 E/WeatherS_WeatherHttpDataSource(12381): 
06-14 15:54:30.799 E/WeatherS_WeatherHttpDataSource(12381): body:
06-14 15:54:30.800 W/WeatherS_WeatherInfoBaseDataSource(12381): WeatherSdk service return 304, server data not change, no need return data and no need update
06-14 15:54:30.800 E/WeatherS_PrivacyStatementExport(12381): exp version old version  not support export privacy return false
06-14 15:54:30.802 W/WeatherS_ApkSignedCheck(12381): checkCertificateWhiteList: not in inWhiteListcom.coloros.weather.service
06-14 15:54:30.804 I/WeatherS_WeatherProvider(12381): query option: 1,callingUid: 10168,name: com.coloros.weather.service
06-14 15:54:30.807 D/lowmemorykiller(  647): medium pressure event polling check
06-14 15:54:30.808 D/lowmemorykiller(  647): Ignoring medium pressure event; system is not in reclaim or compaction and no refaults
06-14 15:54:30.810 E/WeatherS_PrivacyStatementExport(12381): exp version old version  not support export privacy return false
06-14 15:54:30.811 W/WeatherS_ApkSignedCheck(12381): checkCertificateWhiteList: not in inWhiteListcom.coloros.weather.service
06-14 15:54:30.812 I/WeatherS_WeatherProvider(12381): query option: 1,callingUid: 10168,name: com.coloros.weather.service
06-14 15:54:30.813 E/WeatherS_PrivacyStatementExport(12381): exp version old version  not support export privacy return false
06-14 15:54:30.814 W/WeatherS_ApkSignedCheck(12381): checkCertificateWhiteList: not in inWhiteListcom.coloros.weather.service
06-14 15:54:30.815 I/WeatherS_WeatherProvider(12381): update option: 13,callingUid: 10168,name: com.coloros.weather.service
06-14 15:54:30.817 W/WeatherS_OplusFreezeUtil(12381): cancelFreezeDelay is not above os 15.0.0,can't call api about OsenseResEventClient
06-14 15:54:30.821 W/[0]DCS  (31945): Common Record event failed. DCS reject event: [appId=20013,logTag=push,eventId=push_request] . Pls check server config.
06-14 15:54:30.838 D/UsageStatsService( 2066): User[0] type=0 b=1781420040837 e=1781420080837 cb=1781348849473 ce=1781420070273 disk=0 all=7
06-14 15:54:30.840 D/UsageStatsService( 2066): User[0] type=0 b=1781420040839 e=1781420080839 cb=1781348849473 ce=1781420070273 disk=0 all=7
06-14 15:54:30.845 D/UsageStatsService( 2066): User[0] type=0 b=1781420040845 e=1781420080845 cb=1781348849473 ce=1781420070273 disk=0 all=7
06-14 15:54:30.849 D/UsageStatsService( 2066): User[0] type=0 b=1781420040849 e=1781420080849 cb=1781348849473 ce=1781420070273 disk=0 all=7
06-14 15:54:30.852 D/UsageStatsService( 2066): User[0] type=0 b=1781420040851 e=1781420080851 cb=1781348849473 ce=1781420070273 disk=0 all=7
06-14 15:54:30.855 D/UsageStatsService( 2066): User[0] type=0 b=1781420040854 e=1781420080854 cb=1781348849473 ce=1781420070273 disk=0 all=7
06-14 15:54:30.856 D/OplusSmartBrightnessController( 2066): handleMessage MSG_LUX_CHANGED, mLux:480.64087 luxQueue=[480.64087, 480.64087, 480.64087, 480.64087, 480.64087, 480.64087]
06-14 15:54:30.858 D/UsageStatsService( 2066): User[0] type=0 b=1781420040857 e=1781420080857 cb=1781348849473 ce=1781420070273 disk=0 all=7
06-14 15:54:30.866 D/UsageStatsService( 2066): User[0] type=0 b=1781420040865 e=1781420080865 cb=1781348849473 ce=1781420070273 disk=0 all=7
06-14 15:54:30.872 D/UsageStatsService( 2066): User[0] type=0 b=1781420040871 e=1781420080871 cb=1781348849473 ce=1781420070273 disk=0 all=7
06-14 15:54:30.873 D/UsageStatsService( 2066): User[0] type=0 b=1781420040873 e=1781420080873 cb=1781348849473 ce=1781420070273 disk=0 all=7
06-14 15:54:30.874 D/UsageStatsService( 2066): User[0] type=0 b=1781420040874 e=1781420080874 cb=1781348849473 ce=1781420070273 disk=0 all=7
06-14 15:54:30.876 D/UsageStatsService( 2066): User[0] type=0 b=1781420040875 e=1781420080875 cb=1781348849473 ce=1781420070273 disk=0 all=7
06-14 15:54:30.877 D/UsageStatsService( 2066): User[0] type=0 b=1781420040876 e=1781420080876 cb=1781348849473 ce=1781420070273 disk=0 all=7
06-14 15:54:30.878 D/UsageStatsService( 2066): User[0] type=0 b=1781420040878 e=1781420080878 cb=1781348849473 ce=1781420070273 disk=0 all=7
06-14 15:54:30.882 D/UsageStatsService( 2066): User[0] type=0 b=1781420040881 e=1781420080881 cb=1781348849473 ce=1781420070273 disk=0 all=7
06-14 15:54:30.885 D/UsageStatsService( 2066): User[0] type=0 b=1781420040884 e=1781420080884 cb=1781348849473 ce=1781420070273 disk=0 all=7
06-14 15:54:30.886 D/UsageStatsService( 2066): User[0] type=0 b=1781420040885 e=1781420080885 cb=1781348849473 ce=1781420070273 disk=0 all=7
06-14 15:54:30.888 D/UsageStatsService( 2066): User[0] type=0 b=1781420040888 e=1781420080888 cb=1781348849473 ce=1781420070273 disk=0 all=7
06-14 15:54:30.889 D/UsageStatsService( 2066): User[0] type=0 b=1781420040889 e=1781420080889 cb=1781348849473 ce=1781420070273 disk=0 all=7
06-14 15:54:30.890 D/UsageStatsService( 2066): User[0] type=0 b=1781420040890 e=1781420080890 cb=1781348849473 ce=1781420070273 disk=0 all=7
06-14 15:54:30.892 D/UsageStatsService( 2066): User[0] type=0 b=1781420040891 e=1781420080891 cb=1781348849473 ce=1781420070273 disk=0 all=7
06-14 15:54:30.894 D/UsageStatsService( 2066): User[0] type=0 b=1781420040893 e=1781420080893 cb=1781348849473 ce=1781420070273 disk=0 all=7
06-14 15:54:30.895 D/UsageStatsService( 2066): User[0] type=0 b=1781420040894 e=1781420080894 cb=1781348849473 ce=1781420070273 disk=0 all=7
06-14 15:54:30.897 D/UsageStatsService( 2066): User[0] type=0 b=1781420040896 e=1781420080896 cb=1781348849473 ce=1781420070273 disk=0 all=7
06-14 15:54:30.899 D/UsageStatsService( 2066): User[0] type=0 b=1781420040899 e=1781420080899 cb=1781348849473 ce=1781420070273 disk=0 all=7
06-14 15:54:30.900 D/UsageStatsService( 2066): User[0] type=0 b=1781420040900 e=1781420080900 cb=1781348849473 ce=1781420070273 disk=0 all=7
06-14 15:54:30.902 D/UsageStatsService( 2066): User[0] type=0 b=1781420040901 e=1781420080901 cb=1781348849473 ce=1781420070273 disk=0 all=7
06-14 15:54:30.902 D/UsageStatsService( 2066): User[0] type=0 b=1781420040902 e=1781420080902 cb=1781348849473 ce=1781420070273 disk=0 all=7
06-14 15:54:30.903 D/UsageStatsService( 2066): User[0] type=0 b=1781420040902 e=1781420080902 cb=1781348849473 ce=1781420070273 disk=0 all=7
06-14 15:54:30.905 D/UsageStatsService( 2066): User[0] type=0 b=1781420040904 e=1781420080904 cb=1781348849473 ce=1781420070273 disk=0 all=7
06-14 15:54:30.906 D/UsageStatsService( 2066): User[0] type=0 b=1781420040906 e=1781420080906 cb=1781348849473 ce=1781420070273 disk=0 all=7
06-14 15:54:30.908 D/lowmemorykiller(  647): medium pressure event polling check
06-14 15:54:30.908 D/lowmemorykiller(  647): Ignoring medium pressure event; system is not in reclaim or compaction and no refaults
06-14 15:54:30.909 D/UsageStatsService( 2066): User[0] type=0 b=1781420040909 e=1781420080909 cb=1781348849473 ce=1781420070273 disk=0 all=7
06-14 15:54:30.911 D/UsageStatsService( 2066): User[0] type=0 b=1781420040911 e=1781420080911 cb=1781348849473 ce=1781420070273 disk=0 all=7
06-14 15:54:30.913 D/UsageStatsService( 2066): User[0] type=0 b=1781420040912 e=1781420080912 cb=1781348849473 ce=1781420070273 disk=0 all=7
06-14 15:54:30.915 D/UsageStatsService( 2066): User[0] type=0 b=1781420040914 e=1781420080914 cb=1781348849473 ce=1781420070273 disk=0 all=7
06-14 15:54:30.916 D/UsageStatsService( 2066): User[0] type=0 b=1781420040916 e=1781420080916 cb=1781348849473 ce=1781420070273 disk=0 all=7
06-14 15:54:30.920 D/UsageStatsService( 2066): User[0] type=0 b=1781420040920 e=1781420080920 cb=1781348849473 ce=1781420070273 disk=0 all=7
06-14 15:54:30.922 D/UsageStatsService( 2066): User[0] type=0 b=1781420040921 e=1781420080921 cb=1781348849473 ce=1781420070273 disk=0 all=7
06-14 15:54:30.955 I/WeatherS_AutoGetLocationService(12381): AutoGetLctService onReceive: com.oplus.weather.action.deal_location
06-14 15:54:30.958 I/WeatherS_AutoGetLocationService(12381): onReceive:AutoGetLctService.stopSelf() end
06-14 15:54:30.959 I/WeatherS_UpdateWeatherService(12381): mUpdateResultReceiver OnReceive ACTION_UPDATE_COMPLETE
06-14 15:54:30.961 I/WeatherS_AutoGetLocationService(12381): onDestroy
06-14 15:54:30.962 I/Weather_Location_LocationController(12381): stopAndClear
06-14 15:54:30.962 I/Weather_Location_SystemLocation(12381): stopLocalLocation remove listener:19297103
06-14 15:54:30.963 I/WeatherS_UpdateWeatherService(12381): onDestroy
06-14 15:54:30.963 W/WeatherS_OplusFreezeUtil(12381): cancelFreezeDelay is not above os 15.0.0,can't call api about OsenseResEventClient
06-14 15:54:31.005 D/lowmemorykiller(  647): medium pressure event polling check
06-14 15:54:31.005 D/lowmemorykiller(  647): Ignoring medium pressure event; system is not in reclaim or compaction and no refaults
06-14 15:54:31.105 D/lowmemorykiller(  647): medium pressure event polling check
06-14 15:54:31.106 D/lowmemorykiller(  647): thrashing: 0% thrashing_limit: 30%
06-14 15:54:31.106 E/lowmemorykiller(  647): calc_zone_watermarks pgskip_deltas_val: 0 pgskip_deltas[PGSKIP_IDX(i++)]: 0
06-14 15:54:31.106 E/lowmemorykiller(  647): adj:1001 file_cache:369841 free:132881
06-14 15:54:31.106 E/lowmemorykiller(  647): device has enough memory 2070796Kib, and freeMemory 531524Kib, disable killing(limit_killing:819200Kib)
06-14 15:54:31.126 D/VRR [OTI]( 1374): handleIdle from 0 to 1
06-14 15:54:31.127 D/VRR [OTI-HW]( 1374): isStateReady 0
06-14 15:54:31.127 D/VRR [OTI-HW]( 1374): rate range: min {id=0, hwcId=0, resolution=1080x2400, refreshRate=60.00 Hz, dpi=409.43x409.13, group=0} cur {id=1, hwcId=1, resolution=1080x2400, refreshRate=90.00 Hz, dpi=409.43x409.13, group=0} max {id=1, hwcId=1, resolution=1080x2400, refreshRate=90.00 Hz, dpi=409.43x409.13, group=0}
06-14 15:54:31.127 D/VRR [OTI-HW]( 1374): keep rate.
06-14 15:54:31.187 D/UsageStatsService( 2066): User[0] type=0 b=1781420041186 e=1781420081186 cb=1781348849473 ce=1781420070273 disk=0 all=7
06-14 15:54:31.190 D/UsageStatsService( 2066): User[0] type=0 b=1781420041189 e=1781420081189 cb=1781348849473 ce=1781420070273 disk=0 all=7
06-14 15:54:31.195 D/UsageStatsService( 2066): User[0] type=0 b=1781420041194 e=1781420081194 cb=1781348849473 ce=1781420070273 disk=0 all=7
06-14 15:54:31.196 D/UsageStatsService( 2066): User[0] type=0 b=1781420041196 e=1781420081196 cb=1781348849473 ce=1781420070273 disk=0 all=7
06-14 15:54:31.199 D/UsageStatsService( 2066): User[0] type=0 b=1781420041198 e=1781420081198 cb=1781348849473 ce=1781420070273 disk=0 all=7
06-14 15:54:31.202 D/UsageStatsService( 2066): User[0] type=0 b=1781420041201 e=1781420081201 cb=1781348849473 ce=1781420070273 disk=0 all=7
06-14 15:54:31.203 D/UsageStatsService( 2066): User[0] type=0 b=1781420041202 e=1781420081202 cb=1781348849473 ce=1781420070273 disk=0 all=7
06-14 15:54:31.205 D/UsageStatsService( 2066): User[0] type=0 b=1781420041204 e=1781420081204 cb=1781348849473 ce=1781420070273 disk=0 all=7
06-14 15:54:31.206 D/lowmemorykiller(  647): medium pressure event polling check
06-14 15:54:31.207 D/lowmemorykiller(  647): Ignoring medium pressure event; system is not in reclaim or compaction and no refaults
06-14 15:54:31.208 D/UsageStatsService( 2066): User[0] type=0 b=1781420041207 e=1781420081207 cb=1781348849473 ce=1781420070273 disk=0 all=7
06-14 15:54:31.216 D/UsageStatsService( 2066): User[0] type=0 b=1781420041215 e=1781420081215 cb=1781348849473 ce=1781420070273 disk=0 all=7
06-14 15:54:31.221 D/UsageStatsService( 2066): User[0] type=0 b=1781420041220 e=1781420081220 cb=1781348849473 ce=1781420070273 disk=0 all=7
06-14 15:54:31.223 D/UsageStatsService( 2066): User[0] type=0 b=1781420041222 e=1781420081222 cb=1781348849473 ce=1781420070273 disk=0 all=7
06-14 15:54:31.224 D/UsageStatsService( 2066): User[0] type=0 b=1781420041224 e=1781420081224 cb=1781348849473 ce=1781420070273 disk=0 all=7
06-14 15:54:31.227 D/UsageStatsService( 2066): User[0] type=0 b=1781420041226 e=1781420081226 cb=1781348849473 ce=1781420070273 disk=0 all=7
06-14 15:54:31.229 D/UsageStatsService( 2066): User[0] type=0 b=1781420041228 e=1781420081228 cb=1781348849473 ce=1781420070273 disk=0 all=7
06-14 15:54:31.232 D/UsageStatsService( 2066): User[0] type=0 b=1781420041231 e=1781420081231 cb=1781348849473 ce=1781420070273 disk=0 all=7
06-14 15:54:31.236 D/UsageStatsService( 2066): User[0] type=0 b=1781420041234 e=1781420081234 cb=1781348849473 ce=1781420070273 disk=0 all=7
06-14 15:54:31.237 D/UsageStatsService( 2066): User[0] type=0 b=1781420041237 e=1781420081237 cb=1781348849473 ce=1781420070273 disk=0 all=7
06-14 15:54:31.239 D/UsageStatsService( 2066): User[0] type=0 b=1781420041238 e=1781420081238 cb=1781348849473 ce=1781420070273 disk=0 all=7
06-14 15:54:31.240 D/UsageStatsService( 2066): User[0] type=0 b=1781420041240 e=1781420081240 cb=1781348849473 ce=1781420070273 disk=0 all=7
06-14 15:54:31.242 D/UsageStatsService( 2066): User[0] type=0 b=1781420041241 e=1781420081241 cb=1781348849473 ce=1781420070273 disk=0 all=7
06-14 15:54:31.243 D/UsageStatsService( 2066): User[0] type=0 b=1781420041243 e=1781420081243 cb=1781348849473 ce=1781420070273 disk=0 all=7
06-14 15:54:31.245 D/UsageStatsService( 2066): User[0] type=0 b=1781420041244 e=1781420081244 cb=1781348849473 ce=1781420070273 disk=0 all=7
06-14 15:54:31.247 D/UsageStatsService( 2066): User[0] type=0 b=1781420041246 e=1781420081246 cb=1781348849473 ce=1781420070273 disk=0 all=7
06-14 15:54:31.249 D/UsageStatsService( 2066): User[0] type=0 b=1781420041248 e=1781420081248 cb=1781348849473 ce=1781420070273 disk=0 all=7
06-14 15:54:31.251 D/UsageStatsService( 2066): User[0] type=0 b=1781420041251 e=1781420081251 cb=1781348849473 ce=1781420070273 disk=0 all=7
06-14 15:54:31.253 D/UsageStatsService( 2066): User[0] type=0 b=1781420041252 e=1781420081252 cb=1781348849473 ce=1781420070273 disk=0 all=7
06-14 15:54:31.255 D/UsageStatsService( 2066): User[0] type=0 b=1781420041254 e=1781420081254 cb=1781348849473 ce=1781420070273 disk=0 all=7
06-14 15:54:31.256 D/UsageStatsService( 2066): User[0] type=0 b=1781420041256 e=1781420081256 cb=1781348849473 ce=1781420070273 disk=0 all=7
06-14 15:54:31.258 W/libc    (31945): Access denied finding property "vendor.gsm.serial"
06-14 15:54:31.259 D/UsageStatsService( 2066): User[0] type=0 b=1781420041259 e=1781420081259 cb=1781348849473 ce=1781420070273 disk=0 all=7
06-14 15:54:31.261 D/UsageStatsService( 2066): User[0] type=0 b=1781420041261 e=1781420081261 cb=1781348849473 ce=1781420070273 disk=0 all=7
06-14 15:54:31.263 D/UsageStatsService( 2066): User[0] type=0 b=1781420041262 e=1781420081262 cb=1781348849473 ce=1781420070273 disk=0 all=7
06-14 15:54:31.264 D/UsageStatsService( 2066): User[0] type=0 b=1781420041263 e=1781420081263 cb=1781348849473 ce=1781420070273 disk=0 all=7
06-14 15:54:31.265 D/UsageStatsService( 2066): User[0] type=0 b=1781420041264 e=1781420081264 cb=1781348849473 ce=1781420070273 disk=0 all=7
06-14 15:54:31.267 D/UsageStatsService( 2066): User[0] type=0 b=1781420041266 e=1781420081266 cb=1781348849473 ce=1781420070273 disk=0 all=7
06-14 15:54:31.271 D/UsageStatsService( 2066): User[0] type=0 b=1781420041270 e=1781420081270 cb=1781348849473 ce=1781420070273 disk=0 all=7
06-14 15:54:31.272 D/UsageStatsService( 2066): User[0] type=0 b=1781420041271 e=1781420081271 cb=1781348849473 ce=1781420070273 disk=0 all=7
06-14 15:54:31.457 D/WifiStaIfaceHidlImpl( 2066): getCachedScanData is not implemented by HIDL
06-14 15:54:31.466 D/OplusWifiSwitchStats( 2066): RSSI_CHANGED_ACTION wifiState=3
06-14 15:54:31.467 D/OplusGameFirstManager( 2066): oldAverRssi=-76,rssi=-75,newAverRssi=-76
06-14 15:54:31.471 I/QImsService( 3936): OplusWifiApmStateMgr : onReceive,wifiSignal: -75
06-14 15:54:31.471 I/SystemUi--Statusbar( 3476): NetworkController.WifiSignalController-->wifi Broadcast action = android.net.wifi.RSSI_CHANGED state=3 enabled=true connected=true isDefaultNetwork=true rssi=-75 level=3 wifiStandard = 5 statusLabel = null isDirty = false
06-14 15:54:31.474 D/QCNEJ/WlanStaInfoRelay( 3909): Received action: android.net.wifi.RSSI_CHANGED
06-14 15:54:31.478 D/WifiStatusTracker( 3476): mNetworkCallback onCapabilitiesChanged network:144 mPrimaryNetworkId:144
06-14 15:54:31.478 I/wpa_supplicant(21724): wlan0: command[CURRENT_RSSI -75], reply:SUCCESS
06-14 15:54:31.481 D/SystemNetworkObserver( 2066): wifi network 144 nc changed, primary=true
06-14 15:54:31.481 D/SystemNetworkObserver( 2066): default network nc changed 144
06-14 15:54:31.482 E/TMMS-NetworkCallbackImpl( 7328): network ---> capability-changed, type: Wi-Fi.
06-14 15:54:31.487 D/WifiStatusTracker( 3476): mNetworkCallback onCapabilitiesChanged network:144 mPrimaryNetworkId:144
06-14 15:54:31.492 I/NullBinder(27202): NullBinder for android.net.action.RECOMMEND_NETWORKS triggering remote TransactionTooLargeException due to Service without Chimera impl, calling uid: 1000, calling pid: 0
06-14 15:54:31.492 W/.gms.persistent(27202): Large reply transaction of 2113536 bytes, interface descriptor , code 1
06-14 15:54:31.492 D/CompatibilityChangeReporter( 2066): Compat change id reported: 319212206; UID 10100; state: ENABLED
06-14 15:54:31.493 D/CompatibilityChangeReporter( 2066): Compat change id reported: 319212206; UID 10100; state: DISABLED
06-14 15:54:31.493 I/BugleRcsEngine(32447): Connected state: [1], networkType: [WIFI] [CONTEXT thread_id=517 ]
06-14 15:54:31.494 I/BugleRcsEngine(32447): handleMessage processing message:[NOTIFY_UPTIME_IGNORE_STATE_CHANGED] with [non-null]:RcsEngineImpl reference [CONTEXT log_prefix="RcsEngineImpl[DUAL_REG]:[a751e14d-25f7]>Handler" thread_id=523 ]
06-14 15:54:31.494 D/OplusSlaNetworkManager( 2066): isPrimaryWifi:true network:144
06-14 15:54:31.494 I/NullBinder(27202): NullBinder for android.net.action.RECOMMEND_NETWORKS triggering remote TransactionTooLargeException due to Service without Chimera impl, calling uid: 1000, calling pid: 0
06-14 15:54:31.494 W/.gms.persistent(27202): Large reply transaction of 2113536 bytes, interface descriptor , code 1
06-14 15:54:31.495 I/ONet.Lan_LanConnectManager(31957): (LanConnectivityReceiver.java:10)onRssiChanged, but do not need sync to remote!
06-14 15:54:31.495 I/BugleRcsEngine(32447): Cannot use CS.apk as it's battery optimized [CONTEXT thread_id=523 ]
06-14 15:54:31.498 I/SystemUi--Statusbar( 3476): NetworkController.WifiSignalController-->handleStatusUpdated state=3 enabled=true connected=true isDefaultNetwork=true rssi=-75 level=3 wifiStandard=5 statusLabel=null isDirty=false
06-14 15:54:31.498 I/SystemUi--Statusbar( 3476): NetworkController.WifiSignalController-->handleStatusUpdated state=3 enabled=true connected=true isDefaultNetwork=true rssi=-75 level=3 wifiStandard=5 statusLabel=null isDirty=false
06-14 15:54:31.500 I/SystemUi--Statusbar( 3476): NetworkController.WifiSignalController-->handleStatusUpdated state=3 enabled=true connected=true isDefaultNetwork=true rssi=-75 level=3 wifiStandard=5 statusLabel=null isDirty=false
06-14 15:54:31.504 V/com.readdle.spark.app.l( 8893): Network state changed RSMReachabilityFlags(reachableViaWiFi=true, hasInternetConnection=true, transient=false)
06-14 15:54:31.505 D/ConnectivityService( 2066): NetReassign [no changes] [c 0] [a 1] [i 1]
06-14 15:54:31.506 I/NearbyMediums(27202): Wifi changed new SSID: "aterm-37a24a-5p"
06-14 15:54:31.506 I/NearbyMediums(27202): WifiLanConnectivityInfo is not changed, skip notify.
06-14 15:54:31.538 D/UsageStatsService( 2066): User[0] type=0 b=1781420041537 e=1781420081537 cb=1781348849473 ce=1781420071497 disk=0 all=7
06-14 15:54:31.541 D/UsageStatsService( 2066): User[0] type=0 b=1781420041539 e=1781420081539 cb=1781348849473 ce=1781420071497 disk=0 all=7
06-14 15:54:31.545 I/Osense-BaseDecisionMaker( 2066): notifySceneToAthenaPolicy: SCENE_RES_IO_PSI, bundle: Bundle[{ioLevel=3}]
06-14 15:54:31.545 I/Osense-BaseDecisionMaker( 2066): OSense not supported scene! SCENE_RES_IO_PSI
06-14 15:54:31.546 D/UsageStatsService( 2066): User[0] type=0 b=1781420041544 e=1781420081544 cb=1781348849473 ce=1781420071497 disk=0 all=7
06-14 15:54:31.550 D/UsageStatsService( 2066): User[0] type=0 b=1781420041549 e=1781420081549 cb=1781348849473 ce=1781420071497 disk=0 all=7
06-14 15:54:31.554 D/UsageStatsService( 2066): User[0] type=0 b=1781420041553 e=1781420081553 cb=1781348849473 ce=1781420071497 disk=0 all=7
06-14 15:54:31.559 D/UsageStatsService( 2066): User[0] type=0 b=1781420041557 e=1781420081557 cb=1781348849473 ce=1781420071497 disk=0 all=7
06-14 15:54:31.567 D/UsageStatsService( 2066): User[0] type=0 b=1781420041565 e=1781420081565 cb=1781348849473 ce=1781420071497 disk=0 all=7
06-14 15:54:31.572 D/UsageStatsService( 2066): User[0] type=0 b=1781420041571 e=1781420081571 cb=1781348849473 ce=1781420071497 disk=0 all=7
06-14 15:54:31.576 D/UsageStatsService( 2066): User[0] type=0 b=1781420041574 e=1781420081574 cb=1781348849473 ce=1781420071497 disk=0 all=7
06-14 15:54:31.580 D/UsageStatsService( 2066): User[0] type=0 b=1781420041578 e=1781420081578 cb=1781348849473 ce=1781420071497 disk=0 all=7
06-14 15:54:31.583 D/UsageStatsService( 2066): User[0] type=0 b=1781420041582 e=1781420081582 cb=1781348849473 ce=1781420071497 disk=0 all=7
06-14 15:54:31.586 D/UsageStatsService( 2066): User[0] type=0 b=1781420041584 e=1781420081584 cb=1781348849473 ce=1781420071497 disk=0 all=7
06-14 15:54:31.590 D/UsageStatsService( 2066): User[0] type=0 b=1781420041588 e=1781420081588 cb=1781348849473 ce=1781420071497 disk=0 all=7
06-14 15:54:31.593 D/UsageStatsService( 2066): User[0] type=0 b=1781420041591 e=1781420081591 cb=1781348849473 ce=1781420071497 disk=0 all=7
06-14 15:54:31.596 D/UsageStatsService( 2066): User[0] type=0 b=1781420041595 e=1781420081595 cb=1781348849473 ce=1781420071497 disk=0 all=7
06-14 15:54:31.599 D/UsageStatsService( 2066): User[0] type=0 b=1781420041597 e=1781420081597 cb=1781348849473 ce=1781420071497 disk=0 all=7
06-14 15:54:31.602 D/UsageStatsService( 2066): User[0] type=0 b=1781420041601 e=1781420081601 cb=1781348849473 ce=1781420071497 disk=0 all=7
06-14 15:54:31.606 D/UsageStatsService( 2066): User[0] type=0 b=1781420041605 e=1781420081605 cb=1781348849473 ce=1781420071497 disk=0 all=7
06-14 15:54:31.609 D/UsageStatsService( 2066): User[0] type=0 b=1781420041608 e=1781420081608 cb=1781348849473 ce=1781420071497 disk=0 all=7
06-14 15:54:31.614 D/UsageStatsService( 2066): User[0] type=0 b=1781420041612 e=1781420081612 cb=1781348849473 ce=1781420071497 disk=0 all=7
06-14 15:54:31.618 D/UsageStatsService( 2066): User[0] type=0 b=1781420041616 e=1781420081616 cb=1781348849473 ce=1781420071497 disk=0 all=7
06-14 15:54:31.622 D/UsageStatsService( 2066): User[0] type=0 b=1781420041620 e=1781420081620 cb=1781348849473 ce=1781420071497 disk=0 all=7
06-14 15:54:31.742 I/OplusHansManager ( 2066): uid=10487, pkg=com.instagram.barcelona F enter(), M stay=4
06-14 15:54:31.747 I/OplusHansManager ( 2066): freeze uid: 10487 com.instagram.barcelona pids: [10411] scene: LcdOn
06-14 15:54:31.749 D/IHansComunication( 6297): HANS sendMessageToKernel: threadId = 478846893232, netLinkSetup = 1, type = PKG, targetUid = 10487, pkgCmd = ADD_ONE_UID
06-14 15:54:31.752 I/OplusHansManager ( 2066): uid=10370, pkg=com.facebook.orca F enter(), M stay=4
06-14 15:54:31.758 I/OplusHansManager ( 2066): freeze uid: 10370 com.facebook.orca pids: [5961] scene: LcdOn
06-14 15:54:31.758 D/IHansComunication( 6297): HANS sendMessageToKernel: threadId = 478846893232, netLinkSetup = 1, type = PKG, targetUid = 10370, pkgCmd = ADD_ONE_UID
06-14 15:54:31.833 W/System  ( 2066): A resource failed to call HardwareBuffer.close. 
06-14 15:54:31.839 W/System  ( 2066): A resource failed to call HardwareBuffer.close. 
06-14 15:54:31.840 W/System  ( 2066): A resource failed to call HardwareBuffer.close. 
06-14 15:54:31.840 W/System  ( 2066): A resource failed to call HardwareBuffer.close. 
06-14 15:54:31.842 W/System  ( 2066): A resource failed to call HardwareBuffer.close. 
06-14 15:54:31.844 W/System  ( 2066): A resource failed to call release. 
06-14 15:54:31.888 D/UsageStatsService( 2066): User[0] type=0 b=1781420041886 e=1781420081886 cb=1781348849473 ce=1781420071497 disk=0 all=7
06-14 15:54:31.891 D/UsageStatsService( 2066): User[0] type=0 b=1781420041890 e=1781420081890 cb=1781348849473 ce=1781420071497 disk=0 all=7
06-14 15:54:31.896 D/UsageStatsService( 2066): User[0] type=0 b=1781420041894 e=1781420081894 cb=1781348849473 ce=1781420071497 disk=0 all=7
06-14 15:54:31.901 D/UsageStatsService( 2066): User[0] type=0 b=1781420041899 e=1781420081899 cb=1781348849473 ce=1781420071497 disk=0 all=7
06-14 15:54:31.906 D/UsageStatsService( 2066): User[0] type=0 b=1781420041904 e=1781420081904 cb=1781348849473 ce=1781420071497 disk=0 all=7
06-14 15:54:31.917 D/UsageStatsService( 2066): User[0] type=0 b=1781420041915 e=1781420081915 cb=1781348849473 ce=1781420071497 disk=0 all=7
06-14 15:54:31.923 D/UsageStatsService( 2066): User[0] type=0 b=1781420041920 e=1781420081920 cb=1781348849473 ce=1781420071497 disk=0 all=7
06-14 15:54:31.927 D/UsageStatsService( 2066): User[0] type=0 b=1781420041924 e=1781420081924 cb=1781348849473 ce=1781420071497 disk=0 all=7
06-14 15:54:31.930 D/UsageStatsService( 2066): User[0] type=0 b=1781420041928 e=1781420081928 cb=1781348849473 ce=1781420071497 disk=0 all=7
06-14 15:54:31.935 D/UsageStatsService( 2066): User[0] type=0 b=1781420041933 e=1781420081933 cb=1781348849473 ce=1781420071497 disk=0 all=7
06-14 15:54:31.939 D/UsageStatsService( 2066): User[0] type=0 b=1781420041937 e=1781420081937 cb=1781348849473 ce=1781420071497 disk=0 all=7
06-14 15:54:31.943 D/UsageStatsService( 2066): User[0] type=0 b=1781420041940 e=1781420081940 cb=1781348849473 ce=1781420071497 disk=0 all=7
06-14 15:54:31.947 D/UsageStatsService( 2066): User[0] type=0 b=1781420041945 e=1781420081945 cb=1781348849473 ce=1781420071497 disk=0 all=7
06-14 15:54:31.950 D/UsageStatsService( 2066): User[0] type=0 b=1781420041948 e=1781420081948 cb=1781348849473 ce=1781420071497 disk=0 all=7
06-14 15:54:31.953 D/UsageStatsService( 2066): User[0] type=0 b=1781420041951 e=1781420081951 cb=1781348849473 ce=1781420071497 disk=0 all=7
06-14 15:54:31.959 D/UsageStatsService( 2066): User[0] type=0 b=1781420041956 e=1781420081956 cb=1781348849473 ce=1781420071497 disk=0 all=7
06-14 15:54:31.962 D/UsageStatsService( 2066): User[0] type=0 b=1781420041960 e=1781420081960 cb=1781348849473 ce=1781420071497 disk=0 all=7
06-14 15:54:31.967 D/UsageStatsService( 2066): User[0] type=0 b=1781420041964 e=1781420081964 cb=1781348849473 ce=1781420071497 disk=0 all=7
06-14 15:54:31.973 D/UsageStatsService( 2066): User[0] type=0 b=1781420041971 e=1781420081971 cb=1781348849473 ce=1781420071497 disk=0 all=7
06-14 15:54:32.095 D/OplusSmartBrightnessController( 2066): handleMessage MSG_LUX_CHANGED, mLux:480.64087 luxQueue=[480.64087, 480.64087, 480.64087, 480.64087, 480.64087, 480.64087]
06-14 15:54:32.238 D/UsageStatsService( 2066): User[0] type=0 b=1781420042236 e=1781420082236 cb=1781348849473 ce=1781420071497 disk=0 all=7
06-14 15:54:32.241 D/UsageStatsService( 2066): User[0] type=0 b=1781420042239 e=1781420082239 cb=1781348849473 ce=1781420071497 disk=0 all=7
06-14 15:54:32.246 D/UsageStatsService( 2066): User[0] type=0 b=1781420042244 e=1781420082244 cb=1781348849473 ce=1781420071497 disk=0 all=7
06-14 15:54:32.250 D/UsageStatsService( 2066): User[0] type=0 b=1781420042248 e=1781420082248 cb=1781348849473 ce=1781420071497 disk=0 all=7
06-14 15:54:32.254 D/UsageStatsService( 2066): User[0] type=0 b=1781420042252 e=1781420082252 cb=1781348849473 ce=1781420071497 disk=0 all=7
06-14 15:54:32.256 D/UsageStatsService( 2066): User[0] type=0 b=1781420042255 e=1781420082255 cb=1781348849473 ce=1781420071497 disk=0 all=7
06-14 15:54:32.258 D/UsageStatsService( 2066): User[0] type=0 b=1781420042257 e=1781420082257 cb=1781348849473 ce=1781420071497 disk=0 all=7
06-14 15:54:32.268 D/UsageStatsService( 2066): User[0] type=0 b=1781420042266 e=1781420082266 cb=1781348849473 ce=1781420071497 disk=0 all=7
06-14 15:54:32.272 D/UsageStatsService( 2066): User[0] type=0 b=1781420042270 e=1781420082270 cb=1781348849473 ce=1781420071497 disk=0 all=7
06-14 15:54:32.275 D/UsageStatsService( 2066): User[0] type=0 b=1781420042274 e=1781420082274 cb=1781348849473 ce=1781420071497 disk=0 all=7
06-14 15:54:32.278 D/UsageStatsService( 2066): User[0] type=0 b=1781420042276 e=1781420082276 cb=1781348849473 ce=1781420071497 disk=0 all=7
06-14 15:54:32.283 D/UsageStatsService( 2066): User[0] type=0 b=1781420042281 e=1781420082281 cb=1781348849473 ce=1781420071497 disk=0 all=7
06-14 15:54:32.286 D/UsageStatsService( 2066): User[0] type=0 b=1781420042284 e=1781420082284 cb=1781348849473 ce=1781420071497 disk=0 all=7
06-14 15:54:32.289 D/UsageStatsService( 2066): User[0] type=0 b=1781420042287 e=1781420082287 cb=1781348849473 ce=1781420071497 disk=0 all=7
06-14 15:54:32.291 D/UsageStatsService( 2066): User[0] type=0 b=1781420042290 e=1781420082290 cb=1781348849473 ce=1781420071497 disk=0 all=7
06-14 15:54:32.294 D/UsageStatsService( 2066): User[0] type=0 b=1781420042293 e=1781420082293 cb=1781348849473 ce=1781420071497 disk=0 all=7
06-14 15:54:32.298 D/UsageStatsService( 2066): User[0] type=0 b=1781420042296 e=1781420082296 cb=1781348849473 ce=1781420071497 disk=0 all=7
06-14 15:54:32.300 D/SurfaceFlinger( 1374): captureDisplay from pid 1374 uid -1 display 4630946962717273473
06-14 15:54:32.300 D/UsageStatsService( 2066): User[0] type=0 b=1781420042299 e=1781420082299 cb=1781348849473 ce=1781420071497 disk=0 all=7
06-14 15:54:32.303 D/UsageStatsService( 2066): User[0] type=0 b=1781420042301 e=1781420082301 cb=1781348849473 ce=1781420071497 disk=0 all=7
06-14 15:54:32.306 D/UsageStatsService( 2066): User[0] type=0 b=1781420042304 e=1781420082304 cb=1781348849473 ce=1781420071497 disk=0 all=7
06-14 15:54:32.308 D/UsageStatsService( 2066): User[0] type=0 b=1781420042307 e=1781420082307 cb=1781348849473 ce=1781420071497 disk=0 all=7
06-14 15:54:32.310 D/UsageStatsService( 2066): User[0] type=0 b=1781420042309 e=1781420082309 cb=1781348849473 ce=1781420071497 disk=0 all=7
06-14 15:54:32.313 D/UsageStatsService( 2066): User[0] type=0 b=1781420042312 e=1781420082312 cb=1781348849473 ce=1781420071497 disk=0 all=7
06-14 15:54:32.317 D/UsageStatsService( 2066): User[0] type=0 b=1781420042316 e=1781420082316 cb=1781348849473 ce=1781420071497 disk=0 all=7
06-14 15:54:32.322 D/UsageStatsService( 2066): User[0] type=0 b=1781420042320 e=1781420082320 cb=1781348849473 ce=1781420071497 disk=0 all=7
06-14 15:54:32.428 I/vendor.qti.bluetooth@1.0-ibs_handler( 1200): ProcessIbsCmd: Received IBS_WAKE_IND: 0xFD
06-14 15:54:32.428 D/vendor.qti.bluetooth@1.0-ibs_handler( 1200): SerialClockVote: vote for UART CLK ON
06-14 15:54:32.429 D/vendor.qti.bluetooth@1.0-wake_lock( 1200): Acquire wakelock is acquired 
06-14 15:54:32.429 I/vendor.qti.bluetooth@1.0-ibs_handler( 1200): ProcessIbsCmd: Writing IBS_WAKE_ACK
06-14 15:54:32.431 E/adv_data_processor(17806): adv data modified, but len check fail or data invalid, stay intact
06-14 15:54:32.439 E/adv_data_processor(17806): adv data modified, but len check fail or data invalid, stay intact
06-14 15:54:32.454 D/UXUtils ( 3476): set ux flag--> setFlag = 400, old flag = 400, open = false, cal = 0
06-14 15:54:32.454 D/UXUtils ( 3476): set process top-ui: pid=3476 value=2
06-14 15:54:32.469 E/adv_data_processor(17806): adv data modified, but len check fail or data invalid, stay intact
06-14 15:54:32.499 E/adv_data_processor(17806): adv data modified, but len check fail or data invalid, stay intact
06-14 15:54:32.508 D/ConnectivityService( 2066): Returning UNBLOCKED NetworkInfo to uid=10297
06-14 15:54:32.538 I/vendor.qti.bluetooth@1.0-ibs_handler( 1200): ProcessIbsCmd: Received IBS_SLEEP_IND: 0xFE
06-14 15:54:32.539 D/vendor.qti.bluetooth@1.0-ibs_handler( 1200): SerialClockVote: vote for UART CLK OFF
06-14 15:54:32.573 D/IpClient/wlan0( 3692): interfaceLinkStateChanged: ifindex 25 up
06-14 15:54:32.585 I/Osense-BaseDecisionMaker( 2066): notifySceneToAthenaPolicy: SCENE_RES_IO_PSI, bundle: Bundle[{ioLevel=3}]
06-14 15:54:32.585 I/Osense-BaseDecisionMaker( 2066): OSense not supported scene! SCENE_RES_IO_PSI
06-14 15:54:32.588 D/UsageStatsService( 2066): User[0] type=0 b=1781420042586 e=1781420082586 cb=1781348849473 ce=1781420071497 disk=0 all=7
06-14 15:54:32.590 D/UsageStatsService( 2066): User[0] type=0 b=1781420042589 e=1781420082589 cb=1781348849473 ce=1781420071497 disk=0 all=7
06-14 15:54:32.595 D/UsageStatsService( 2066): User[0] type=0 b=1781420042594 e=1781420082594 cb=1781348849473 ce=1781420071497 disk=0 all=7
06-14 15:54:32.599 D/UsageStatsService( 2066): User[0] type=0 b=1781420042598 e=1781420082598 cb=1781348849473 ce=1781420071497 disk=0 all=7
06-14 15:54:32.603 D/UsageStatsService( 2066): User[0] type=0 b=1781420042602 e=1781420082602 cb=1781348849473 ce=1781420071497 disk=0 all=7
06-14 15:54:32.605 D/UsageStatsService( 2066): User[0] type=0 b=1781420042604 e=1781420082604 cb=1781348849473 ce=1781420071497 disk=0 all=7
06-14 15:54:32.608 D/UsageStatsService( 2066): User[0] type=0 b=1781420042607 e=1781420082607 cb=1781348849473 ce=1781420071497 disk=0 all=7
06-14 15:54:32.609 D/UsageStatsService( 2066): User[0] type=0 b=1781420042607 e=1781420082607 cb=1781348849473 ce=1781420071497 disk=0 all=7
06-14 15:54:32.616 D/UsageStatsService( 2066): User[0] type=0 b=1781420042615 e=1781420082615 cb=1781348849473 ce=1781420071497 disk=0 all=7
06-14 15:54:32.621 D/UsageStatsService( 2066): User[0] type=0 b=1781420042620 e=1781420082620 cb=1781348849473 ce=1781420071497 disk=0 all=7
06-14 15:54:32.624 D/UsageStatsService( 2066): User[0] type=0 b=1781420042623 e=1781420082623 cb=1781348849473 ce=1781420071497 disk=0 all=7
06-14 15:54:32.626 D/UsageStatsService( 2066): User[0] type=0 b=1781420042625 e=1781420082625 cb=1781348849473 ce=1781420071497 disk=0 all=7
06-14 15:54:32.630 D/UsageStatsService( 2066): User[0] type=0 b=1781420042628 e=1781420082628 cb=1781348849473 ce=1781420071497 disk=0 all=7
06-14 15:54:32.633 D/UsageStatsService( 2066): User[0] type=0 b=1781420042631 e=1781420082631 cb=1781348849473 ce=1781420071497 disk=0 all=7
06-14 15:54:32.635 D/UsageStatsService( 2066): User[0] type=0 b=1781420042634 e=1781420082634 cb=1781348849473 ce=1781420071497 disk=0 all=7
06-14 15:54:32.638 D/UsageStatsService( 2066): User[0] type=0 b=1781420042637 e=1781420082637 cb=1781348849473 ce=1781420071497 disk=0 all=7
06-14 15:54:32.641 D/UsageStatsService( 2066): User[0] type=0 b=1781420042639 e=1781420082639 cb=1781348849473 ce=1781420071497 disk=0 all=7
06-14 15:54:32.644 D/UsageStatsService( 2066): User[0] type=0 b=1781420042642 e=1781420082642 cb=1781348849473 ce=1781420071497 disk=0 all=7
06-14 15:54:32.646 D/UsageStatsService( 2066): User[0] type=0 b=1781420042644 e=1781420082644 cb=1781348849473 ce=1781420071497 disk=0 all=7
06-14 15:54:32.649 D/UsageStatsService( 2066): User[0] type=0 b=1781420042647 e=1781420082647 cb=1781348849473 ce=1781420071497 disk=0 all=7
06-14 15:54:32.652 D/UsageStatsService( 2066): User[0] type=0 b=1781420042650 e=1781420082650 cb=1781348849473 ce=1781420071497 disk=0 all=7
06-14 15:54:32.654 D/UsageStatsService( 2066): User[0] type=0 b=1781420042652 e=1781420082652 cb=1781348849473 ce=1781420071497 disk=0 all=7
06-14 15:54:32.657 D/UsageStatsService( 2066): User[0] type=0 b=1781420042656 e=1781420082656 cb=1781348849473 ce=1781420071497 disk=0 all=7
06-14 15:54:32.659 D/UsageStatsService( 2066): User[0] type=0 b=1781420042658 e=1781420082658 cb=1781348849473 ce=1781420071497 disk=0 all=7
06-14 15:54:32.662 D/UsageStatsService( 2066): User[0] type=0 b=1781420042660 e=1781420082660 cb=1781348849473 ce=1781420071497 disk=0 all=7
06-14 15:54:32.663 D/UsageStatsService( 2066): User[0] type=0 b=1781420042662 e=1781420082662 cb=1781348849473 ce=1781420071497 disk=0 all=7
06-14 15:54:32.667 D/UsageStatsService( 2066): User[0] type=0 b=1781420042666 e=1781420082666 cb=1781348849473 ce=1781420071497 disk=0 all=7
06-14 15:54:32.672 D/UsageStatsService( 2066): User[0] type=0 b=1781420042671 e=1781420082671 cb=1781348849473 ce=1781420071497 disk=0 all=7
06-14 15:54:32.689 D/vendor.qti.bluetooth@1.0-wake_lock( 1200): Release wakelock is released 
06-14 15:54:32.749 D/IHansComunication( 6297): HANS sendMessageToKernel: threadId = 478846893232, netLinkSetup = 1, type = FROZEN_TRANS, targetUid = 10487, pkgCmd = PKG_CMD_MAX
06-14 15:54:32.758 D/IHansComunication( 6297): HANS sendMessageToKernel: threadId = 478846893232, netLinkSetup = 1, type = FROZEN_TRANS, targetUid = 10370, pkgCmd = PKG_CMD_MAX
06-14 15:54:32.876 D/ShellSubscriberWorkerThread(12384): the first 8 bytes empty, and RestData length > 8 
06-14 15:54:32.878 D/OplusFeatureHDREnhanceBrightness( 2066): checkIsPlayingHDR isPlayingHDR=0 rotation=0 whiteApp=false battery=89
06-14 15:54:32.900 I/AppWidgetServiceImpl( 2066): handleNotifyUpdateAppWidget,appWidgetId: 10,packageName:com.google.android.apps.fitness
